Package,Version,URL,Status,Bloom Log,Build Log,Deb File,Installed Files
setup_files,0-2026.04.04.03.46,https://github.com/v4hn/setup_files/tree/main,success,setup_files_0-2026.04.04.03.46-bloom_generate.log,ros-one-setup-files_0-2026.04.04.03.46_amd64-2026-04-04T03:46:32Z.build,ros-one-setup-files_0-2026.04.04.03.46_amd64.deb,ros-one-setup-files_0-2026.04.04.03.46_amd64.files
ros_environment,1.3.2-5-gee6d167-2026.04.04.03.46,https://github.com/ros-o/ros_environment/tree/debian,success,ros_environment_1.3.2-5-gee6d167-2026.04.04.03.46-bloom_generate.log,ros-one-ros-environment_1.3.2-5-gee6d167-2026.04.04.03.46_amd64-2026-04-04T03:46:58Z.build,ros-one-ros-environment_1.3.2-5-gee6d167-2026.04.04.03.46_amd64.deb,ros-one-ros-environment_1.3.2-5-gee6d167-2026.04.04.03.46_amd64.files
cpp_common,0.7.3-3-gcae00b4-2026.04.04.03.49,https://github.com/ros-o/roscpp_core/tree/obese-devel,success,cpp_common_0.7.3-3-gcae00b4-2026.04.04.03.49-bloom_generate.log,ros-one-cpp-common_0.7.3-3-gcae00b4-2026.04.04.03.49_amd64-2026-04-04T03:49:12Z.build,ros-one-cpp-common_0.7.3-3-gcae00b4-2026.04.04.03.49_amd64.deb,ros-one-cpp-common_0.7.3-3-gcae00b4-2026.04.04.03.49_amd64.files
roscpp_core,0.7.3-3-gcae00b4-2026.04.04.03.49,https://github.com/ros-o/roscpp_core/tree/obese-devel,success,roscpp_core_0.7.3-3-gcae00b4-2026.04.04.03.49-bloom_generate.log,ros-one-roscpp-core_0.7.3-3-gcae00b4-2026.04.04.03.49_amd64-2026-04-04T03:49:47Z.build,ros-one-roscpp-core_0.7.3-3-gcae00b4-2026.04.04.03.49_amd64.deb,ros-one-roscpp-core_0.7.3-3-gcae00b4-2026.04.04.03.49_amd64.files
roscpp_traits,0.7.3-3-gcae00b4-2026.04.04.03.50,https://github.com/ros-o/roscpp_core/tree/obese-devel,success,roscpp_traits_0.7.3-3-gcae00b4-2026.04.04.03.50-bloom_generate.log,ros-one-roscpp-traits_0.7.3-3-gcae00b4-2026.04.04.03.50_amd64-2026-04-04T03:50:46Z.build,ros-one-roscpp-traits_0.7.3-3-gcae00b4-2026.04.04.03.50_amd64.deb,ros-one-roscpp-traits_0.7.3-3-gcae00b4-2026.04.04.03.50_amd64.files
rostime,0.7.3-3-gcae00b4-2026.04.04.03.51,https://github.com/ros-o/roscpp_core/tree/obese-devel,success,rostime_0.7.3-3-gcae00b4-2026.04.04.03.51-bloom_generate.log,ros-one-rostime_0.7.3-3-gcae00b4-2026.04.04.03.51_amd64-2026-04-04T03:51:45Z.build,ros-one-rostime_0.7.3-3-gcae00b4-2026.04.04.03.51_amd64.deb,ros-one-rostime_0.7.3-3-gcae00b4-2026.04.04.03.51_amd64.files
roscpp_serialization,0.7.3-3-gcae00b4-2026.04.04.03.52,https://github.com/ros-o/roscpp_core/tree/obese-devel,success,roscpp_serialization_0.7.3-3-gcae00b4-2026.04.04.03.52-bloom_generate.log,ros-one-roscpp-serialization_0.7.3-3-gcae00b4-2026.04.04.03.52_amd64-2026-04-04T03:52:23Z.build,ros-one-roscpp-serialization_0.7.3-3-gcae00b4-2026.04.04.03.52_amd64.deb,ros-one-roscpp-serialization_0.7.3-3-gcae00b4-2026.04.04.03.52_amd64.files
ivcon,0.1.7-2-g5c97b19-2026.04.04.03.49,https://github.com/ros/ivcon/tree/melodic-devel,success,ivcon_0.1.7-2-g5c97b19-2026.04.04.03.49-bloom_generate.log,ros-one-ivcon_0.1.7-2-g5c97b19-2026.04.04.03.49_amd64-2026-04-04T03:49:13Z.build,ros-one-ivcon_0.1.7-2-g5c97b19-2026.04.04.03.49_amd64.deb,ros-one-ivcon_0.1.7-2-g5c97b19-2026.04.04.03.49_amd64.files
mavlink,2025.9.9-1-2026.04.04.03.49,https://github.com/mavlink/mavlink-gbp-release/tree/release/noetic/mavlink,success,mavlink_2025.9.9-1-2026.04.04.03.49-bloom_generate.log,ros-one-mavlink_2025.9.9-1-2026.04.04.03.49_amd64-2026-04-04T03:49:47Z.build,ros-one-mavlink_2025.9.9-1-2026.04.04.03.49_amd64.deb,ros-one-mavlink_2025.9.9-1-2026.04.04.03.49_amd64.files
pybind11_catkin,3.0.0-2026.04.04.03.50,https://github.com/ros-o/pybind11_catkin/tree/master,success,pybind11_catkin_3.0.0-2026.04.04.03.50-bloom_generate.log,ros-one-pybind11-catkin_3.0.0-2026.04.04.03.50_amd64-2026-04-04T03:50:33Z.build,ros-one-pybind11-catkin_3.0.0-2026.04.04.03.50_amd64.deb,ros-one-pybind11-catkin_3.0.0-2026.04.04.03.50_amd64.files
qwt_dependency,1.1.1-2-g91d8aee-2026.04.04.03.51,https://github.com/ros-visualization/qwt_dependency/tree/kinetic-devel,success,qwt_dependency_1.1.1-2-g91d8aee-2026.04.04.03.51-bloom_generate.log,ros-one-qwt-dependency_1.1.1-2-g91d8aee-2026.04.04.03.51_amd64-2026-04-04T03:51:04Z.build,ros-one-qwt-dependency_1.1.1-2-g91d8aee-2026.04.04.03.51_amd64.deb,ros-one-qwt-dependency_1.1.1-2-g91d8aee-2026.04.04.03.51_amd64.files
rosbag_migration_rule,1.0.1-1-g2269b62-2026.04.04.03.51,https://github.com/ros/rosbag_migration_rule/tree/master,success,rosbag_migration_rule_1.0.1-1-g2269b62-2026.04.04.03.51-bloom_generate.log,ros-one-rosbag-migration-rule_1.0.1-1-g2269b62-2026.04.04.03.51_amd64-2026-04-04T03:51:34Z.build,ros-one-rosbag-migration-rule_1.0.1-1-g2269b62-2026.04.04.03.51_amd64.deb,ros-one-rosbag-migration-rule_1.0.1-1-g2269b62-2026.04.04.03.51_amd64.files
apriltag,3.4.5-35-g3057666-2026.04.04.03.49,https://github.com/AprilRobotics/apriltag/tree/master,success,apriltag_3.4.5-35-g3057666-2026.04.04.03.49-bloom_generate.log,ros-one-apriltag_3.4.5-35-g3057666-2026.04.04.03.49_amd64-2026-04-04T03:49:20Z.build,ros-one-apriltag_3.4.5-35-g3057666-2026.04.04.03.49_amd64.deb,ros-one-apriltag_3.4.5-35-g3057666-2026.04.04.03.49_amd64.files
librealsense2,2.54.2-7-ga359010b3-2026.04.04.03.49,https://github.com/ros-o/librealsense/tree/master,success,librealsense2_2.54.2-7-ga359010b3-2026.04.04.03.49-bloom_generate.log,ros-one-librealsense2_2.54.2-7-ga359010b3-2026.04.04.03.49_amd64-2026-04-04T03:50:07Z.build,ros-one-librealsense2_2.54.2-7-ga359010b3-2026.04.04.03.49_amd64.deb,ros-one-librealsense2_2.54.2-7-ga359010b3-2026.04.04.03.49_amd64.files
openslam_gmapping,0.2.1-17-g5105476-2026.04.04.04.02,https://github.com/ros-perception/openslam_gmapping/tree/melodic-devel,success,openslam_gmapping_0.2.1-17-g5105476-2026.04.04.04.02-bloom_generate.log,ros-one-openslam-gmapping_0.2.1-17-g5105476-2026.04.04.04.02_amd64-2026-04-04T04:02:07Z.build,ros-one-openslam-gmapping_0.2.1-17-g5105476-2026.04.04.04.02_amd64.deb,ros-one-openslam-gmapping_0.2.1-17-g5105476-2026.04.04.04.02_amd64.files
prosilica_gige_sdk,1.26.3-2026.04.04.04.02,https://github.com/ros-drivers/prosilica_gige_sdk/tree/hydro-devel,success,prosilica_gige_sdk_1.26.3-2026.04.04.04.02-bloom_generate.log,ros-one-prosilica-gige-sdk_1.26.3-2026.04.04.04.02_amd64-2026-04-04T04:02:56Z.build,ros-one-prosilica-gige-sdk_1.26.3-2026.04.04.04.02_amd64.deb,ros-one-prosilica-gige-sdk_1.26.3-2026.04.04.04.02_amd64.files
ruckig,0.15.3-4-g4e15d8a-2026.04.04.04.03,https://github.com/pantor/ruckig/tree/HEAD,success,ruckig_0.15.3-4-g4e15d8a-2026.04.04.04.03-bloom_generate.log,ros-one-ruckig_0.15.3-4-g4e15d8a-2026.04.04.04.03_amd64-2026-04-04T04:03:31Z.build,ros-one-ruckig_0.15.3-4-g4e15d8a-2026.04.04.04.03_amd64.deb,ros-one-ruckig_0.15.3-4-g4e15d8a-2026.04.04.04.03_amd64.files
genmsg,0.5.16-1-g7d8b6ce-2026.04.04.03.49,https://github.com/ros/genmsg/tree/kinetic-devel,success,genmsg_0.5.16-1-g7d8b6ce-2026.04.04.03.49-bloom_generate.log,ros-one-genmsg_0.5.16-1-g7d8b6ce-2026.04.04.03.49_amd64-2026-04-04T03:49:02Z.build,ros-one-genmsg_0.5.16-1-g7d8b6ce-2026.04.04.03.49_amd64.deb,ros-one-genmsg_0.5.16-1-g7d8b6ce-2026.04.04.03.49_amd64.files
libg2o,2020.5.3-2026.04.04.03.49,https://github.com/ros-gbp/libg2o-release/tree/HEAD,success,libg2o_2020.5.3-2026.04.04.03.49-bloom_generate.log,ros-one-libg2o_2020.5.3-2026.04.04.03.49_amd64-2026-04-04T03:49:31Z.build,ros-one-libg2o_2020.5.3-2026.04.04.03.49_amd64.deb,ros-one-libg2o_2020.5.3-2026.04.04.03.49_amd64.files
libnabo,1.1.2-4-g0ce6ecb-2026.04.04.04.00,https://github.com/ethz-asl/libnabo/tree/master,success,libnabo_1.1.2-4-g0ce6ecb-2026.04.04.04.00-bloom_generate.log,ros-one-libnabo_1.1.2-4-g0ce6ecb-2026.04.04.04.00_amd64-2026-04-04T04:00:11Z.build,ros-one-libnabo_1.1.2-4-g0ce6ecb-2026.04.04.04.00_amd64.deb,ros-one-libnabo_1.1.2-4-g0ce6ecb-2026.04.04.04.00_amd64.files
random_numbers,0.3.3-1-g51f6043-2026.04.04.04.01,https://github.com/moveit/random_numbers/tree/master,success,random_numbers_0.3.3-1-g51f6043-2026.04.04.04.01-bloom_generate.log,ros-one-random-numbers_0.3.3-1-g51f6043-2026.04.04.04.01_amd64-2026-04-04T04:01:07Z.build,ros-one-random-numbers_0.3.3-1-g51f6043-2026.04.04.04.01_amd64.deb,ros-one-random-numbers_0.3.3-1-g51f6043-2026.04.04.04.01_amd64.files
urg_c,1.0.405-1-gbbe007f-2026.04.04.04.01,https://github.com/ros-drivers/urg_c/tree/master,success,urg_c_1.0.405-1-gbbe007f-2026.04.04.04.01-bloom_generate.log,ros-one-urg-c_1.0.405-1-gbbe007f-2026.04.04.04.01_amd64-2026-04-04T04:01:54Z.build,ros-one-urg-c_1.0.405-1-gbbe007f-2026.04.04.04.01_amd64.deb,ros-one-urg-c_1.0.405-1-gbbe007f-2026.04.04.04.01_amd64.files
cmake_modules,0.5.2-1-g1dc8014-2026.04.04.03.49,https://github.com/ros/cmake_modules/tree/0.5-devel,success,cmake_modules_0.5.2-1-g1dc8014-2026.04.04.03.49-bloom_generate.log,ros-one-cmake-modules_0.5.2-1-g1dc8014-2026.04.04.03.49_amd64-2026-04-04T03:49:11Z.build,ros-one-cmake-modules_0.5.2-1-g1dc8014-2026.04.04.03.49_amd64.deb,ros-one-cmake-modules_0.5.2-1-g1dc8014-2026.04.04.03.49_amd64.files
franka_lock_unlock,0-2026.04.04.03.49,https://github.com/jk-ethz/franka_lock_unlock/tree/ros1,success,franka_lock_unlock_0-2026.04.04.03.49-bloom_generate.log,ros-one-franka-lock-unlock_0-2026.04.04.03.49_amd64-2026-04-04T03:49:41Z.build,ros-one-franka-lock-unlock_0-2026.04.04.03.49_amd64.deb,ros-one-franka-lock-unlock_0-2026.04.04.03.49_amd64.files
roslint,0.12.0-4-gac02636-2026.04.04.03.50,https://github.com/ros/roslint/tree/master,success,roslint_0.12.0-4-gac02636-2026.04.04.03.50-bloom_generate.log,ros-one-roslint_0.12.0-4-gac02636-2026.04.04.03.50_amd64-2026-04-04T03:50:11Z.build,ros-one-roslint_0.12.0-4-gac02636-2026.04.04.03.50_amd64.deb,ros-one-roslint_0.12.0-4-gac02636-2026.04.04.03.50_amd64.files
tams_execute,0-2026.04.04.03.50,https://github.com/TAMS-Group/tams_execute/tree/main,success,tams_execute_0-2026.04.04.03.50-bloom_generate.log,ros-one-tams-execute_0-2026.04.04.03.50_amd64-2026-04-04T03:50:42Z.build,ros-one-tams-execute_0-2026.04.04.03.50_amd64.deb,ros-one-tams-execute_0-2026.04.04.03.50_amd64.files
urdfdom_headers,2.1.0-5-g2e953cb-2026.04.04.03.51,https://github.com/ros/urdfdom_headers/tree/rolling,success,urdfdom_headers_2.1.0-5-g2e953cb-2026.04.04.03.51-bloom_generate.log,ros-one-urdfdom-headers_2.1.0-5-g2e953cb-2026.04.04.03.51_amd64-2026-04-04T03:51:12Z.build,ros-one-urdfdom-headers_2.1.0-5-g2e953cb-2026.04.04.03.51_amd64.deb,ros-one-urdfdom-headers_2.1.0-5-g2e953cb-2026.04.04.03.51_amd64.files
baldor,0.1.3-3-g10fabc5-2026.04.04.03.49,https://github.com/crigroup/baldor/tree/master,success,baldor_0.1.3-3-g10fabc5-2026.04.04.03.49-bloom_generate.log,ros-one-baldor_0.1.3-3-g10fabc5-2026.04.04.03.49_amd64-2026-04-04T03:49:04Z.build,ros-one-baldor_0.1.3-3-g10fabc5-2026.04.04.03.49_amd64.deb,ros-one-baldor_0.1.3-3-g10fabc5-2026.04.04.03.49_amd64.files
code_coverage,0.4.4-5-g7c273b3-2026.04.04.03.49,https://github.com/mikeferguson/code_coverage/tree/master,success,code_coverage_0.4.4-5-g7c273b3-2026.04.04.03.49-bloom_generate.log,ros-one-code-coverage_0.4.4-5-g7c273b3-2026.04.04.03.49_amd64-2026-04-04T03:49:33Z.build,ros-one-code-coverage_0.4.4-5-g7c273b3-2026.04.04.03.49_amd64.deb,ros-one-code-coverage_0.4.4-5-g7c273b3-2026.04.04.03.49_amd64.files
magic_enum,0.9.7-45-g7d87efb-2026.04.04.03.50,https://github.com/Neargye/magic_enum/tree/master,success,magic_enum_0.9.7-45-g7d87efb-2026.04.04.03.50-bloom_generate.log,ros-one-magic-enum_0.9.7-45-g7d87efb-2026.04.04.03.50_amd64-2026-04-04T03:50:03Z.build,ros-one-magic-enum_0.9.7-45-g7d87efb-2026.04.04.03.50_amd64.deb,ros-one-magic-enum_0.9.7-45-g7d87efb-2026.04.04.03.50_amd64.files
stage,4.3.0-17-g2d2e0724-2026.04.04.03.53,https://github.com/ros-o/Stage/tree/obese-devel,success,stage_4.3.0-17-g2d2e0724-2026.04.04.03.53-bloom_generate.log,ros-one-stage_4.3.0-17-g2d2e0724-2026.04.04.03.53_amd64-2026-04-04T03:53:18Z.build,ros-one-stage_4.3.0-17-g2d2e0724-2026.04.04.03.53_amd64.deb,ros-one-stage_4.3.0-17-g2d2e0724-2026.04.04.03.53_amd64.files
webkit_dependency,1.1.2-2026.04.04.03.54,https://github.com/ros-visualization/webkit_dependency/tree/kinetic-devel,success,webkit_dependency_1.1.2-2026.04.04.03.54-bloom_generate.log,ros-one-webkit-dependency_1.1.2-2026.04.04.03.54_amd64-2026-04-04T03:54:31Z.build,ros-one-webkit-dependency_1.1.2-2026.04.04.03.54_amd64.deb,ros-one-webkit-dependency_1.1.2-2026.04.04.03.54_amd64.files
convex_decomposition,0.1.12-3-gb722eb5-2026.04.04.03.49,https://github.com/ros/convex_decomposition/tree/melodic-devel,success,convex_decomposition_0.1.12-3-gb722eb5-2026.04.04.03.49-bloom_generate.log,ros-one-convex-decomposition_0.1.12-3-gb722eb5-2026.04.04.03.49_amd64-2026-04-04T03:49:10Z.build,ros-one-convex-decomposition_0.1.12-3-gb722eb5-2026.04.04.03.49_amd64.deb,ros-one-convex-decomposition_0.1.12-3-gb722eb5-2026.04.04.03.49_amd64.files
gl_dependency,1.1.2-1-g337fcfc-2026.04.04.03.49,https://github.com/ros-visualization/gl_dependency/tree/kinetic-devel,success,gl_dependency_1.1.2-1-g337fcfc-2026.04.04.03.49-bloom_generate.log,ros-one-gl-dependency_1.1.2-1-g337fcfc-2026.04.04.03.49_amd64-2026-04-04T03:49:43Z.build,ros-one-gl-dependency_1.1.2-1-g337fcfc-2026.04.04.03.49_amd64.deb,ros-one-gl-dependency_1.1.2-1-g337fcfc-2026.04.04.03.49_amd64.files
jrl_cmakemodules,1.1.2-39-gce48353-2026.04.04.03.50,https://github.com/jrl-umi3218/jrl-cmakemodules/tree/master,success,jrl_cmakemodules_1.1.2-39-gce48353-2026.04.04.03.50-bloom_generate.log,ros-one-jrl-cmakemodules_1.1.2-39-gce48353-2026.04.04.03.50_amd64-2026-04-04T03:50:14Z.build,ros-one-jrl-cmakemodules_1.1.2-39-gce48353-2026.04.04.03.50_amd64.deb,ros-one-jrl-cmakemodules_1.1.2-39-gce48353-2026.04.04.03.50_amd64.files
media_export,0.3.0-2026.04.04.03.50,https://github.com/ros/media_export/tree/kinetic-devel,success,media_export_0.3.0-2026.04.04.03.50-bloom_generate.log,ros-one-media-export_0.3.0-2026.04.04.03.50_amd64-2026-04-04T03:50:52Z.build,ros-one-media-export_0.3.0-2026.04.04.03.50_amd64.deb,ros-one-media-export_0.3.0-2026.04.04.03.50_amd64.files
ros_industrial_cmake_boilerplate,0.7.4-2026.04.04.03.51,https://github.com/ros-industrial/ros_industrial_cmake_boilerplate/tree/master,success,ros_industrial_cmake_boilerplate_0.7.4-2026.04.04.03.51-bloom_generate.log,ros-one-ros-industrial-cmake-boilerplate_0.7.4-2026.04.04.03.51_amd64-2026-04-04T03:51:23Z.build,ros-one-ros-industrial-cmake-boilerplate_0.7.4-2026.04.04.03.51_amd64.deb,ros-one-ros-industrial-cmake-boilerplate_0.7.4-2026.04.04.03.51_amd64.files
eml,0-2026.04.04.03.49,https://github.com/ros-o/eml/tree/main,success,eml_0-2026.04.04.03.49-bloom_generate.log,ros-one-eml_0-2026.04.04.03.49_amd64-2026-04-04T03:49:03Z.build,ros-one-eml_0-2026.04.04.03.49_amd64.deb,ros-one-eml_0-2026.04.04.03.49_amd64.files
serial,1.2.1-41-g69e0372-2026.04.04.03.49,https://github.com/wjwwood/serial/tree/main,success,serial_1.2.1-41-g69e0372-2026.04.04.03.49-bloom_generate.log,ros-one-serial_1.2.1-41-g69e0372-2026.04.04.03.49_amd64-2026-04-04T03:49:31Z.build,ros-one-serial_1.2.1-41-g69e0372-2026.04.04.03.49_amd64.deb,ros-one-serial_1.2.1-41-g69e0372-2026.04.04.03.49_amd64.files
soem,1.4.1003-1-g988013c-2026.04.04.03.50,https://github.com/mgruhler/soem/tree/melodic,success,soem_1.4.1003-1-g988013c-2026.04.04.03.50-bloom_generate.log,ros-one-soem_1.4.1003-1-g988013c-2026.04.04.03.50_amd64-2026-04-04T03:50:04Z.build,ros-one-soem_1.4.1003-1-g988013c-2026.04.04.03.50_amd64.deb,ros-one-soem_1.4.1003-1-g988013c-2026.04.04.03.50_amd64.files
ur_client_library,2.9.0-4-g343e5ca-2026.04.04.03.50,https://github.com/UniversalRobots/Universal_Robots_Client_Library/tree/master,success,ur_client_library_2.9.0-4-g343e5ca-2026.04.04.03.50-bloom_generate.log,ros-one-ur-client-library_2.9.0-4-g343e5ca-2026.04.04.03.50_amd64-2026-04-04T03:50:37Z.build,ros-one-ur-client-library_2.9.0-4-g343e5ca-2026.04.04.03.50_amd64.deb,ros-one-ur-client-library_2.9.0-4-g343e5ca-2026.04.04.03.50_amd64.files
gtsam,4.2.0-ros-4042-gf566096e2-2026.04.04.03.49,https://github.com/ros-o/gtsam/tree/add-missing-boost-depends,success,gtsam_4.2.0-ros-4042-gf566096e2-2026.04.04.03.49-bloom_generate.log,ros-one-gtsam_4.2.0-ros-4042-gf566096e2-2026.04.04.03.49_amd64-2026-04-04T03:49:26Z.build,ros-one-gtsam_4.2.0-ros-4042-gf566096e2-2026.04.04.03.49_amd64.deb,ros-one-gtsam_4.2.0-ros-4042-gf566096e2-2026.04.04.03.49_amd64.files
ompl,1.7.0-95-g7da33b39-2026.04.04.03.49,https://github.com/v4hn/ompl/tree/pr-boost-without-python,success,ompl_1.7.0-95-g7da33b39-2026.04.04.03.49-bloom_generate.log,ros-one-ompl_1.7.0-95-g7da33b39-2026.04.04.03.49_amd64-2026-04-04T03:49:30Z.build,ros-one-ompl_1.7.0-95-g7da33b39-2026.04.04.03.49_amd64.deb,ros-one-ompl_1.7.0-95-g7da33b39-2026.04.04.03.49_amd64.files
geneus,3.0.0-2026.04.04.04.13,https://github.com/jsk-ros-pkg/geneus/tree/master,success,geneus_3.0.0-2026.04.04.04.13-bloom_generate.log,ros-one-geneus_3.0.0-2026.04.04.04.13_amd64-2026-04-04T04:14:01Z.build,ros-one-geneus_3.0.0-2026.04.04.04.13_amd64.deb,ros-one-geneus_3.0.0-2026.04.04.04.13_amd64.files
genpy,0.6.18-2-g028344d-2026.04.04.04.14,https://github.com/ros-o/genpy/tree/obese-devel,success,genpy_0.6.18-2-g028344d-2026.04.04.04.14-bloom_generate.log,ros-one-genpy_0.6.18-2-g028344d-2026.04.04.04.14_amd64-2026-04-04T04:14:52Z.build,ros-one-genpy_0.6.18-2-g028344d-2026.04.04.04.14_amd64.deb,ros-one-genpy_0.6.18-2-g028344d-2026.04.04.04.14_amd64.files
genlisp,0.4.18-2026.04.04.04.13,https://github.com/ros/genlisp/tree/kinetic-devel,success,genlisp_0.4.18-2026.04.04.04.13-bloom_generate.log,ros-one-genlisp_0.4.18-2026.04.04.04.13_amd64-2026-04-04T04:13:59Z.build,ros-one-genlisp_0.4.18-2026.04.04.04.13_amd64.deb,ros-one-genlisp_0.4.18-2026.04.04.04.13_amd64.files
gennodejs,2.0.1-8-g19d224c-2026.04.04.04.14,https://github.com/RethinkRobotics-opensource/gennodejs/tree/kinetic-devel,success,gennodejs_2.0.1-8-g19d224c-2026.04.04.04.14-bloom_generate.log,ros-one-gennodejs_2.0.1-8-g19d224c-2026.04.04.04.14_amd64-2026-04-04T04:14:52Z.build,ros-one-gennodejs_2.0.1-8-g19d224c-2026.04.04.04.14_amd64.deb,ros-one-gennodejs_2.0.1-8-g19d224c-2026.04.04.04.14_amd64.files
libpointmatcher,1.4.4-3-gc44ce31-2026.04.04.04.13,https://github.com/norlab-ulaval/libpointmatcher/tree/master,success,libpointmatcher_1.4.4-3-gc44ce31-2026.04.04.04.13-bloom_generate.log,ros-one-libpointmatcher_1.4.4-3-gc44ce31-2026.04.04.04.13_amd64-2026-04-04T04:14:01Z.build,ros-one-libpointmatcher_1.4.4-3-gc44ce31-2026.04.04.04.13_amd64.deb,ros-one-libpointmatcher_1.4.4-3-gc44ce31-2026.04.04.04.13_amd64.files
rospack,2.6.4-1-gfd4d6fd-2026.04.04.04.23,https://github.com/ros/rospack/tree/noetic-devel,success,rospack_2.6.4-1-gfd4d6fd-2026.04.04.04.23-bloom_generate.log,ros-one-rospack_2.6.4-1-gfd4d6fd-2026.04.04.04.23_amd64-2026-04-04T04:23:05Z.build,ros-one-rospack_2.6.4-1-gfd4d6fd-2026.04.04.04.23_amd64.deb,ros-one-rospack_2.6.4-1-gfd4d6fd-2026.04.04.04.23_amd64.files
opw_kinematics,0.5.2-1-g7b9d56e-2026.04.04.04.14,https://github.com/Jmeyer1292/opw_kinematics/tree/master,success,opw_kinematics_0.5.2-1-g7b9d56e-2026.04.04.04.14-bloom_generate.log,ros-one-opw-kinematics_0.5.2-1-g7b9d56e-2026.04.04.04.14_amd64-2026-04-04T04:14:06Z.build,ros-one-opw-kinematics_0.5.2-1-g7b9d56e-2026.04.04.04.14_amd64.deb,ros-one-opw-kinematics_0.5.2-1-g7b9d56e-2026.04.04.04.14_amd64.files
urdfdom,5.1.0-4-gbd4d695-2026.04.04.04.13,https://github.com/ros/urdfdom/tree/rolling,success,urdfdom_5.1.0-4-gbd4d695-2026.04.04.04.13-bloom_generate.log,ros-one-urdfdom_5.1.0-4-gbd4d695-2026.04.04.04.13_amd64-2026-04-04T04:13:49Z.build,ros-one-urdfdom_5.1.0-4-gbd4d695-2026.04.04.04.13_amd64.deb,ros-one-urdfdom_5.1.0-4-gbd4d695-2026.04.04.04.13_amd64.files
class_loader,0.5.0-6-g9f3288d-2026.04.04.04.14,https://github.com/ros-o/class_loader/tree/obese-devel,success,class_loader_0.5.0-6-g9f3288d-2026.04.04.04.14-bloom_generate.log,ros-one-class-loader_0.5.0-6-g9f3288d-2026.04.04.04.14_amd64-2026-04-04T04:14:04Z.build,ros-one-class-loader_0.5.0-6-g9f3288d-2026.04.04.04.14_amd64.deb,ros-one-class-loader_0.5.0-6-g9f3288d-2026.04.04.04.14_amd64.files
eigen_stl_containers,0.1.8-2-gd2a41f0-2026.04.04.04.13,https://github.com/ros/eigen_stl_containers/tree/master,success,eigen_stl_containers_0.1.8-2-gd2a41f0-2026.04.04.04.13-bloom_generate.log,ros-one-eigen-stl-containers_0.1.8-2-gd2a41f0-2026.04.04.04.13_amd64-2026-04-04T04:14:01Z.build,ros-one-eigen-stl-containers_0.1.8-2-gd2a41f0-2026.04.04.04.13_amd64.deb,ros-one-eigen-stl-containers_0.1.8-2-gd2a41f0-2026.04.04.04.13_amd64.files
rosdoc_lite,0.2.11-2-gddd0835-2026.04.04.04.13,https://github.com/ros-infrastructure/rosdoc_lite/tree/master,success,rosdoc_lite_0.2.11-2-gddd0835-2026.04.04.04.13-bloom_generate.log,ros-one-rosdoc-lite_0.2.11-2-gddd0835-2026.04.04.04.13_amd64-2026-04-04T04:13:49Z.build,ros-one-rosdoc-lite_0.2.11-2-gddd0835-2026.04.04.04.13_amd64.deb,ros-one-rosdoc-lite_0.2.11-2-gddd0835-2026.04.04.04.13_amd64.files
gencpp,0.7.2-2026.04.04.04.13,https://github.com/ros-o/gencpp/tree/obese-devel,success,gencpp_0.7.2-2026.04.04.04.13-bloom_generate.log,ros-one-gencpp_0.7.2-2026.04.04.04.13_amd64-2026-04-04T04:14:01Z.build,ros-one-gencpp_0.7.2-2026.04.04.04.13_amd64.deb,ros-one-gencpp_0.7.2-2026.04.04.04.13_amd64.files
eigenpy,3.12.0-144-gab5b089-2026.04.04.04.14,https://github.com/stack-of-tasks/eigenpy/tree/devel,success,eigenpy_3.12.0-144-gab5b089-2026.04.04.04.14-bloom_generate.log,ros-one-eigenpy_3.12.0-144-gab5b089-2026.04.04.04.14_amd64-2026-04-04T04:14:05Z.build,ros-one-eigenpy_3.12.0-144-gab5b089-2026.04.04.04.14_amd64.deb,ros-one-eigenpy_3.12.0-144-gab5b089-2026.04.04.04.14_amd64.files
genmypy,0.3.2-1-g931ff39-2026.04.04.04.36,https://github.com/rospypi/genmypy/tree/master,success,genmypy_0.3.2-1-g931ff39-2026.04.04.04.36-bloom_generate.log,ros-one-genmypy_0.3.2-1-g931ff39-2026.04.04.04.36_amd64-2026-04-04T04:36:18Z.build,ros-one-genmypy_0.3.2-1-g931ff39-2026.04.04.04.36_amd64.deb,ros-one-genmypy_0.3.2-1-g931ff39-2026.04.04.04.36_amd64.files
message_runtime,0.4.13-2026.04.04.04.36,https://github.com/ros/message_runtime/tree/kinetic-devel,success,message_runtime_0.4.13-2026.04.04.04.36-bloom_generate.log,ros-one-message-runtime_0.4.13-2026.04.04.04.36_amd64-2026-04-04T04:37:02Z.build,ros-one-message-runtime_0.4.13-2026.04.04.04.36_amd64.deb,ros-one-message-runtime_0.4.13-2026.04.04.04.36_amd64.files
message_generation,0.4.1-2026.04.04.04.36,https://github.com/ros/message_generation/tree/kinetic-devel,success,message_generation_0.4.1-2026.04.04.04.36-bloom_generate.log,ros-one-message-generation_0.4.1-2026.04.04.04.36_amd64-2026-04-04T04:36:30Z.build,ros-one-message-generation_0.4.1-2026.04.04.04.36_amd64.deb,ros-one-message-generation_0.4.1-2026.04.04.04.36_amd64.files
hpp-fcl,2.4.5-2026.04.04.04.36,https://github.com/humanoid-path-planner/hpp-fcl/tree/HEAD,success,hpp-fcl_2.4.5-2026.04.04.04.36-bloom_generate.log,ros-one-hpp-fcl_2.4.5-2026.04.04.04.36_amd64-2026-04-04T04:36:30Z.build,ros-one-hpp-fcl_2.4.5-2026.04.04.04.36_amd64.deb,ros-one-hpp-fcl_2.4.5-2026.04.04.04.36_amd64.files
mk,1.15.10-1-g99fd9bb7-2026.04.04.04.44,https://github.com/ros/ros/tree/noetic-devel,success,mk_1.15.10-1-g99fd9bb7-2026.04.04.04.44-bloom_generate.log,ros-one-mk_1.15.10-1-g99fd9bb7-2026.04.04.04.44_amd64-2026-04-04T04:44:04Z.build,ros-one-mk_1.15.10-1-g99fd9bb7-2026.04.04.04.44_amd64.deb,ros-one-mk_1.15.10-1-g99fd9bb7-2026.04.04.04.44_amd64.files
ros,1.15.10-1-g99fd9bb7-2026.04.04.04.45,https://github.com/ros/ros/tree/noetic-devel,success,ros_1.15.10-1-g99fd9bb7-2026.04.04.04.45-bloom_generate.log,ros-one-ros_1.15.10-1-g99fd9bb7-2026.04.04.04.45_amd64-2026-04-04T04:45:04Z.build,ros-one-ros_1.15.10-1-g99fd9bb7-2026.04.04.04.45_amd64.deb,ros-one-ros_1.15.10-1-g99fd9bb7-2026.04.04.04.45_amd64.files
rosbash,1.15.10-1-g99fd9bb7-2026.04.04.04.46,https://github.com/ros/ros/tree/noetic-devel,success,rosbash_1.15.10-1-g99fd9bb7-2026.04.04.04.46-bloom_generate.log,ros-one-rosbash_1.15.10-1-g99fd9bb7-2026.04.04.04.46_amd64-2026-04-04T04:46:04Z.build,ros-one-rosbash_1.15.10-1-g99fd9bb7-2026.04.04.04.46_amd64.deb,ros-one-rosbash_1.15.10-1-g99fd9bb7-2026.04.04.04.46_amd64.files
rosboost_cfg,1.15.10-1-g99fd9bb7-2026.04.04.04.47,https://github.com/ros/ros/tree/noetic-devel,success,rosboost_cfg_1.15.10-1-g99fd9bb7-2026.04.04.04.47-bloom_generate.log,ros-one-rosboost-cfg_1.15.10-1-g99fd9bb7-2026.04.04.04.47_amd64-2026-04-04T04:47:05Z.build,ros-one-rosboost-cfg_1.15.10-1-g99fd9bb7-2026.04.04.04.47_amd64.deb,ros-one-rosboost-cfg_1.15.10-1-g99fd9bb7-2026.04.04.04.47_amd64.files
rosbuild,1.15.10-1-g99fd9bb7-2026.04.04.04.48,https://github.com/ros/ros/tree/noetic-devel,success,rosbuild_1.15.10-1-g99fd9bb7-2026.04.04.04.48-bloom_generate.log,ros-one-rosbuild_1.15.10-1-g99fd9bb7-2026.04.04.04.48_amd64-2026-04-04T04:48:07Z.build,ros-one-rosbuild_1.15.10-1-g99fd9bb7-2026.04.04.04.48_amd64.deb,ros-one-rosbuild_1.15.10-1-g99fd9bb7-2026.04.04.04.48_amd64.files
rosclean,1.15.10-1-g99fd9bb7-2026.04.04.04.49,https://github.com/ros/ros/tree/noetic-devel,success,rosclean_1.15.10-1-g99fd9bb7-2026.04.04.04.49-bloom_generate.log,ros-one-rosclean_1.15.10-1-g99fd9bb7-2026.04.04.04.49_amd64-2026-04-04T04:49:08Z.build,ros-one-rosclean_1.15.10-1-g99fd9bb7-2026.04.04.04.49_amd64.deb,ros-one-rosclean_1.15.10-1-g99fd9bb7-2026.04.04.04.49_amd64.files
roscreate,1.15.10-1-g99fd9bb7-2026.04.04.04.50,https://github.com/ros/ros/tree/noetic-devel,success,roscreate_1.15.10-1-g99fd9bb7-2026.04.04.04.50-bloom_generate.log,ros-one-roscreate_1.15.10-1-g99fd9bb7-2026.04.04.04.50_amd64-2026-04-04T04:50:11Z.build,ros-one-roscreate_1.15.10-1-g99fd9bb7-2026.04.04.04.50_amd64.deb,ros-one-roscreate_1.15.10-1-g99fd9bb7-2026.04.04.04.50_amd64.files
roslang,1.15.10-1-g99fd9bb7-2026.04.04.04.51,https://github.com/ros/ros/tree/noetic-devel,success,roslang_1.15.10-1-g99fd9bb7-2026.04.04.04.51-bloom_generate.log,ros-one-roslang_1.15.10-1-g99fd9bb7-2026.04.04.04.51_amd64-2026-04-04T04:51:14Z.build,ros-one-roslang_1.15.10-1-g99fd9bb7-2026.04.04.04.51_amd64.deb,ros-one-roslang_1.15.10-1-g99fd9bb7-2026.04.04.04.51_amd64.files
rosmake,1.15.10-1-g99fd9bb7-2026.04.04.04.52,https://github.com/ros/ros/tree/noetic-devel,success,rosmake_1.15.10-1-g99fd9bb7-2026.04.04.04.52-bloom_generate.log,ros-one-rosmake_1.15.10-1-g99fd9bb7-2026.04.04.04.52_amd64-2026-04-04T04:52:16Z.build,ros-one-rosmake_1.15.10-1-g99fd9bb7-2026.04.04.04.52_amd64.deb,ros-one-rosmake_1.15.10-1-g99fd9bb7-2026.04.04.04.52_amd64.files
roslib,1.15.10-1-g99fd9bb7-2026.04.04.04.53,https://github.com/ros/ros/tree/noetic-devel,success,roslib_1.15.10-1-g99fd9bb7-2026.04.04.04.53-bloom_generate.log,ros-one-roslib_1.15.10-1-g99fd9bb7-2026.04.04.04.53_amd64-2026-04-04T04:53:22Z.build,ros-one-roslib_1.15.10-1-g99fd9bb7-2026.04.04.04.53_amd64.deb,ros-one-roslib_1.15.10-1-g99fd9bb7-2026.04.04.04.53_amd64.files
rosunit,1.15.10-1-g99fd9bb7-2026.04.04.04.54,https://github.com/ros/ros/tree/noetic-devel,success,rosunit_1.15.10-1-g99fd9bb7-2026.04.04.04.54-bloom_generate.log,ros-one-rosunit_1.15.10-1-g99fd9bb7-2026.04.04.04.54_amd64-2026-04-04T04:54:38Z.build,ros-one-rosunit_1.15.10-1-g99fd9bb7-2026.04.04.04.54_amd64.deb,ros-one-rosunit_1.15.10-1-g99fd9bb7-2026.04.04.04.54_amd64.files
std_msgs,0.5.13-1-gf3554d4-2026.04.04.04.43,https://github.com/ros/std_msgs/tree/kinetic-devel,success,std_msgs_0.5.13-1-gf3554d4-2026.04.04.04.43-bloom_generate.log,ros-one-std-msgs_0.5.13-1-gf3554d4-2026.04.04.04.43_amd64-2026-04-04T04:43:59Z.build,ros-one-std-msgs_0.5.13-1-gf3554d4-2026.04.04.04.43_amd64.deb,ros-one-std-msgs_0.5.13-1-gf3554d4-2026.04.04.04.43_amd64.files
pinocchio,3.9.0-37-g4b2ed738-2026.04.04.04.44,https://github.com/stack-of-tasks/pinocchio/tree/devel,success,pinocchio_3.9.0-37-g4b2ed738-2026.04.04.04.44-bloom_generate.log,ros-one-pinocchio_3.9.0-37-g4b2ed738-2026.04.04.04.44_amd64-2026-04-04T04:44:35Z.build,ros-one-pinocchio_3.9.0-37-g4b2ed738-2026.04.04.04.44_amd64.deb,ros-one-pinocchio_3.9.0-37-g4b2ed738-2026.04.04.04.44_amd64.files
rosgraph_msgs,1.11.3-1-gf51a0429-2026.04.04.05.08,https://github.com/ros/ros_comm_msgs/tree/kinetic-devel,success,rosgraph_msgs_1.11.3-1-gf51a0429-2026.04.04.05.08-bloom_generate.log,ros-one-rosgraph-msgs_1.11.3-1-gf51a0429-2026.04.04.05.08_amd64-2026-04-04T05:08:06Z.build,ros-one-rosgraph-msgs_1.11.3-1-gf51a0429-2026.04.04.05.08_amd64.deb,ros-one-rosgraph-msgs_1.11.3-1-gf51a0429-2026.04.04.05.08_amd64.files
std_srvs,1.11.3-1-gf51a0429-2026.04.04.05.09,https://github.com/ros/ros_comm_msgs/tree/kinetic-devel,success,std_srvs_1.11.3-1-gf51a0429-2026.04.04.05.09-bloom_generate.log,ros-one-std-srvs_1.11.3-1-gf51a0429-2026.04.04.05.09_amd64-2026-04-04T05:09:24Z.build,ros-one-std-srvs_1.11.3-1-gf51a0429-2026.04.04.05.09_amd64.deb,ros-one-std-srvs_1.11.3-1-gf51a0429-2026.04.04.05.09_amd64.files
four_wheel_steering_msgs,1.1.1-2026.04.04.05.08,https://github.com/ros-drivers/four_wheel_steering_msgs/tree/master,success,four_wheel_steering_msgs_1.1.1-2026.04.04.05.08-bloom_generate.log,ros-one-four-wheel-steering-msgs_1.1.1-2026.04.04.05.08_amd64-2026-04-04T05:08:03Z.build,ros-one-four-wheel-steering-msgs_1.1.1-2026.04.04.05.08_amd64.deb,ros-one-four-wheel-steering-msgs_1.1.1-2026.04.04.05.08_amd64.files
python_qt_binding,0.4.4-13-gacea937-2026.04.04.05.09,https://github.com/ros-o/python_qt_binding/tree/obese-devel,success,python_qt_binding_0.4.4-13-gacea937-2026.04.04.05.09-bloom_generate.log,ros-one-python-qt-binding_0.4.4-13-gacea937-2026.04.04.05.09_amd64-2026-04-04T05:09:19Z.build,ros-one-python-qt-binding_0.4.4-13-gacea937-2026.04.04.05.09_amd64.deb,ros-one-python-qt-binding_0.4.4-13-gacea937-2026.04.04.05.09_amd64.files
angles,1.9.13-2-g2392b18-2026.04.04.05.07,https://github.com/ros/angles/tree/master,success,angles_1.9.13-2-g2392b18-2026.04.04.05.07-bloom_generate.log,ros-one-angles_1.9.13-2-g2392b18-2026.04.04.05.07_amd64-2026-04-04T05:07:49Z.build,ros-one-angles_1.9.13-2-g2392b18-2026.04.04.05.07_amd64.deb,ros-one-angles_1.9.13-2-g2392b18-2026.04.04.05.07_amd64.files
rosconsole,1.14.3-5-ge3753eec-2026.04.04.05.08,https://github.com/ros-o/rosconsole/tree/obese-devel,success,rosconsole_1.14.3-5-ge3753eec-2026.04.04.05.08-bloom_generate.log,ros-one-rosconsole_1.14.3-5-ge3753eec-2026.04.04.05.08_amd64-2026-04-04T05:08:59Z.build,ros-one-rosconsole_1.14.3-5-ge3753eec-2026.04.04.05.08_amd64.deb,ros-one-rosconsole_1.14.3-5-ge3753eec-2026.04.04.05.08_amd64.files
euslisp,9.29.0-2-2026.04.04.05.07,https://github.com/tork-a/euslisp-release/tree/release/noetic/euslisp,success,euslisp_9.29.0-2-2026.04.04.05.07-bloom_generate.log,ros-one-euslisp_9.29.0-2-2026.04.04.05.07_amd64-2026-04-04T05:07:53Z.build,ros-one-euslisp_9.29.0-2-2026.04.04.05.07_amd64.deb,ros-one-euslisp_9.29.0-2-2026.04.04.05.07_amd64.files
plotjuggler_msgs,0.2.1-2026.04.04.05.10,https://github.com/facontidavide/plotjuggler_msgs/tree/HEAD,success,plotjuggler_msgs_0.2.1-2026.04.04.05.10-bloom_generate.log,ros-one-plotjuggler-msgs_0.2.1-2026.04.04.05.10_amd64-2026-04-04T05:10:34Z.build,ros-one-plotjuggler-msgs_0.2.1-2026.04.04.05.10_amd64.deb,ros-one-plotjuggler-msgs_0.2.1-2026.04.04.05.10_amd64.files
behaviortree_cpp,4.6.2-39-g3a00bc30-2026.04.04.05.07,https://github.com/BehaviorTree/BehaviorTree.CPP/tree/HEAD,success,behaviortree_cpp_4.6.2-39-g3a00bc30-2026.04.04.05.07-bloom_generate.log,ros-one-behaviortree-cpp_4.6.2-39-g3a00bc30-2026.04.04.05.07_amd64-2026-04-04T05:07:50Z.build,ros-one-behaviortree-cpp_4.6.2-39-g3a00bc30-2026.04.04.05.07_amd64.deb,ros-one-behaviortree-cpp_4.6.2-39-g3a00bc30-2026.04.04.05.07_amd64.files
libfranka,0-2026.04.04.05.12,https://github.com/ros-o/libfranka/tree/obese-devel,success,libfranka_0-2026.04.04.05.12-bloom_generate.log,ros-one-libfranka_0-2026.04.04.05.12_amd64-2026-04-04T05:12:42Z.build,ros-one-libfranka_0-2026.04.04.05.12_amd64.deb,ros-one-libfranka_0-2026.04.04.05.12_amd64.files
turtlebot3_msgs,1.0.1-11-g76e78b0-2026.04.04.05.07,https://github.com/ROBOTIS-GIT/turtlebot3_msgs/tree/noetic,success,turtlebot3_msgs_1.0.1-11-g76e78b0-2026.04.04.05.07-bloom_generate.log,ros-one-turtlebot3-msgs_1.0.1-11-g76e78b0-2026.04.04.05.07_amd64-2026-04-04T05:07:53Z.build,ros-one-turtlebot3-msgs_1.0.1-11-g76e78b0-2026.04.04.05.07_amd64.deb,ros-one-turtlebot3-msgs_1.0.1-11-g76e78b0-2026.04.04.05.07_amd64.files
roslisp,1.9.25-2026.04.04.05.24,https://github.com/ros/roslisp/tree/master,success,roslisp_1.9.25-2026.04.04.05.24-bloom_generate.log,ros-one-roslisp_1.9.25-2026.04.04.05.24_amd64-2026-04-04T05:24:10Z.build,ros-one-roslisp_1.9.25-2026.04.04.05.24_amd64.deb,ros-one-roslisp_1.9.25-2026.04.04.05.24_amd64.files
pluginlib,1.13.0-2-g51a2cb0-2026.04.04.05.24,https://github.com/ros-o/pluginlib/tree/obese-devel,success,pluginlib_1.13.0-2-g51a2cb0-2026.04.04.05.24-bloom_generate.log,ros-one-pluginlib_1.13.0-2-g51a2cb0-2026.04.04.05.24_amd64-2026-04-04T05:24:13Z.build,ros-one-pluginlib_1.13.0-2-g51a2cb0-2026.04.04.05.24_amd64.deb,ros-one-pluginlib_1.13.0-2-g51a2cb0-2026.04.04.05.24_amd64.files
resource_retriever,1.12.7-5-g40d08d6-2026.04.04.05.24,https://github.com/ros-o/resource_retriever/tree/obese-devel,success,resource_retriever_1.12.7-5-g40d08d6-2026.04.04.05.24-bloom_generate.log,ros-one-resource-retriever_1.12.7-5-g40d08d6-2026.04.04.05.24_amd64-2026-04-04T05:24:42Z.build,ros-one-resource-retriever_1.12.7-5-g40d08d6-2026.04.04.05.24_amd64.deb,ros-one-resource-retriever_1.12.7-5-g40d08d6-2026.04.04.05.24_amd64.files
rosconsole_bridge,0.5.4-1-g38b0830-2026.04.04.05.24,https://github.com/ros/rosconsole_bridge/tree/kinetic-devel,success,rosconsole_bridge_0.5.4-1-g38b0830-2026.04.04.05.24-bloom_generate.log,ros-one-rosconsole-bridge_0.5.4-1-g38b0830-2026.04.04.05.24_amd64-2026-04-04T05:24:21Z.build,ros-one-rosconsole-bridge_0.5.4-1-g38b0830-2026.04.04.05.24_amd64.deb,ros-one-rosconsole-bridge_0.5.4-1-g38b0830-2026.04.04.05.24_amd64.files
jskeus,1.2.5-1-2026.04.04.05.24,https://github.com/tork-a/jskeus-release/tree/release/noetic/jskeus,success,jskeus_1.2.5-1-2026.04.04.05.24-bloom_generate.log,ros-one-jskeus_1.2.5-1-2026.04.04.05.24_amd64-2026-04-04T05:24:16Z.build,ros-one-jskeus_1.2.5-1-2026.04.04.05.24_amd64.deb,ros-one-jskeus_1.2.5-1-2026.04.04.05.24_amd64.files
actionlib_msgs,1.13.2-1-g092bc23-2026.04.04.05.28,https://github.com/ros/common_msgs/tree/noetic-devel,success,actionlib_msgs_1.13.2-1-g092bc23-2026.04.04.05.28-bloom_generate.log,ros-one-actionlib-msgs_1.13.2-1-g092bc23-2026.04.04.05.28_amd64-2026-04-04T05:28:30Z.build,ros-one-actionlib-msgs_1.13.2-1-g092bc23-2026.04.04.05.28_amd64.deb,ros-one-actionlib-msgs_1.13.2-1-g092bc23-2026.04.04.05.28_amd64.files
common_msgs,1.13.2-1-g092bc23-2026.04.04.05.29,https://github.com/ros/common_msgs/tree/noetic-devel,success,common_msgs_1.13.2-1-g092bc23-2026.04.04.05.29-bloom_generate.log,ros-one-common-msgs_1.13.2-1-g092bc23-2026.04.04.05.29_amd64-2026-04-04T05:29:41Z.build,ros-one-common-msgs_1.13.2-1-g092bc23-2026.04.04.05.29_amd64.deb,ros-one-common-msgs_1.13.2-1-g092bc23-2026.04.04.05.29_amd64.files
diagnostic_msgs,1.13.2-1-g092bc23-2026.04.04.05.30,https://github.com/ros/common_msgs/tree/noetic-devel,success,diagnostic_msgs_1.13.2-1-g092bc23-2026.04.04.05.30-bloom_generate.log,ros-one-diagnostic-msgs_1.13.2-1-g092bc23-2026.04.04.05.30_amd64-2026-04-04T05:30:50Z.build,ros-one-diagnostic-msgs_1.13.2-1-g092bc23-2026.04.04.05.30_amd64.deb,ros-one-diagnostic-msgs_1.13.2-1-g092bc23-2026.04.04.05.30_amd64.files
geometry_msgs,1.13.2-1-g092bc23-2026.04.04.05.32,https://github.com/ros/common_msgs/tree/noetic-devel,success,geometry_msgs_1.13.2-1-g092bc23-2026.04.04.05.32-bloom_generate.log,ros-one-geometry-msgs_1.13.2-1-g092bc23-2026.04.04.05.32_amd64-2026-04-04T05:32:04Z.build,ros-one-geometry-msgs_1.13.2-1-g092bc23-2026.04.04.05.32_amd64.deb,ros-one-geometry-msgs_1.13.2-1-g092bc23-2026.04.04.05.32_amd64.files
nav_msgs,1.13.2-1-g092bc23-2026.04.04.05.33,https://github.com/ros/common_msgs/tree/noetic-devel,success,nav_msgs_1.13.2-1-g092bc23-2026.04.04.05.33-bloom_generate.log,ros-one-nav-msgs_1.13.2-1-g092bc23-2026.04.04.05.33_amd64-2026-04-04T05:33:21Z.build,ros-one-nav-msgs_1.13.2-1-g092bc23-2026.04.04.05.33_amd64.deb,ros-one-nav-msgs_1.13.2-1-g092bc23-2026.04.04.05.33_amd64.files
ros_comm,1.17.0-36-g4007da616-2026.04.04.05.34,https://github.com/ros-o/ros_comm/tree/obese-devel,success,ros_comm_1.17.0-36-g4007da616-2026.04.04.05.34-bloom_generate.log,ros-one-ros-comm_1.17.0-36-g4007da616-2026.04.04.05.34_amd64-2026-04-04T05:34:37Z.build,ros-one-ros-comm_1.17.0-36-g4007da616-2026.04.04.05.34_amd64.deb,ros-one-ros-comm_1.17.0-36-g4007da616-2026.04.04.05.34_amd64.files
rosgraph,1.17.0-36-g4007da616-2026.04.04.05.35,https://github.com/ros-o/ros_comm/tree/obese-devel,success,rosgraph_1.17.0-36-g4007da616-2026.04.04.05.35-bloom_generate.log,ros-one-rosgraph_1.17.0-36-g4007da616-2026.04.04.05.35_amd64-2026-04-04T05:35:44Z.build,ros-one-rosgraph_1.17.0-36-g4007da616-2026.04.04.05.35_amd64.deb,ros-one-rosgraph_1.17.0-36-g4007da616-2026.04.04.05.35_amd64.files
roslaunch,1.17.0-36-g4007da616-2026.04.04.05.36,https://github.com/ros-o/ros_comm/tree/obese-devel,success,roslaunch_1.17.0-36-g4007da616-2026.04.04.05.36-bloom_generate.log,ros-one-roslaunch_1.17.0-36-g4007da616-2026.04.04.05.36_amd64-2026-04-04T05:36:54Z.build,ros-one-roslaunch_1.17.0-36-g4007da616-2026.04.04.05.36_amd64.deb,ros-one-roslaunch_1.17.0-36-g4007da616-2026.04.04.05.36_amd64.files
roslz4,1.17.0-36-g4007da616-2026.04.04.05.38,https://github.com/ros-o/ros_comm/tree/obese-devel,success,roslz4_1.17.0-36-g4007da616-2026.04.04.05.38-bloom_generate.log,ros-one-roslz4_1.17.0-36-g4007da616-2026.04.04.05.38_amd64-2026-04-04T05:38:04Z.build,ros-one-roslz4_1.17.0-36-g4007da616-2026.04.04.05.38_amd64.deb,ros-one-roslz4_1.17.0-36-g4007da616-2026.04.04.05.38_amd64.files
rosmaster,1.17.0-36-g4007da616-2026.04.04.05.39,https://github.com/ros-o/ros_comm/tree/obese-devel,success,rosmaster_1.17.0-36-g4007da616-2026.04.04.05.39-bloom_generate.log,ros-one-rosmaster_1.17.0-36-g4007da616-2026.04.04.05.39_amd64-2026-04-04T05:39:19Z.build,ros-one-rosmaster_1.17.0-36-g4007da616-2026.04.04.05.39_amd64.deb,ros-one-rosmaster_1.17.0-36-g4007da616-2026.04.04.05.39_amd64.files
rosparam,1.17.0-36-g4007da616-2026.04.04.05.40,https://github.com/ros-o/ros_comm/tree/obese-devel,success,rosparam_1.17.0-36-g4007da616-2026.04.04.05.40-bloom_generate.log,ros-one-rosparam_1.17.0-36-g4007da616-2026.04.04.05.40_amd64-2026-04-04T05:40:30Z.build,ros-one-rosparam_1.17.0-36-g4007da616-2026.04.04.05.40_amd64.deb,ros-one-rosparam_1.17.0-36-g4007da616-2026.04.04.05.40_amd64.files
rospy,1.17.0-36-g4007da616-2026.04.04.05.41,https://github.com/ros-o/ros_comm/tree/obese-devel,success,rospy_1.17.0-36-g4007da616-2026.04.04.05.41-bloom_generate.log,ros-one-rospy_1.17.0-36-g4007da616-2026.04.04.05.41_amd64-2026-04-04T05:41:41Z.build,ros-one-rospy_1.17.0-36-g4007da616-2026.04.04.05.41_amd64.deb,ros-one-rospy_1.17.0-36-g4007da616-2026.04.04.05.41_amd64.files
rosservice,1.17.0-36-g4007da616-2026.04.04.05.42,https://github.com/ros-o/ros_comm/tree/obese-devel,success,rosservice_1.17.0-36-g4007da616-2026.04.04.05.42-bloom_generate.log,ros-one-rosservice_1.17.0-36-g4007da616-2026.04.04.05.42_amd64-2026-04-04T05:42:53Z.build,ros-one-rosservice_1.17.0-36-g4007da616-2026.04.04.05.42_amd64.deb,ros-one-rosservice_1.17.0-36-g4007da616-2026.04.04.05.42_amd64.files
rostest,1.17.0-36-g4007da616-2026.04.04.05.44,https://github.com/ros-o/ros_comm/tree/obese-devel,success,rostest_1.17.0-36-g4007da616-2026.04.04.05.44-bloom_generate.log,ros-one-rostest_1.17.0-36-g4007da616-2026.04.04.05.44_amd64-2026-04-04T05:44:04Z.build,ros-one-rostest_1.17.0-36-g4007da616-2026.04.04.05.44_amd64.deb,ros-one-rostest_1.17.0-36-g4007da616-2026.04.04.05.44_amd64.files
shape_msgs,1.13.2-1-g092bc23-2026.04.04.05.45,https://github.com/ros/common_msgs/tree/noetic-devel,success,shape_msgs_1.13.2-1-g092bc23-2026.04.04.05.45-bloom_generate.log,ros-one-shape-msgs_1.13.2-1-g092bc23-2026.04.04.05.45_amd64-2026-04-04T05:45:18Z.build,ros-one-shape-msgs_1.13.2-1-g092bc23-2026.04.04.05.45_amd64.deb,ros-one-shape-msgs_1.13.2-1-g092bc23-2026.04.04.05.45_amd64.files
test_roslib_comm,1.17.0-36-g4007da616-2026.04.04.05.46,https://github.com/ros-o/ros_comm/tree/obese-devel,success,test_roslib_comm_1.17.0-36-g4007da616-2026.04.04.05.46-bloom_generate.log,ros-one-test-roslib-comm_1.17.0-36-g4007da616-2026.04.04.05.46_amd64-2026-04-04T05:46:34Z.build,ros-one-test-roslib-comm_1.17.0-36-g4007da616-2026.04.04.05.46_amd64.deb,ros-one-test-roslib-comm_1.17.0-36-g4007da616-2026.04.04.05.46_amd64.files
trajectory_msgs,1.13.2-1-g092bc23-2026.04.04.05.47,https://github.com/ros/common_msgs/tree/noetic-devel,success,trajectory_msgs_1.13.2-1-g092bc23-2026.04.04.05.47-bloom_generate.log,ros-one-trajectory-msgs_1.13.2-1-g092bc23-2026.04.04.05.47_amd64-2026-04-04T05:47:49Z.build,ros-one-trajectory-msgs_1.13.2-1-g092bc23-2026.04.04.05.47_amd64.deb,ros-one-trajectory-msgs_1.13.2-1-g092bc23-2026.04.04.05.47_amd64.files
visualization_msgs,1.13.2-1-g092bc23-2026.04.04.05.49,https://github.com/ros/common_msgs/tree/noetic-devel,success,visualization_msgs_1.13.2-1-g092bc23-2026.04.04.05.49-bloom_generate.log,ros-one-visualization-msgs_1.13.2-1-g092bc23-2026.04.04.05.49_amd64-2026-04-04T05:49:04Z.build,ros-one-visualization-msgs_1.13.2-1-g092bc23-2026.04.04.05.49_amd64.deb,ros-one-visualization-msgs_1.13.2-1-g092bc23-2026.04.04.05.49_amd64.files
xmlrpcpp,1.17.0-36-g4007da616-2026.04.04.05.50,https://github.com/ros-o/ros_comm/tree/obese-devel,success,xmlrpcpp_1.17.0-36-g4007da616-2026.04.04.05.50-bloom_generate.log,ros-one-xmlrpcpp_1.17.0-36-g4007da616-2026.04.04.05.50_amd64-2026-04-04T05:50:21Z.build,ros-one-xmlrpcpp_1.17.0-36-g4007da616-2026.04.04.05.50_amd64.deb,ros-one-xmlrpcpp_1.17.0-36-g4007da616-2026.04.04.05.50_amd64.files
roscpp,1.17.0-36-g4007da616-2026.04.04.05.51,https://github.com/ros-o/ros_comm/tree/obese-devel,success,roscpp_1.17.0-36-g4007da616-2026.04.04.05.51-bloom_generate.log,ros-one-roscpp_1.17.0-36-g4007da616-2026.04.04.05.51_amd64-2026-04-04T05:51:40Z.build,ros-one-roscpp_1.17.0-36-g4007da616-2026.04.04.05.51_amd64.deb,ros-one-roscpp_1.17.0-36-g4007da616-2026.04.04.05.51_amd64.files
rosout,1.17.0-36-g4007da616-2026.04.04.05.54,https://github.com/ros-o/ros_comm/tree/obese-devel,success,rosout_1.17.0-36-g4007da616-2026.04.04.05.54-bloom_generate.log,ros-one-rosout_1.17.0-36-g4007da616-2026.04.04.05.54_amd64-2026-04-04T05:54:26Z.build,ros-one-rosout_1.17.0-36-g4007da616-2026.04.04.05.54_amd64.deb,ros-one-rosout_1.17.0-36-g4007da616-2026.04.04.05.54_amd64.files
message_filters,1.17.0-36-g4007da616-2026.04.04.05.55,https://github.com/ros-o/ros_comm/tree/obese-devel,success,message_filters_1.17.0-36-g4007da616-2026.04.04.05.55-bloom_generate.log,ros-one-message-filters_1.17.0-36-g4007da616-2026.04.04.05.55_amd64-2026-04-04T05:55:46Z.build,ros-one-message-filters_1.17.0-36-g4007da616-2026.04.04.05.55_amd64.deb,ros-one-message-filters_1.17.0-36-g4007da616-2026.04.04.05.55_amd64.files
rosbag_storage,1.17.0-36-g4007da616-2026.04.04.05.57,https://github.com/ros-o/ros_comm/tree/obese-devel,success,rosbag_storage_1.17.0-36-g4007da616-2026.04.04.05.57-bloom_generate.log,ros-one-rosbag-storage_1.17.0-36-g4007da616-2026.04.04.05.57_amd64-2026-04-04T05:57:12Z.build,ros-one-rosbag-storage_1.17.0-36-g4007da616-2026.04.04.05.57_amd64.deb,ros-one-rosbag-storage_1.17.0-36-g4007da616-2026.04.04.05.57_amd64.files
rosmsg,1.17.0-36-g4007da616-2026.04.04.05.59,https://github.com/ros-o/ros_comm/tree/obese-devel,success,rosmsg_1.17.0-36-g4007da616-2026.04.04.05.59-bloom_generate.log,ros-one-rosmsg_1.17.0-36-g4007da616-2026.04.04.05.59_amd64-2026-04-04T05:59:03Z.build,ros-one-rosmsg_1.17.0-36-g4007da616-2026.04.04.05.59_amd64.deb,ros-one-rosmsg_1.17.0-36-g4007da616-2026.04.04.05.59_amd64.files
rosnode,1.17.0-36-g4007da616-2026.04.04.06.00,https://github.com/ros-o/ros_comm/tree/obese-devel,success,rosnode_1.17.0-36-g4007da616-2026.04.04.06.00-bloom_generate.log,ros-one-rosnode_1.17.0-36-g4007da616-2026.04.04.06.00_amd64-2026-04-04T06:00:18Z.build,ros-one-rosnode_1.17.0-36-g4007da616-2026.04.04.06.00_amd64.deb,ros-one-rosnode_1.17.0-36-g4007da616-2026.04.04.06.00_amd64.files
rostopic,1.17.0-36-g4007da616-2026.04.04.06.01,https://github.com/ros-o/ros_comm/tree/obese-devel,success,rostopic_1.17.0-36-g4007da616-2026.04.04.06.01-bloom_generate.log,ros-one-rostopic_1.17.0-36-g4007da616-2026.04.04.06.01_amd64-2026-04-04T06:01:43Z.build,ros-one-rostopic_1.17.0-36-g4007da616-2026.04.04.06.01_amd64.deb,ros-one-rostopic_1.17.0-36-g4007da616-2026.04.04.06.01_amd64.files
test_rosbag_storage,1.17.0-36-g4007da616-2026.04.04.06.03,https://github.com/ros-o/ros_comm/tree/obese-devel,success,test_rosbag_storage_1.17.0-36-g4007da616-2026.04.04.06.03-bloom_generate.log,ros-one-test-rosbag-storage_1.17.0-36-g4007da616-2026.04.04.06.03_amd64-2026-04-04T06:03:09Z.build,ros-one-test-rosbag-storage_1.17.0-36-g4007da616-2026.04.04.06.03_amd64.deb,ros-one-test-rosbag-storage_1.17.0-36-g4007da616-2026.04.04.06.03_amd64.files
test_roscpp,1.17.0-36-g4007da616-2026.04.04.06.04,https://github.com/ros-o/ros_comm/tree/obese-devel,success,test_roscpp_1.17.0-36-g4007da616-2026.04.04.06.04-bloom_generate.log,ros-one-test-roscpp_1.17.0-36-g4007da616-2026.04.04.06.04_amd64-2026-04-04T06:04:33Z.build,ros-one-test-roscpp_1.17.0-36-g4007da616-2026.04.04.06.04_amd64.deb,ros-one-test-roscpp_1.17.0-36-g4007da616-2026.04.04.06.04_amd64.files
test_rosgraph,1.17.0-36-g4007da616-2026.04.04.06.05,https://github.com/ros-o/ros_comm/tree/obese-devel,success,test_rosgraph_1.17.0-36-g4007da616-2026.04.04.06.05-bloom_generate.log,ros-one-test-rosgraph_1.17.0-36-g4007da616-2026.04.04.06.05_amd64-2026-04-04T06:05:57Z.build,ros-one-test-rosgraph_1.17.0-36-g4007da616-2026.04.04.06.05_amd64.deb,ros-one-test-rosgraph_1.17.0-36-g4007da616-2026.04.04.06.05_amd64.files
test_roslaunch,1.17.0-36-g4007da616-2026.04.04.06.07,https://github.com/ros-o/ros_comm/tree/obese-devel,success,test_roslaunch_1.17.0-36-g4007da616-2026.04.04.06.07-bloom_generate.log,ros-one-test-roslaunch_1.17.0-36-g4007da616-2026.04.04.06.07_amd64-2026-04-04T06:07:22Z.build,ros-one-test-roslaunch_1.17.0-36-g4007da616-2026.04.04.06.07_amd64.deb,ros-one-test-roslaunch_1.17.0-36-g4007da616-2026.04.04.06.07_amd64.files
test_rosmaster,1.17.0-36-g4007da616-2026.04.04.06.08,https://github.com/ros-o/ros_comm/tree/obese-devel,success,test_rosmaster_1.17.0-36-g4007da616-2026.04.04.06.08-bloom_generate.log,ros-one-test-rosmaster_1.17.0-36-g4007da616-2026.04.04.06.08_amd64-2026-04-04T06:08:47Z.build,ros-one-test-rosmaster_1.17.0-36-g4007da616-2026.04.04.06.08_amd64.deb,ros-one-test-rosmaster_1.17.0-36-g4007da616-2026.04.04.06.08_amd64.files
test_rosparam,1.17.0-36-g4007da616-2026.04.04.06.10,https://github.com/ros-o/ros_comm/tree/obese-devel,success,test_rosparam_1.17.0-36-g4007da616-2026.04.04.06.10-bloom_generate.log,ros-one-test-rosparam_1.17.0-36-g4007da616-2026.04.04.06.10_amd64-2026-04-04T06:10:13Z.build,ros-one-test-rosparam_1.17.0-36-g4007da616-2026.04.04.06.10_amd64.deb,ros-one-test-rosparam_1.17.0-36-g4007da616-2026.04.04.06.10_amd64.files
topic_tools,1.17.0-36-g4007da616-2026.04.04.06.11,https://github.com/ros-o/ros_comm/tree/obese-devel,success,topic_tools_1.17.0-36-g4007da616-2026.04.04.06.11-bloom_generate.log,ros-one-topic-tools_1.17.0-36-g4007da616-2026.04.04.06.11_amd64-2026-04-04T06:11:39Z.build,ros-one-topic-tools_1.17.0-36-g4007da616-2026.04.04.06.11_amd64.deb,ros-one-topic-tools_1.17.0-36-g4007da616-2026.04.04.06.11_amd64.files
rosbag,1.17.0-36-g4007da616-2026.04.04.06.13,https://github.com/ros-o/ros_comm/tree/obese-devel,success,rosbag_1.17.0-36-g4007da616-2026.04.04.06.13-bloom_generate.log,ros-one-rosbag_1.17.0-36-g4007da616-2026.04.04.06.13_amd64-2026-04-04T06:13:23Z.build,ros-one-rosbag_1.17.0-36-g4007da616-2026.04.04.06.13_amd64.deb,ros-one-rosbag_1.17.0-36-g4007da616-2026.04.04.06.13_amd64.files
roswtf,1.17.0-36-g4007da616-2026.04.04.06.15,https://github.com/ros-o/ros_comm/tree/obese-devel,success,roswtf_1.17.0-36-g4007da616-2026.04.04.06.15-bloom_generate.log,ros-one-roswtf_1.17.0-36-g4007da616-2026.04.04.06.15_amd64-2026-04-04T06:15:18Z.build,ros-one-roswtf_1.17.0-36-g4007da616-2026.04.04.06.15_amd64.deb,ros-one-roswtf_1.17.0-36-g4007da616-2026.04.04.06.15_amd64.files
sensor_msgs,1.13.2-1-g092bc23-2026.04.04.06.16,https://github.com/ros/common_msgs/tree/noetic-devel,success,sensor_msgs_1.13.2-1-g092bc23-2026.04.04.06.16-bloom_generate.log,ros-one-sensor-msgs_1.13.2-1-g092bc23-2026.04.04.06.16_amd64-2026-04-04T06:16:45Z.build,ros-one-sensor-msgs_1.13.2-1-g092bc23-2026.04.04.06.16_amd64.deb,ros-one-sensor-msgs_1.13.2-1-g092bc23-2026.04.04.06.16_amd64.files
stereo_msgs,1.13.2-1-g092bc23-2026.04.04.06.18,https://github.com/ros/common_msgs/tree/noetic-devel,success,stereo_msgs_1.13.2-1-g092bc23-2026.04.04.06.18-bloom_generate.log,ros-one-stereo-msgs_1.13.2-1-g092bc23-2026.04.04.06.18_amd64-2026-04-04T06:18:15Z.build,ros-one-stereo-msgs_1.13.2-1-g092bc23-2026.04.04.06.18_amd64.deb,ros-one-stereo-msgs_1.13.2-1-g092bc23-2026.04.04.06.18_amd64.files
test_rosbag,1.17.0-36-g4007da616-2026.04.04.06.19,https://github.com/ros-o/ros_comm/tree/obese-devel,success,test_rosbag_1.17.0-36-g4007da616-2026.04.04.06.19-bloom_generate.log,ros-one-test-rosbag_1.17.0-36-g4007da616-2026.04.04.06.19_amd64-2026-04-04T06:19:38Z.build,ros-one-test-rosbag_1.17.0-36-g4007da616-2026.04.04.06.19_amd64.deb,ros-one-test-rosbag_1.17.0-36-g4007da616-2026.04.04.06.19_amd64.files
test_rospy,1.17.0-36-g4007da616-2026.04.04.06.21,https://github.com/ros-o/ros_comm/tree/obese-devel,success,test_rospy_1.17.0-36-g4007da616-2026.04.04.06.21-bloom_generate.log,ros-one-test-rospy_1.17.0-36-g4007da616-2026.04.04.06.21_amd64-2026-04-04T06:21:11Z.build,ros-one-test-rospy_1.17.0-36-g4007da616-2026.04.04.06.21_amd64.deb,ros-one-test-rospy_1.17.0-36-g4007da616-2026.04.04.06.21_amd64.files
test_rosservice,1.17.0-36-g4007da616-2026.04.04.06.22,https://github.com/ros-o/ros_comm/tree/obese-devel,success,test_rosservice_1.17.0-36-g4007da616-2026.04.04.06.22-bloom_generate.log,ros-one-test-rosservice_1.17.0-36-g4007da616-2026.04.04.06.22_amd64-2026-04-04T06:22:39Z.build,ros-one-test-rosservice_1.17.0-36-g4007da616-2026.04.04.06.22_amd64.deb,ros-one-test-rosservice_1.17.0-36-g4007da616-2026.04.04.06.22_amd64.files
test_rostest,1.17.0-36-g4007da616-2026.04.04.06.24,https://github.com/ros-o/ros_comm/tree/obese-devel,success,test_rostest_1.17.0-36-g4007da616-2026.04.04.06.24-bloom_generate.log,ros-one-test-rostest_1.17.0-36-g4007da616-2026.04.04.06.24_amd64-2026-04-04T06:24:07Z.build,ros-one-test-rostest_1.17.0-36-g4007da616-2026.04.04.06.24_amd64.deb,ros-one-test-rostest_1.17.0-36-g4007da616-2026.04.04.06.24_amd64.files
test_rostopic,1.17.0-36-g4007da616-2026.04.04.06.25,https://github.com/ros-o/ros_comm/tree/obese-devel,success,test_rostopic_1.17.0-36-g4007da616-2026.04.04.06.25-bloom_generate.log,ros-one-test-rostopic_1.17.0-36-g4007da616-2026.04.04.06.25_amd64-2026-04-04T06:25:35Z.build,ros-one-test-rostopic_1.17.0-36-g4007da616-2026.04.04.06.25_amd64.deb,ros-one-test-rostopic_1.17.0-36-g4007da616-2026.04.04.06.25_amd64.files
qt_dotgraph,0.4.2-15-g9726da6-2026.04.04.05.28,https://github.com/ros-o/qt_gui_core/tree/obese-devel,success,qt_dotgraph_0.4.2-15-g9726da6-2026.04.04.05.28-bloom_generate.log,ros-one-qt-dotgraph_0.4.2-15-g9726da6-2026.04.04.05.28_amd64-2026-04-04T05:28:40Z.build,ros-one-qt-dotgraph_0.4.2-15-g9726da6-2026.04.04.05.28_amd64.deb,ros-one-qt-dotgraph_0.4.2-15-g9726da6-2026.04.04.05.28_amd64.files
qt_gui,0.4.2-15-g9726da6-2026.04.04.05.29,https://github.com/ros-o/qt_gui_core/tree/obese-devel,success,qt_gui_0.4.2-15-g9726da6-2026.04.04.05.29-bloom_generate.log,ros-one-qt-gui_0.4.2-15-g9726da6-2026.04.04.05.29_amd64-2026-04-04T05:29:58Z.build,ros-one-qt-gui_0.4.2-15-g9726da6-2026.04.04.05.29_amd64.deb,ros-one-qt-gui_0.4.2-15-g9726da6-2026.04.04.05.29_amd64.files
qt_gui_app,0.4.2-15-g9726da6-2026.04.04.05.31,https://github.com/ros-o/qt_gui_core/tree/obese-devel,success,qt_gui_app_0.4.2-15-g9726da6-2026.04.04.05.31-bloom_generate.log,ros-one-qt-gui-app_0.4.2-15-g9726da6-2026.04.04.05.31_amd64-2026-04-04T05:31:34Z.build,ros-one-qt-gui-app_0.4.2-15-g9726da6-2026.04.04.05.31_amd64.deb,ros-one-qt-gui-app_0.4.2-15-g9726da6-2026.04.04.05.31_amd64.files
qt_gui_core,0.4.2-15-g9726da6-2026.04.04.05.32,https://github.com/ros-o/qt_gui_core/tree/obese-devel,success,qt_gui_core_0.4.2-15-g9726da6-2026.04.04.05.32-bloom_generate.log,ros-one-qt-gui-core_0.4.2-15-g9726da6-2026.04.04.05.32_amd64-2026-04-04T05:32:52Z.build,ros-one-qt-gui-core_0.4.2-15-g9726da6-2026.04.04.05.32_amd64.deb,ros-one-qt-gui-core_0.4.2-15-g9726da6-2026.04.04.05.32_amd64.files
qt_gui_cpp,0.4.2-15-g9726da6-2026.04.04.05.34,https://github.com/ros-o/qt_gui_core/tree/obese-devel,success,qt_gui_cpp_0.4.2-15-g9726da6-2026.04.04.05.34-bloom_generate.log,ros-one-qt-gui-cpp_0.4.2-15-g9726da6-2026.04.04.05.34_amd64-2026-04-04T05:34:10Z.build,ros-one-qt-gui-cpp_0.4.2-15-g9726da6-2026.04.04.05.34_amd64.deb,ros-one-qt-gui-cpp_0.4.2-15-g9726da6-2026.04.04.05.34_amd64.files
qt_gui_py_common,0.4.2-15-g9726da6-2026.04.04.05.37,https://github.com/ros-o/qt_gui_core/tree/obese-devel,success,qt_gui_py_common_0.4.2-15-g9726da6-2026.04.04.05.37-bloom_generate.log,ros-one-qt-gui-py-common_0.4.2-15-g9726da6-2026.04.04.05.37_amd64-2026-04-04T05:37:28Z.build,ros-one-qt-gui-py-common_0.4.2-15-g9726da6-2026.04.04.05.37_amd64.deb,ros-one-qt-gui-py-common_0.4.2-15-g9726da6-2026.04.04.05.37_amd64.files
ros_emacs_utils,0.4.18-2026.04.04.05.38,https://github.com/code-iai/ros_emacs_utils/tree/master,success,ros_emacs_utils_0.4.18-2026.04.04.05.38-bloom_generate.log,ros-one-ros-emacs-utils_0.4.18-2026.04.04.05.38_amd64-2026-04-04T05:38:46Z.build,ros-one-ros-emacs-utils_0.4.18-2026.04.04.05.38_amd64.deb,ros-one-ros-emacs-utils_0.4.18-2026.04.04.05.38_amd64.files
rosemacs,0.4.18-2026.04.04.05.40,https://github.com/code-iai/ros_emacs_utils/tree/master,success,rosemacs_0.4.18-2026.04.04.05.40-bloom_generate.log,ros-one-rosemacs_0.4.18-2026.04.04.05.40_amd64-2026-04-04T05:40:02Z.build,ros-one-rosemacs_0.4.18-2026.04.04.05.40_amd64.deb,ros-one-rosemacs_0.4.18-2026.04.04.05.40_amd64.files
roslisp_repl,0.4.18-2026.04.04.05.41,https://github.com/code-iai/ros_emacs_utils/tree/master,success,roslisp_repl_0.4.18-2026.04.04.05.41-bloom_generate.log,ros-one-roslisp-repl_0.4.18-2026.04.04.05.41_amd64-2026-04-04T05:41:22Z.build,ros-one-roslisp-repl_0.4.18-2026.04.04.05.41_amd64.deb,ros-one-roslisp-repl_0.4.18-2026.04.04.05.41_amd64.files
slime_ros,0.4.18-2026.04.04.05.42,https://github.com/code-iai/ros_emacs_utils/tree/master,success,slime_ros_0.4.18-2026.04.04.05.42-bloom_generate.log,ros-one-slime-ros_0.4.18-2026.04.04.05.42_amd64-2026-04-04T05:42:41Z.build,ros-one-slime-ros_0.4.18-2026.04.04.05.42_amd64.deb,ros-one-slime-ros_0.4.18-2026.04.04.05.42_amd64.files
slime_wrapper,0.4.18-2026.04.04.05.43,https://github.com/code-iai/ros_emacs_utils/tree/master,success,slime_wrapper_0.4.18-2026.04.04.05.43-bloom_generate.log,ros-one-slime-wrapper_0.4.18-2026.04.04.05.43_amd64-2026-04-04T05:43:59Z.build,ros-one-slime-wrapper_0.4.18-2026.04.04.05.43_amd64.deb,ros-one-slime-wrapper_0.4.18-2026.04.04.05.43_amd64.files
baxter_common,1.2.0-2026.04.04.06.29,https://github.com/RethinkRobotics/baxter_common/tree/master,success,baxter_common_1.2.0-2026.04.04.06.29-bloom_generate.log,ros-one-baxter-common_1.2.0-2026.04.04.06.29_amd64-2026-04-04T06:29:18Z.build,ros-one-baxter-common_1.2.0-2026.04.04.06.29_amd64.deb,ros-one-baxter-common_1.2.0-2026.04.04.06.29_amd64.files
baxter_core_msgs,1.2.0-2026.04.04.06.30,https://github.com/RethinkRobotics/baxter_common/tree/master,success,baxter_core_msgs_1.2.0-2026.04.04.06.30-bloom_generate.log,ros-one-baxter-core-msgs_1.2.0-2026.04.04.06.30_amd64-2026-04-04T06:30:51Z.build,ros-one-baxter-core-msgs_1.2.0-2026.04.04.06.30_amd64.deb,ros-one-baxter-core-msgs_1.2.0-2026.04.04.06.30_amd64.files
baxter_description,1.2.0-2026.04.04.06.32,https://github.com/RethinkRobotics/baxter_common/tree/master,success,baxter_description_1.2.0-2026.04.04.06.32-bloom_generate.log,ros-one-baxter-description_1.2.0-2026.04.04.06.32_amd64-2026-04-04T06:32:38Z.build,ros-one-baxter-description_1.2.0-2026.04.04.06.32_amd64.deb,ros-one-baxter-description_1.2.0-2026.04.04.06.32_amd64.files
baxter_maintenance_msgs,1.2.0-2026.04.04.06.34,https://github.com/RethinkRobotics/baxter_common/tree/master,success,baxter_maintenance_msgs_1.2.0-2026.04.04.06.34-bloom_generate.log,ros-one-baxter-maintenance-msgs_1.2.0-2026.04.04.06.34_amd64-2026-04-04T06:34:20Z.build,ros-one-baxter-maintenance-msgs_1.2.0-2026.04.04.06.34_amd64.deb,ros-one-baxter-maintenance-msgs_1.2.0-2026.04.04.06.34_amd64.files
control_msgs,1.5.2-6-g36e2e30-2026.04.04.06.35,https://github.com/ros-controls/control_msgs/tree/kinetic-devel,success,control_msgs_1.5.2-6-g36e2e30-2026.04.04.06.35-bloom_generate.log,ros-one-control-msgs_1.5.2-6-g36e2e30-2026.04.04.06.35_amd64-2026-04-04T06:36:00Z.build,ros-one-control-msgs_1.5.2-6-g36e2e30-2026.04.04.06.35_amd64.deb,ros-one-control-msgs_1.5.2-6-g36e2e30-2026.04.04.06.35_amd64.files
ml_classifiers,0.3.0-13-gff40451-2026.04.04.06.37,https://github.com/sniekum/ml_classifiers/tree/master,success,ml_classifiers_0.3.0-13-gff40451-2026.04.04.06.37-bloom_generate.log,ros-one-ml-classifiers_0.3.0-13-gff40451-2026.04.04.06.37_amd64-2026-04-04T06:37:51Z.build,ros-one-ml-classifiers_0.3.0-13-gff40451-2026.04.04.06.37_amd64.deb,ros-one-ml-classifiers_0.3.0-13-gff40451-2026.04.04.06.37_amd64.files
octomap_msgs,0.3.5-1-gdcaaf62-2026.04.04.06.39,https://github.com/OctoMap/octomap_msgs/tree/melodic-devel,success,octomap_msgs_0.3.5-1-gdcaaf62-2026.04.04.06.39-bloom_generate.log,ros-one-octomap-msgs_0.3.5-1-gdcaaf62-2026.04.04.06.39_amd64-2026-04-04T06:39:53Z.build,ros-one-octomap-msgs_0.3.5-1-gdcaaf62-2026.04.04.06.39_amd64.deb,ros-one-octomap-msgs_0.3.5-1-gdcaaf62-2026.04.04.06.39_amd64.files
rethink_ee_description,1.2.0-2026.04.04.06.41,https://github.com/RethinkRobotics/baxter_common/tree/master,success,rethink_ee_description_1.2.0-2026.04.04.06.41-bloom_generate.log,ros-one-rethink-ee-description_1.2.0-2026.04.04.06.41_amd64-2026-04-04T06:41:35Z.build,ros-one-rethink-ee-description_1.2.0-2026.04.04.06.41_amd64.deb,ros-one-rethink-ee-description_1.2.0-2026.04.04.06.41_amd64.files
ur_msgs,1.5.0-2026.04.04.06.43,https://github.com/ros-industrial/ur_msgs/tree/noetic-devel,success,ur_msgs_1.5.0-2026.04.04.06.43-bloom_generate.log,ros-one-ur-msgs_1.5.0-2026.04.04.06.43_amd64-2026-04-04T06:43:18Z.build,ros-one-ur-msgs_1.5.0-2026.04.04.06.43_amd64.deb,ros-one-ur-msgs_1.5.0-2026.04.04.06.43_amd64.files
catkin_virtualenv,0.13.0-31-ga6fe7a7-2026.04.04.06.29,https://github.com/ros-o/catkin_virtualenv/tree/fix-stdin-in-wrapped-scripts,success,catkin_virtualenv_0.13.0-31-ga6fe7a7-2026.04.04.06.29-bloom_generate.log,ros-one-catkin-virtualenv_0.13.0-31-ga6fe7a7-2026.04.04.06.29_amd64-2026-04-04T06:29:28Z.build,ros-one-catkin-virtualenv_0.13.0-31-ga6fe7a7-2026.04.04.06.29_amd64.deb,ros-one-catkin-virtualenv_0.13.0-31-ga6fe7a7-2026.04.04.06.29_amd64.files
map_msgs,1.14.2-2026.04.04.06.31,https://github.com/ros-planning/navigation_msgs/tree/ros1,success,map_msgs_1.14.2-2026.04.04.06.31-bloom_generate.log,ros-one-map-msgs_1.14.2-2026.04.04.06.31_amd64-2026-04-04T06:31:01Z.build,ros-one-map-msgs_1.14.2-2026.04.04.06.31_amd64.deb,ros-one-map-msgs_1.14.2-2026.04.04.06.31_amd64.files
move_base_msgs,1.14.2-2026.04.04.06.32,https://github.com/ros-planning/navigation_msgs/tree/ros1,success,move_base_msgs_1.14.2-2026.04.04.06.32-bloom_generate.log,ros-one-move-base-msgs_1.14.2-2026.04.04.06.32_amd64-2026-04-04T06:32:43Z.build,ros-one-move-base-msgs_1.14.2-2026.04.04.06.32_amd64.deb,ros-one-move-base-msgs_1.14.2-2026.04.04.06.32_amd64.files
pcl_msgs,0.3.0-1-g89b0725-2026.04.04.06.34,https://github.com/ros-perception/pcl_msgs/tree/noetic-devel,success,pcl_msgs_0.3.0-1-g89b0725-2026.04.04.06.34-bloom_generate.log,ros-one-pcl-msgs_0.3.0-1-g89b0725-2026.04.04.06.34_amd64-2026-04-04T06:34:23Z.build,ros-one-pcl-msgs_0.3.0-1-g89b0725-2026.04.04.06.34_amd64.deb,ros-one-pcl-msgs_0.3.0-1-g89b0725-2026.04.04.06.34_amd64.files
ros_pytest,0.2.1-7-gcd936a5-2026.04.04.06.36,https://github.com/machinekoder/ros_pytest/tree/noetic-devel,success,ros_pytest_0.2.1-7-gcd936a5-2026.04.04.06.36-bloom_generate.log,ros-one-ros-pytest_0.2.1-7-gcd936a5-2026.04.04.06.36_amd64-2026-04-04T06:36:02Z.build,ros-one-ros-pytest_0.2.1-7-gcd936a5-2026.04.04.06.36_amd64.deb,ros-one-ros-pytest_0.2.1-7-gcd936a5-2026.04.04.06.36_amd64.files
test_catkin_virtualenv,0.13.0-31-ga6fe7a7-2026.04.04.06.37,https://github.com/ros-o/catkin_virtualenv/tree/fix-stdin-in-wrapped-scripts,success,test_catkin_virtualenv_0.13.0-31-ga6fe7a7-2026.04.04.06.37-bloom_generate.log,ros-one-test-catkin-virtualenv_0.13.0-31-ga6fe7a7-2026.04.04.06.37_amd64-2026-04-04T06:37:48Z.build,ros-one-test-catkin-virtualenv_0.13.0-31-ga6fe7a7-2026.04.04.06.37_amd64.deb,ros-one-test-catkin-virtualenv_0.13.0-31-ga6fe7a7-2026.04.04.06.37_amd64.files
test_catkin_virtualenv_inherited,0.13.0-31-ga6fe7a7-2026.04.04.06.39,https://github.com/ros-o/catkin_virtualenv/tree/fix-stdin-in-wrapped-scripts,success,test_catkin_virtualenv_inherited_0.13.0-31-ga6fe7a7-2026.04.04.06.39-bloom_generate.log,ros-one-test-catkin-virtualenv-inherited_0.13.0-31-ga6fe7a7-2026.04.04.06.39_amd64-2026-04-04T06:39:54Z.build,ros-one-test-catkin-virtualenv-inherited_0.13.0-31-ga6fe7a7-2026.04.04.06.39_amd64.deb,ros-one-test-catkin-virtualenv-inherited_0.13.0-31-ga6fe7a7-2026.04.04.06.39_amd64.files
timed_roslaunch,0.2.0-2026.04.04.06.42,https://github.com/Tiryoh/timed_roslaunch/tree/noetic-devel,success,timed_roslaunch_0.2.0-2026.04.04.06.42-bloom_generate.log,ros-one-timed-roslaunch_0.2.0-2026.04.04.06.42_amd64-2026-04-04T06:42:03Z.build,ros-one-timed-roslaunch_0.2.0-2026.04.04.06.42_amd64.deb,ros-one-timed-roslaunch_0.2.0-2026.04.04.06.42_amd64.files
vision_msgs,0.0.2-2026.04.04.06.43,https://github.com/Kukanani/vision_msgs/tree/noetic-devel,success,vision_msgs_0.0.2-2026.04.04.06.43-bloom_generate.log,ros-one-vision-msgs_0.0.2-2026.04.04.06.43_amd64-2026-04-04T06:43:39Z.build,ros-one-vision-msgs_0.0.2-2026.04.04.06.43_amd64.deb,ros-one-vision-msgs_0.0.2-2026.04.04.06.43_amd64.files
backward_ros,0.1.8-2026.04.04.06.29,https://github.com/pal-robotics/backward_ros/tree/kinetic-devel,success,backward_ros_0.1.8-2026.04.04.06.29-bloom_generate.log,ros-one-backward-ros_0.1.8-2026.04.04.06.29_amd64-2026-04-04T06:29:33Z.build,ros-one-backward-ros_0.1.8-2026.04.04.06.29_amd64.deb,ros-one-backward-ros_0.1.8-2026.04.04.06.29_amd64.files
boost_sml,0.1.2-6-gaaddc80-2026.04.04.06.31,https://github.com/ros-o/boost_sml/tree/obese-devel,success,boost_sml_0.1.2-6-gaaddc80-2026.04.04.06.31-bloom_generate.log,ros-one-boost-sml_0.1.2-6-gaaddc80-2026.04.04.06.31_amd64-2026-04-04T06:31:15Z.build,ros-one-boost-sml_0.1.2-6-gaaddc80-2026.04.04.06.31_amd64.deb,ros-one-boost-sml_0.1.2-6-gaaddc80-2026.04.04.06.31_amd64.files
hls_lfcd_lds_driver,1.1.2-6-g15d4be3-2026.04.04.06.33,https://github.com/ROBOTIS-GIT/hls_lfcd_lds_driver/tree/noetic,success,hls_lfcd_lds_driver_1.1.2-6-g15d4be3-2026.04.04.06.33-bloom_generate.log,ros-one-hls-lfcd-lds-driver_1.1.2-6-g15d4be3-2026.04.04.06.33_amd64-2026-04-04T06:33:14Z.build,ros-one-hls-lfcd-lds-driver_1.1.2-6-g15d4be3-2026.04.04.06.33_amd64.deb,ros-one-hls-lfcd-lds-driver_1.1.2-6-g15d4be3-2026.04.04.06.33_amd64.files
rosbag_snapshot_msgs,1.0.6-2026.04.04.06.35,https://github.com/ros/rosbag_snapshot/tree/main,success,rosbag_snapshot_msgs_1.0.6-2026.04.04.06.35-bloom_generate.log,ros-one-rosbag-snapshot-msgs_1.0.6-2026.04.04.06.35_amd64-2026-04-04T06:35:09Z.build,ros-one-rosbag-snapshot-msgs_1.0.6-2026.04.04.06.35_amd64.deb,ros-one-rosbag-snapshot-msgs_1.0.6-2026.04.04.06.35_amd64.files
rosbag_snapshot,1.0.6-2026.04.04.06.36,https://github.com/ros/rosbag_snapshot/tree/main,success,rosbag_snapshot_1.0.6-2026.04.04.06.36-bloom_generate.log,ros-one-rosbag-snapshot_1.0.6-2026.04.04.06.36_amd64-2026-04-04T06:36:51Z.build,ros-one-rosbag-snapshot_1.0.6-2026.04.04.06.36_amd64.deb,ros-one-rosbag-snapshot_1.0.6-2026.04.04.06.36_amd64.files
teleop_twist_keyboard,1.0.0-11-g8e1e14f-2026.04.04.06.39,https://github.com/ros-teleop/teleop_twist_keyboard/tree/master,success,teleop_twist_keyboard_1.0.0-11-g8e1e14f-2026.04.04.06.39-bloom_generate.log,ros-one-teleop-twist-keyboard_1.0.0-11-g8e1e14f-2026.04.04.06.39_amd64-2026-04-04T06:39:08Z.build,ros-one-teleop-twist-keyboard_1.0.0-11-g8e1e14f-2026.04.04.06.39_amd64.deb,ros-one-teleop-twist-keyboard_1.0.0-11-g8e1e14f-2026.04.04.06.39_amd64.files
urdf_parser_plugin,1.13.2-2-g3df8012-2026.04.04.06.40,https://github.com/ros-o/urdf/tree/obese-devel,success,urdf_parser_plugin_1.13.2-2-g3df8012-2026.04.04.06.40-bloom_generate.log,ros-one-urdf-parser-plugin_1.13.2-2-g3df8012-2026.04.04.06.40_amd64-2026-04-04T06:40:44Z.build,ros-one-urdf-parser-plugin_1.13.2-2-g3df8012-2026.04.04.06.40_amd64.deb,ros-one-urdf-parser-plugin_1.13.2-2-g3df8012-2026.04.04.06.40_amd64.files
urdf,1.13.2-2-g3df8012-2026.04.04.06.42,https://github.com/ros-o/urdf/tree/obese-devel,success,urdf_1.13.2-2-g3df8012-2026.04.04.06.42-bloom_generate.log,ros-one-urdf_1.13.2-2-g3df8012-2026.04.04.06.42_amd64-2026-04-04T06:42:22Z.build,ros-one-urdf_1.13.2-2-g3df8012-2026.04.04.06.42_amd64.deb,ros-one-urdf_1.13.2-2-g3df8012-2026.04.04.06.42_amd64.files
urdfdom_py,0.4.6-2026.04.04.06.44,https://github.com/ros/urdf_parser_py/tree/melodic-devel,success,urdfdom_py_0.4.6-2026.04.04.06.44-bloom_generate.log,ros-one-urdfdom-py_0.4.6-2026.04.04.06.44_amd64-2026-04-04T06:44:18Z.build,ros-one-urdfdom-py_0.4.6-2026.04.04.06.44_amd64.deb,ros-one-urdfdom-py_0.4.6-2026.04.04.06.44_amd64.files
bond,1.8.6-1-g398e8ed-2026.04.04.06.29,https://github.com/ros-o/bond_core/tree/obese-devel,success,bond_1.8.6-1-g398e8ed-2026.04.04.06.29-bloom_generate.log,ros-one-bond_1.8.6-1-g398e8ed-2026.04.04.06.29_amd64-2026-04-04T06:29:24Z.build,ros-one-bond_1.8.6-1-g398e8ed-2026.04.04.06.29_amd64.deb,ros-one-bond_1.8.6-1-g398e8ed-2026.04.04.06.29_amd64.files
bond_core,1.8.6-1-g398e8ed-2026.04.04.06.31,https://github.com/ros-o/bond_core/tree/obese-devel,success,bond_core_1.8.6-1-g398e8ed-2026.04.04.06.31-bloom_generate.log,ros-one-bond-core_1.8.6-1-g398e8ed-2026.04.04.06.31_amd64-2026-04-04T06:31:01Z.build,ros-one-bond-core_1.8.6-1-g398e8ed-2026.04.04.06.31_amd64.deb,ros-one-bond-core_1.8.6-1-g398e8ed-2026.04.04.06.31_amd64.files
plotjuggler,3.16.0-17-g59cbb82f-2026.04.04.06.32,https://github.com/facontidavide/PlotJuggler/tree/main,success,plotjuggler_3.16.0-17-g59cbb82f-2026.04.04.06.32-bloom_generate.log,ros-one-plotjuggler_3.16.0-17-g59cbb82f-2026.04.04.06.32_amd64-2026-04-04T06:32:37Z.build,ros-one-plotjuggler_3.16.0-17-g59cbb82f-2026.04.04.06.32_amd64.deb,ros-one-plotjuggler_3.16.0-17-g59cbb82f-2026.04.04.06.32_amd64.files
pr2_mechanism_msgs,1.8.2-2-g992b461-2026.04.04.06.41,https://github.com/pr2/pr2_mechanism_msgs/tree/master,success,pr2_mechanism_msgs_1.8.2-2-g992b461-2026.04.04.06.41-bloom_generate.log,ros-one-pr2-mechanism-msgs_1.8.2-2-g992b461-2026.04.04.06.41_amd64-2026-04-04T06:41:42Z.build,ros-one-pr2-mechanism-msgs_1.8.2-2-g992b461-2026.04.04.06.41_amd64.deb,ros-one-pr2-mechanism-msgs_1.8.2-2-g992b461-2026.04.04.06.41_amd64.files
rosauth,1.0.1-1-gc2a5908-2026.04.04.06.43,https://github.com/GT-RAIL/rosauth/tree/develop,success,rosauth_1.0.1-1-gc2a5908-2026.04.04.06.43-bloom_generate.log,ros-one-rosauth_1.0.1-1-gc2a5908-2026.04.04.06.43_amd64-2026-04-04T06:43:26Z.build,ros-one-rosauth_1.0.1-1-gc2a5908-2026.04.04.06.43_amd64.deb,ros-one-rosauth_1.0.1-1-gc2a5908-2026.04.04.06.43_amd64.files
smclib,1.8.6-1-g398e8ed-2026.04.04.06.45,https://github.com/ros-o/bond_core/tree/obese-devel,success,smclib_1.8.6-1-g398e8ed-2026.04.04.06.45-bloom_generate.log,ros-one-smclib_1.8.6-1-g398e8ed-2026.04.04.06.45_amd64-2026-04-04T06:45:12Z.build,ros-one-smclib_1.8.6-1-g398e8ed-2026.04.04.06.45_amd64.deb,ros-one-smclib_1.8.6-1-g398e8ed-2026.04.04.06.45_amd64.files
bondcpp,1.8.6-1-g398e8ed-2026.04.04.06.46,https://github.com/ros-o/bond_core/tree/obese-devel,success,bondcpp_1.8.6-1-g398e8ed-2026.04.04.06.46-bloom_generate.log,ros-one-bondcpp_1.8.6-1-g398e8ed-2026.04.04.06.46_amd64-2026-04-04T06:46:50Z.build,ros-one-bondcpp_1.8.6-1-g398e8ed-2026.04.04.06.46_amd64.deb,ros-one-bondcpp_1.8.6-1-g398e8ed-2026.04.04.06.46_amd64.files
bondpy,1.8.6-1-g398e8ed-2026.04.04.06.48,https://github.com/ros-o/bond_core/tree/obese-devel,success,bondpy_1.8.6-1-g398e8ed-2026.04.04.06.48-bloom_generate.log,ros-one-bondpy_1.8.6-1-g398e8ed-2026.04.04.06.48_amd64-2026-04-04T06:48:40Z.build,ros-one-bondpy_1.8.6-1-g398e8ed-2026.04.04.06.48_amd64.deb,ros-one-bondpy_1.8.6-1-g398e8ed-2026.04.04.06.48_amd64.files
test_bond,1.8.6-1-g398e8ed-2026.04.04.06.50,https://github.com/ros-o/bond_core/tree/obese-devel,success,test_bond_1.8.6-1-g398e8ed-2026.04.04.06.50-bloom_generate.log,ros-one-test-bond_1.8.6-1-g398e8ed-2026.04.04.06.50_amd64-2026-04-04T06:50:28Z.build,ros-one-test-bond_1.8.6-1-g398e8ed-2026.04.04.06.50_amd64.deb,ros-one-test-bond_1.8.6-1-g398e8ed-2026.04.04.06.50_amd64.files
cras_msgs,2.0.1-2026.04.04.06.29,https://github.com/ctu-vras/cras_msgs/tree/master,success,cras_msgs_2.0.1-2026.04.04.06.29-bloom_generate.log,ros-one-cras-msgs_2.0.1-2026.04.04.06.29_amd64-2026-04-04T06:29:39Z.build,ros-one-cras-msgs_2.0.1-2026.04.04.06.29_amd64.deb,ros-one-cras-msgs_2.0.1-2026.04.04.06.29_amd64.files
geometric_shapes,0.7.7-1-gc24eb49-2026.04.04.06.31,https://github.com/moveit/geometric_shapes/tree/noetic-devel,success,geometric_shapes_0.7.7-1-gc24eb49-2026.04.04.06.31-bloom_generate.log,ros-one-geometric-shapes_0.7.7-1-gc24eb49-2026.04.04.06.31_amd64-2026-04-04T06:31:23Z.build,ros-one-geometric-shapes_0.7.7-1-gc24eb49-2026.04.04.06.31_amd64.deb,ros-one-geometric-shapes_0.7.7-1-gc24eb49-2026.04.04.06.31_amd64.files
object_recognition_msgs,0.4.2-2026.04.04.06.33,https://github.com/wg-perception/object_recognition_msgs/tree/noetic-devel,success,object_recognition_msgs_0.4.2-2026.04.04.06.33-bloom_generate.log,ros-one-object-recognition-msgs_0.4.2-2026.04.04.06.33_amd64-2026-04-04T06:33:44Z.build,ros-one-object-recognition-msgs_0.4.2-2026.04.04.06.33_amd64.deb,ros-one-object-recognition-msgs_0.4.2-2026.04.04.06.33_amd64.files
pal_carbon_collector,1.5.2-2-ga5b028b-2026.04.04.06.35,https://github.com/pal-robotics/pal_statistics/tree/kinetic-devel,success,pal_carbon_collector_1.5.2-2-ga5b028b-2026.04.04.06.35-bloom_generate.log,ros-one-pal-carbon-collector_1.5.2-2-ga5b028b-2026.04.04.06.35_amd64-2026-04-04T06:35:29Z.build,ros-one-pal-carbon-collector_1.5.2-2-ga5b028b-2026.04.04.06.35_amd64.deb,ros-one-pal-carbon-collector_1.5.2-2-ga5b028b-2026.04.04.06.35_amd64.files
pal_statistics_msgs,1.5.2-2-ga5b028b-2026.04.04.06.37,https://github.com/pal-robotics/pal_statistics/tree/kinetic-devel,success,pal_statistics_msgs_1.5.2-2-ga5b028b-2026.04.04.06.37-bloom_generate.log,ros-one-pal-statistics-msgs_1.5.2-2-ga5b028b-2026.04.04.06.37_amd64-2026-04-04T06:37:07Z.build,ros-one-pal-statistics-msgs_1.5.2-2-ga5b028b-2026.04.04.06.37_amd64.deb,ros-one-pal-statistics-msgs_1.5.2-2-ga5b028b-2026.04.04.06.37_amd64.files
pal_statistics,1.5.2-2-ga5b028b-2026.04.04.06.38,https://github.com/pal-robotics/pal_statistics/tree/kinetic-devel,success,pal_statistics_1.5.2-2-ga5b028b-2026.04.04.06.38-bloom_generate.log,ros-one-pal-statistics_1.5.2-2-ga5b028b-2026.04.04.06.38_amd64-2026-04-04T06:38:52Z.build,ros-one-pal-statistics_1.5.2-2-ga5b028b-2026.04.04.06.38_amd64.deb,ros-one-pal-statistics_1.5.2-2-ga5b028b-2026.04.04.06.38_amd64.files
unique_identifier,1.0.6-9-g39b8b62-2026.04.04.06.41,https://github.com/ros-geographic-info/unique_identifier/tree/master,success,unique_identifier_1.0.6-9-g39b8b62-2026.04.04.06.41-bloom_generate.log,ros-one-unique-identifier_1.0.6-9-g39b8b62-2026.04.04.06.41_amd64-2026-04-04T06:41:09Z.build,ros-one-unique-identifier_1.0.6-9-g39b8b62-2026.04.04.06.41_amd64.deb,ros-one-unique-identifier_1.0.6-9-g39b8b62-2026.04.04.06.41_amd64.files
uuid_msgs,1.0.6-9-g39b8b62-2026.04.04.06.42,https://github.com/ros-geographic-info/unique_identifier/tree/master,success,uuid_msgs_1.0.6-9-g39b8b62-2026.04.04.06.42-bloom_generate.log,ros-one-uuid-msgs_1.0.6-9-g39b8b62-2026.04.04.06.42_amd64-2026-04-04T06:42:46Z.build,ros-one-uuid-msgs_1.0.6-9-g39b8b62-2026.04.04.06.42_amd64.deb,ros-one-uuid-msgs_1.0.6-9-g39b8b62-2026.04.04.06.42_amd64.files
unique_id,1.0.6-9-g39b8b62-2026.04.04.06.44,https://github.com/ros-geographic-info/unique_identifier/tree/master,success,unique_id_1.0.6-9-g39b8b62-2026.04.04.06.44-bloom_generate.log,ros-one-unique-id_1.0.6-9-g39b8b62-2026.04.04.06.44_amd64-2026-04-04T06:44:30Z.build,ros-one-unique-id_1.0.6-9-g39b8b62-2026.04.04.06.44_amd64.deb,ros-one-unique-id_1.0.6-9-g39b8b62-2026.04.04.06.44_amd64.files
graph_msgs,0.1.0-3-g530fe7c-2026.04.04.06.29,https://github.com/PickNikRobotics/graph_msgs/tree/jade-devel,success,graph_msgs_0.1.0-3-g530fe7c-2026.04.04.06.29-bloom_generate.log,ros-one-graph-msgs_0.1.0-3-g530fe7c-2026.04.04.06.29_amd64-2026-04-04T06:29:34Z.build,ros-one-graph-msgs_0.1.0-3-g530fe7c-2026.04.04.06.29_amd64.deb,ros-one-graph-msgs_0.1.0-3-g530fe7c-2026.04.04.06.29_amd64.files
joint_state_publisher,1.15.2-2026.04.04.06.31,https://github.com/ros/joint_state_publisher/tree/noetic-devel,success,joint_state_publisher_1.15.2-2026.04.04.06.31-bloom_generate.log,ros-one-joint-state-publisher_1.15.2-2026.04.04.06.31_amd64-2026-04-04T06:31:12Z.build,ros-one-joint-state-publisher_1.15.2-2026.04.04.06.31_amd64.deb,ros-one-joint-state-publisher_1.15.2-2026.04.04.06.31_amd64.files
joint_state_publisher_gui,1.15.2-2026.04.04.06.32,https://github.com/ros/joint_state_publisher/tree/noetic-devel,success,joint_state_publisher_gui_1.15.2-2026.04.04.06.32-bloom_generate.log,ros-one-joint-state-publisher-gui_1.15.2-2026.04.04.06.32_amd64-2026-04-04T06:32:47Z.build,ros-one-joint-state-publisher-gui_1.15.2-2026.04.04.06.32_amd64.deb,ros-one-joint-state-publisher-gui_1.15.2-2026.04.04.06.32_amd64.files
lms1xx,0.3.0-2026.04.04.06.34,https://github.com/clearpathrobotics/LMS1xx/tree/noetic-devel,success,lms1xx_0.3.0-2026.04.04.06.34-bloom_generate.log,ros-one-lms1xx_0.3.0-2026.04.04.06.34_amd64-2026-04-04T06:34:21Z.build,ros-one-lms1xx_0.3.0-2026.04.04.06.34_amd64.deb,ros-one-lms1xx_0.3.0-2026.04.04.06.34_amd64.files
ros_tutorials,0.10.3-2026.04.04.06.36,https://github.com/ros/ros_tutorials/tree/noetic-devel,success,ros_tutorials_0.10.3-2026.04.04.06.36-bloom_generate.log,ros-one-ros-tutorials_0.10.3-2026.04.04.06.36_amd64-2026-04-04T06:36:06Z.build,ros-one-ros-tutorials_0.10.3-2026.04.04.06.36_amd64.deb,ros-one-ros-tutorials_0.10.3-2026.04.04.06.36_amd64.files
roscpp_tutorials,0.10.3-2026.04.04.06.37,https://github.com/ros/ros_tutorials/tree/noetic-devel,success,roscpp_tutorials_0.10.3-2026.04.04.06.37-bloom_generate.log,ros-one-roscpp-tutorials_0.10.3-2026.04.04.06.37_amd64-2026-04-04T06:37:40Z.build,ros-one-roscpp-tutorials_0.10.3-2026.04.04.06.37_amd64.deb,ros-one-roscpp-tutorials_0.10.3-2026.04.04.06.37_amd64.files
rospy_tutorials,0.10.3-2026.04.04.06.39,https://github.com/ros/ros_tutorials/tree/noetic-devel,success,rospy_tutorials_0.10.3-2026.04.04.06.39-bloom_generate.log,ros-one-rospy-tutorials_0.10.3-2026.04.04.06.39_amd64-2026-04-04T06:39:56Z.build,ros-one-rospy-tutorials_0.10.3-2026.04.04.06.39_amd64.deb,ros-one-rospy-tutorials_0.10.3-2026.04.04.06.39_amd64.files
turtlesim,0.10.3-2026.04.04.06.41,https://github.com/ros/ros_tutorials/tree/noetic-devel,success,turtlesim_0.10.3-2026.04.04.06.41-bloom_generate.log,ros-one-turtlesim_0.10.3-2026.04.04.06.41_amd64-2026-04-04T06:41:42Z.build,ros-one-turtlesim_0.10.3-2026.04.04.06.41_amd64.deb,ros-one-turtlesim_0.10.3-2026.04.04.06.41_amd64.files
xacro,1.15.0-1-g3d061ea-2026.04.04.06.43,https://github.com/ros/xacro/tree/noetic-devel,success,xacro_1.15.0-1-g3d061ea-2026.04.04.06.43-bloom_generate.log,ros-one-xacro_1.15.0-1-g3d061ea-2026.04.04.06.43_amd64-2026-04-04T06:43:58Z.build,ros-one-xacro_1.15.0-1-g3d061ea-2026.04.04.06.43_amd64.deb,ros-one-xacro_1.15.0-1-g3d061ea-2026.04.04.06.43_amd64.files
actionlib,1.14.0-7-g792eeda-2026.04.04.06.29,https://github.com/ros-o/actionlib/tree/obese-devel,success,actionlib_1.14.0-7-g792eeda-2026.04.04.06.29-bloom_generate.log,ros-one-actionlib_1.14.0-7-g792eeda-2026.04.04.06.29_amd64-2026-04-04T06:29:29Z.build,ros-one-actionlib_1.14.0-7-g792eeda-2026.04.04.06.29_amd64.deb,ros-one-actionlib_1.14.0-7-g792eeda-2026.04.04.06.29_amd64.files
actionlib_tools,1.14.0-7-g792eeda-2026.04.04.06.31,https://github.com/ros-o/actionlib/tree/obese-devel,success,actionlib_tools_1.14.0-7-g792eeda-2026.04.04.06.31-bloom_generate.log,ros-one-actionlib-tools_1.14.0-7-g792eeda-2026.04.04.06.31_amd64-2026-04-04T06:31:17Z.build,ros-one-actionlib-tools_1.14.0-7-g792eeda-2026.04.04.06.31_amd64.deb,ros-one-actionlib-tools_1.14.0-7-g792eeda-2026.04.04.06.31_amd64.files
cv_bridge,1.16.2-2-gcfabf72-2026.04.04.06.32,https://github.com/ros-perception/vision_opencv/tree/noetic,success,cv_bridge_1.16.2-2-gcfabf72-2026.04.04.06.32-bloom_generate.log,ros-one-cv-bridge_1.16.2-2-gcfabf72-2026.04.04.06.32_amd64-2026-04-04T06:32:47Z.build,ros-one-cv-bridge_1.16.2-2-gcfabf72-2026.04.04.06.32_amd64.deb,ros-one-cv-bridge_1.16.2-2-gcfabf72-2026.04.04.06.32_amd64.files
dynamic_reconfigure,1.7.6-1-gcc4919d-2026.04.04.06.35,https://github.com/ros/dynamic_reconfigure/tree/noetic-devel,success,dynamic_reconfigure_1.7.6-1-gcc4919d-2026.04.04.06.35-bloom_generate.log,ros-one-dynamic-reconfigure_1.7.6-1-gcc4919d-2026.04.04.06.35_amd64-2026-04-04T06:35:37Z.build,ros-one-dynamic-reconfigure_1.7.6-1-gcc4919d-2026.04.04.06.35_amd64.deb,ros-one-dynamic-reconfigure_1.7.6-1-gcc4919d-2026.04.04.06.35_amd64.files
filters,1.9.3-2026.04.04.06.37,https://github.com/ros/filters/tree/noetic-devel,success,filters_1.9.3-2026.04.04.06.37-bloom_generate.log,ros-one-filters_1.9.3-2026.04.04.06.37_amd64-2026-04-04T06:37:20Z.build,ros-one-filters_1.9.3-2026.04.04.06.37_amd64.deb,ros-one-filters_1.9.3-2026.04.04.06.37_amd64.files
image_geometry,1.16.2-2-gcfabf72-2026.04.04.06.39,https://github.com/ros-perception/vision_opencv/tree/noetic,success,image_geometry_1.16.2-2-gcfabf72-2026.04.04.06.39-bloom_generate.log,ros-one-image-geometry_1.16.2-2-gcfabf72-2026.04.04.06.39_amd64-2026-04-04T06:39:12Z.build,ros-one-image-geometry_1.16.2-2-gcfabf72-2026.04.04.06.39_amd64.deb,ros-one-image-geometry_1.16.2-2-gcfabf72-2026.04.04.06.39_amd64.files
opencv_tests,1.16.2-2-gcfabf72-2026.04.04.06.41,https://github.com/ros-perception/vision_opencv/tree/noetic,success,opencv_tests_1.16.2-2-gcfabf72-2026.04.04.06.41-bloom_generate.log,ros-one-opencv-tests_1.16.2-2-gcfabf72-2026.04.04.06.41_amd64-2026-04-04T06:41:17Z.build,ros-one-opencv-tests_1.16.2-2-gcfabf72-2026.04.04.06.41_amd64.deb,ros-one-opencv-tests_1.16.2-2-gcfabf72-2026.04.04.06.41_amd64.files
rosx_introspection,2.2.0-1-g31182cf-2026.04.04.06.42,https://github.com/facontidavide/rosx_introspection/tree/master,success,rosx_introspection_2.2.0-1-g31182cf-2026.04.04.06.42-bloom_generate.log,ros-one-rosx-introspection_2.2.0-1-g31182cf-2026.04.04.06.42_amd64-2026-04-04T06:42:46Z.build,ros-one-rosx-introspection_2.2.0-1-g31182cf-2026.04.04.06.42_amd64.deb,ros-one-rosx-introspection_2.2.0-1-g31182cf-2026.04.04.06.42_amd64.files
vision_opencv,1.16.2-2-gcfabf72-2026.04.04.06.44,https://github.com/ros-perception/vision_opencv/tree/noetic,success,vision_opencv_1.16.2-2-gcfabf72-2026.04.04.06.44-bloom_generate.log,ros-one-vision-opencv_1.16.2-2-gcfabf72-2026.04.04.06.44_amd64-2026-04-04T06:44:28Z.build,ros-one-vision-opencv_1.16.2-2-gcfabf72-2026.04.04.06.44_amd64.deb,ros-one-vision-opencv_1.16.2-2-gcfabf72-2026.04.04.06.44_amd64.files
grpc,0.0.17-1-g43d0faf-2026.04.04.06.31,https://github.com/CogRob/catkin_grpc/tree/master,success,grpc_0.0.17-1-g43d0faf-2026.04.04.06.31-bloom_generate.log,ros-one-grpc_0.0.17-1-g43d0faf-2026.04.04.06.31_amd64-2026-04-04T06:32:05Z.build,ros-one-grpc_0.0.17-1-g43d0faf-2026.04.04.06.31_amd64.deb,ros-one-grpc_0.0.17-1-g43d0faf-2026.04.04.06.31_amd64.files
intera_common,5.3.0-2026.04.04.06.45,https://github.com/RethinkRobotics/intera_common/tree/master,success,intera_common_5.3.0-2026.04.04.06.45-bloom_generate.log,ros-one-intera-common_5.3.0-2026.04.04.06.45_amd64-2026-04-04T06:45:06Z.build,ros-one-intera-common_5.3.0-2026.04.04.06.45_amd64.deb,ros-one-intera-common_5.3.0-2026.04.04.06.45_amd64.files
intera_core_msgs,5.3.0-2026.04.04.06.46,https://github.com/RethinkRobotics/intera_common/tree/master,success,intera_core_msgs_5.3.0-2026.04.04.06.46-bloom_generate.log,ros-one-intera-core-msgs_5.3.0-2026.04.04.06.46_amd64-2026-04-04T06:46:44Z.build,ros-one-intera-core-msgs_5.3.0-2026.04.04.06.46_amd64.deb,ros-one-intera-core-msgs_5.3.0-2026.04.04.06.46_amd64.files
intera_motion_msgs,5.3.0-2026.04.04.06.48,https://github.com/RethinkRobotics/intera_common/tree/master,success,intera_motion_msgs_5.3.0-2026.04.04.06.48-bloom_generate.log,ros-one-intera-motion-msgs_5.3.0-2026.04.04.06.48_amd64-2026-04-04T06:48:34Z.build,ros-one-intera-motion-msgs_5.3.0-2026.04.04.06.48_amd64.deb,ros-one-intera-motion-msgs_5.3.0-2026.04.04.06.48_amd64.files
intera_tools_description,5.3.0-2026.04.04.06.50,https://github.com/RethinkRobotics/intera_common/tree/master,success,intera_tools_description_5.3.0-2026.04.04.06.50-bloom_generate.log,ros-one-intera-tools-description_5.3.0-2026.04.04.06.50_amd64-2026-04-04T06:50:19Z.build,ros-one-intera-tools-description_5.3.0-2026.04.04.06.50_amd64.deb,ros-one-intera-tools-description_5.3.0-2026.04.04.06.50_amd64.files
ros_tcp_endpoint,0.6.0-14-gad04c1f-2026.04.04.06.52,https://github.com/Unity-Technologies/ROS-TCP-Endpoint/tree/dev-ros,success,ros_tcp_endpoint_0.6.0-14-gad04c1f-2026.04.04.06.52-bloom_generate.log,ros-one-ros-tcp-endpoint_0.6.0-14-gad04c1f-2026.04.04.06.52_amd64-2026-04-04T06:52:04Z.build,ros-one-ros-tcp-endpoint_0.6.0-14-gad04c1f-2026.04.04.06.52_amd64.deb,ros-one-ros-tcp-endpoint_0.6.0-14-gad04c1f-2026.04.04.06.52_amd64.files
rospy_message_converter,0.5.9-7-g6ff3719-2026.04.04.06.53,https://github.com/DFKI-NI/rospy_message_converter/tree/master,success,rospy_message_converter_0.5.9-7-g6ff3719-2026.04.04.06.53-bloom_generate.log,ros-one-rospy-message-converter_0.5.9-7-g6ff3719-2026.04.04.06.53_amd64-2026-04-04T06:53:51Z.build,ros-one-rospy-message-converter_0.5.9-7-g6ff3719-2026.04.04.06.53_amd64.deb,ros-one-rospy-message-converter_0.5.9-7-g6ff3719-2026.04.04.06.53_amd64.files
test_grpc,0.0.17-1-g43d0faf-2026.04.04.06.55,https://github.com/CogRob/catkin_grpc/tree/master,success,test_grpc_0.0.17-1-g43d0faf-2026.04.04.06.55-bloom_generate.log,ros-one-test-grpc_0.0.17-1-g43d0faf-2026.04.04.06.55_amd64-2026-04-04T06:55:33Z.build,ros-one-test-grpc_0.0.17-1-g43d0faf-2026.04.04.06.55_amd64.deb,ros-one-test-grpc_0.0.17-1-g43d0faf-2026.04.04.06.55_amd64.files
camera_calibration_parsers,1.12.1-2026.04.04.06.29,https://github.com/ros-perception/image_common/tree/noetic-devel,success,camera_calibration_parsers_1.12.1-2026.04.04.06.29-bloom_generate.log,ros-one-camera-calibration-parsers_1.12.1-2026.04.04.06.29_amd64-2026-04-04T06:29:17Z.build,ros-one-camera-calibration-parsers_1.12.1-2026.04.04.06.29_amd64.deb,ros-one-camera-calibration-parsers_1.12.1-2026.04.04.06.29_amd64.files
image_common,1.12.1-2026.04.04.06.31,https://github.com/ros-perception/image_common/tree/noetic-devel,success,image_common_1.12.1-2026.04.04.06.31-bloom_generate.log,ros-one-image-common_1.12.1-2026.04.04.06.31_amd64-2026-04-04T06:31:18Z.build,ros-one-image-common_1.12.1-2026.04.04.06.31_amd64.deb,ros-one-image-common_1.12.1-2026.04.04.06.31_amd64.files
image_transport,1.12.1-2026.04.04.06.32,https://github.com/ros-perception/image_common/tree/noetic-devel,success,image_transport_1.12.1-2026.04.04.06.32-bloom_generate.log,ros-one-image-transport_1.12.1-2026.04.04.06.32_amd64-2026-04-04T06:32:53Z.build,ros-one-image-transport_1.12.1-2026.04.04.06.32_amd64.deb,ros-one-image-transport_1.12.1-2026.04.04.06.32_amd64.files
camera_info_manager,1.12.1-2026.04.04.06.35,https://github.com/ros-perception/image_common/tree/noetic-devel,success,camera_info_manager_1.12.1-2026.04.04.06.35-bloom_generate.log,ros-one-camera-info-manager_1.12.1-2026.04.04.06.35_amd64-2026-04-04T06:35:09Z.build,ros-one-camera-info-manager_1.12.1-2026.04.04.06.35_amd64.deb,ros-one-camera-info-manager_1.12.1-2026.04.04.06.35_amd64.files
polled_camera,1.12.1-2026.04.04.06.37,https://github.com/ros-perception/image_common/tree/noetic-devel,success,polled_camera_1.12.1-2026.04.04.06.37-bloom_generate.log,ros-one-polled-camera_1.12.1-2026.04.04.06.37_amd64-2026-04-04T06:37:09Z.build,ros-one-polled-camera_1.12.1-2026.04.04.06.37_amd64.deb,ros-one-polled-camera_1.12.1-2026.04.04.06.37_amd64.files
ros_type_introspection,0-2026.04.04.06.39,https://github.com/ros-o/ros_type_introspection/tree/master,success,ros_type_introspection_0-2026.04.04.06.39-bloom_generate.log,ros-one-ros-type-introspection_0-2026.04.04.06.39_amd64-2026-04-04T06:39:03Z.build,ros-one-ros-type-introspection_0-2026.04.04.06.39_amd64.deb,ros-one-ros-type-introspection_0-2026.04.04.06.39_amd64.files
sparse_bundle_adjustment,0.4.4-2026.04.04.06.40,https://github.com/ros-perception/sparse_bundle_adjustment/tree/melodic-devel,success,sparse_bundle_adjustment_0.4.4-2026.04.04.06.40-bloom_generate.log,ros-one-sparse-bundle-adjustment_0.4.4-2026.04.04.06.40_amd64-2026-04-04T06:41:00Z.build,ros-one-sparse-bundle-adjustment_0.4.4-2026.04.04.06.40_amd64.deb,ros-one-sparse-bundle-adjustment_0.4.4-2026.04.04.06.40_amd64.files
view_controller_msgs,0.2.0-2026.04.04.06.43,https://github.com/ros-visualization/view_controller_msgs/tree/noetic-devel,success,view_controller_msgs_0.2.0-2026.04.04.06.43-bloom_generate.log,ros-one-view-controller-msgs_0.2.0-2026.04.04.06.43_amd64-2026-04-04T06:43:10Z.build,ros-one-view-controller-msgs_0.2.0-2026.04.04.06.43_amd64.deb,ros-one-view-controller-msgs_0.2.0-2026.04.04.06.43_amd64.files
allocators,1.0.25-10-g6ad6177-2026.04.04.06.29,https://github.com/ros-o/ros_realtime/tree/obese-devel,success,allocators_1.0.25-10-g6ad6177-2026.04.04.06.29-bloom_generate.log,ros-one-allocators_1.0.25-10-g6ad6177-2026.04.04.06.29_amd64-2026-04-04T06:29:20Z.build,ros-one-allocators_1.0.25-10-g6ad6177-2026.04.04.06.29_amd64.deb,ros-one-allocators_1.0.25-10-g6ad6177-2026.04.04.06.29_amd64.files
cartesian_control_msgs,0.1.0-3-ge5796bb-2026.04.04.06.30,https://github.com/UniversalRobots/Universal_Robots_ROS_cartesian_control_msgs/tree/main,success,cartesian_control_msgs_0.1.0-3-ge5796bb-2026.04.04.06.30-bloom_generate.log,ros-one-cartesian-control-msgs_0.1.0-3-ge5796bb-2026.04.04.06.30_amd64-2026-04-04T06:30:52Z.build,ros-one-cartesian-control-msgs_0.1.0-3-ge5796bb-2026.04.04.06.30_amd64.deb,ros-one-cartesian-control-msgs_0.1.0-3-ge5796bb-2026.04.04.06.30_amd64.files
ethercat_grant,0-2026.04.04.06.32,https://github.com/ros-o/ethercat_grant/tree/obese-devel,success,ethercat_grant_0-2026.04.04.06.32-bloom_generate.log,ros-one-ethercat-grant_0-2026.04.04.06.32_amd64-2026-04-04T06:32:33Z.build,ros-one-ethercat-grant_0-2026.04.04.06.32_amd64.deb,ros-one-ethercat-grant_0-2026.04.04.06.32_amd64.files
foxglove_msgs,3.2.6-1-2026.04.04.06.34,https://github.com/ros2-gbp/foxglove_bridge-release/tree/release/rolling/foxglove_msgs,success,foxglove_msgs_3.2.6-1-2026.04.04.06.34-bloom_generate.log,ros-one-foxglove-msgs_3.2.6-1-2026.04.04.06.34_amd64-2026-04-04T06:34:14Z.build,ros-one-foxglove-msgs_3.2.6-1-2026.04.04.06.34_amd64.deb,ros-one-foxglove-msgs_3.2.6-1-2026.04.04.06.34_amd64.files
ros_realtime,1.0.25-10-g6ad6177-2026.04.04.06.36,https://github.com/ros-o/ros_realtime/tree/obese-devel,success,ros_realtime_1.0.25-10-g6ad6177-2026.04.04.06.36-bloom_generate.log,ros-one-ros-realtime_1.0.25-10-g6ad6177-2026.04.04.06.36_amd64-2026-04-04T06:36:04Z.build,ros-one-ros-realtime_1.0.25-10-g6ad6177-2026.04.04.06.36_amd64.deb,ros-one-ros-realtime_1.0.25-10-g6ad6177-2026.04.04.06.36_amd64.files
rosatomic,1.0.25-10-g6ad6177-2026.04.04.06.37,https://github.com/ros-o/ros_realtime/tree/obese-devel,success,rosatomic_1.0.25-10-g6ad6177-2026.04.04.06.37-bloom_generate.log,ros-one-rosatomic_1.0.25-10-g6ad6177-2026.04.04.06.37_amd64-2026-04-04T06:37:40Z.build,ros-one-rosatomic_1.0.25-10-g6ad6177-2026.04.04.06.37_amd64.deb,ros-one-rosatomic_1.0.25-10-g6ad6177-2026.04.04.06.37_amd64.files
lockfree,1.0.25-10-g6ad6177-2026.04.04.06.39,https://github.com/ros-o/ros_realtime/tree/obese-devel,success,lockfree_1.0.25-10-g6ad6177-2026.04.04.06.39-bloom_generate.log,ros-one-lockfree_1.0.25-10-g6ad6177-2026.04.04.06.39_amd64-2026-04-04T06:39:15Z.build,ros-one-lockfree_1.0.25-10-g6ad6177-2026.04.04.06.39_amd64.deb,ros-one-lockfree_1.0.25-10-g6ad6177-2026.04.04.06.39_amd64.files
rosrt,1.0.25-10-g6ad6177-2026.04.04.06.40,https://github.com/ros-o/ros_realtime/tree/obese-devel,success,rosrt_1.0.25-10-g6ad6177-2026.04.04.06.40-bloom_generate.log,ros-one-rosrt_1.0.25-10-g6ad6177-2026.04.04.06.40_amd64-2026-04-04T06:41:00Z.build,ros-one-rosrt_1.0.25-10-g6ad6177-2026.04.04.06.40_amd64.deb,ros-one-rosrt_1.0.25-10-g6ad6177-2026.04.04.06.40_amd64.files
geometry2,0.7.5-33-g2d0e6c8-2026.04.04.06.59,https://github.com/ros-o/geometry2/tree/obese-devel,success,geometry2_0.7.5-33-g2d0e6c8-2026.04.04.06.59-bloom_generate.log,ros-one-geometry2_0.7.5-33-g2d0e6c8-2026.04.04.06.59_amd64-2026-04-04T06:59:46Z.build,ros-one-geometry2_0.7.5-33-g2d0e6c8-2026.04.04.06.59_amd64.deb,ros-one-geometry2_0.7.5-33-g2d0e6c8-2026.04.04.06.59_amd64.files
tf2_msgs,0.7.5-33-g2d0e6c8-2026.04.04.07.01,https://github.com/ros-o/geometry2/tree/obese-devel,success,tf2_msgs_0.7.5-33-g2d0e6c8-2026.04.04.07.01-bloom_generate.log,ros-one-tf2-msgs_0.7.5-33-g2d0e6c8-2026.04.04.07.01_amd64-2026-04-04T07:01:39Z.build,ros-one-tf2-msgs_0.7.5-33-g2d0e6c8-2026.04.04.07.01_amd64.deb,ros-one-tf2-msgs_0.7.5-33-g2d0e6c8-2026.04.04.07.01_amd64.files
tf2,0.7.5-33-g2d0e6c8-2026.04.04.07.03,https://github.com/ros-o/geometry2/tree/obese-devel,success,tf2_0.7.5-33-g2d0e6c8-2026.04.04.07.03-bloom_generate.log,ros-one-tf2_0.7.5-33-g2d0e6c8-2026.04.04.07.03_amd64-2026-04-04T07:03:40Z.build,ros-one-tf2_0.7.5-33-g2d0e6c8-2026.04.04.07.03_amd64.deb,ros-one-tf2_0.7.5-33-g2d0e6c8-2026.04.04.07.03_amd64.files
tf2_bullet,0.7.5-33-g2d0e6c8-2026.04.04.07.05,https://github.com/ros-o/geometry2/tree/obese-devel,success,tf2_bullet_0.7.5-33-g2d0e6c8-2026.04.04.07.05-bloom_generate.log,ros-one-tf2-bullet_0.7.5-33-g2d0e6c8-2026.04.04.07.05_amd64-2026-04-04T07:05:44Z.build,ros-one-tf2-bullet_0.7.5-33-g2d0e6c8-2026.04.04.07.05_amd64.deb,ros-one-tf2-bullet_0.7.5-33-g2d0e6c8-2026.04.04.07.05_amd64.files
tf2_eigen,0.7.5-33-g2d0e6c8-2026.04.04.07.07,https://github.com/ros-o/geometry2/tree/obese-devel,success,tf2_eigen_0.7.5-33-g2d0e6c8-2026.04.04.07.07-bloom_generate.log,ros-one-tf2-eigen_0.7.5-33-g2d0e6c8-2026.04.04.07.07_amd64-2026-04-04T07:07:43Z.build,ros-one-tf2-eigen_0.7.5-33-g2d0e6c8-2026.04.04.07.07_amd64.deb,ros-one-tf2-eigen_0.7.5-33-g2d0e6c8-2026.04.04.07.07_amd64.files
tf2_py,0.7.5-33-g2d0e6c8-2026.04.04.07.09,https://github.com/ros-o/geometry2/tree/obese-devel,success,tf2_py_0.7.5-33-g2d0e6c8-2026.04.04.07.09-bloom_generate.log,ros-one-tf2-py_0.7.5-33-g2d0e6c8-2026.04.04.07.09_amd64-2026-04-04T07:09:38Z.build,ros-one-tf2-py_0.7.5-33-g2d0e6c8-2026.04.04.07.09_amd64.deb,ros-one-tf2-py_0.7.5-33-g2d0e6c8-2026.04.04.07.09_amd64.files
tf2_ros,0.7.5-33-g2d0e6c8-2026.04.04.07.11,https://github.com/ros-o/geometry2/tree/obese-devel,success,tf2_ros_0.7.5-33-g2d0e6c8-2026.04.04.07.11-bloom_generate.log,ros-one-tf2-ros_0.7.5-33-g2d0e6c8-2026.04.04.07.11_amd64-2026-04-04T07:11:48Z.build,ros-one-tf2-ros_0.7.5-33-g2d0e6c8-2026.04.04.07.11_amd64.deb,ros-one-tf2-ros_0.7.5-33-g2d0e6c8-2026.04.04.07.11_amd64.files
tf2_geometry_msgs,0.7.5-33-g2d0e6c8-2026.04.04.07.14,https://github.com/ros-o/geometry2/tree/obese-devel,success,tf2_geometry_msgs_0.7.5-33-g2d0e6c8-2026.04.04.07.14-bloom_generate.log,ros-one-tf2-geometry-msgs_0.7.5-33-g2d0e6c8-2026.04.04.07.14_amd64-2026-04-04T07:14:21Z.build,ros-one-tf2-geometry-msgs_0.7.5-33-g2d0e6c8-2026.04.04.07.14_amd64.deb,ros-one-tf2-geometry-msgs_0.7.5-33-g2d0e6c8-2026.04.04.07.14_amd64.files
tf2_kdl,0.7.5-33-g2d0e6c8-2026.04.04.07.16,https://github.com/ros-o/geometry2/tree/obese-devel,success,tf2_kdl_0.7.5-33-g2d0e6c8-2026.04.04.07.16-bloom_generate.log,ros-one-tf2-kdl_0.7.5-33-g2d0e6c8-2026.04.04.07.16_amd64-2026-04-04T07:16:27Z.build,ros-one-tf2-kdl_0.7.5-33-g2d0e6c8-2026.04.04.07.16_amd64.deb,ros-one-tf2-kdl_0.7.5-33-g2d0e6c8-2026.04.04.07.16_amd64.files
test_tf2,0.7.5-33-g2d0e6c8-2026.04.04.07.18,https://github.com/ros-o/geometry2/tree/obese-devel,success,test_tf2_0.7.5-33-g2d0e6c8-2026.04.04.07.18-bloom_generate.log,ros-one-test-tf2_0.7.5-33-g2d0e6c8-2026.04.04.07.18_amd64-2026-04-04T07:18:36Z.build,ros-one-test-tf2_0.7.5-33-g2d0e6c8-2026.04.04.07.18_amd64.deb,ros-one-test-tf2_0.7.5-33-g2d0e6c8-2026.04.04.07.18_amd64.files
tf2_sensor_msgs,0.7.5-33-g2d0e6c8-2026.04.04.07.20,https://github.com/ros-o/geometry2/tree/obese-devel,success,tf2_sensor_msgs_0.7.5-33-g2d0e6c8-2026.04.04.07.20-bloom_generate.log,ros-one-tf2-sensor-msgs_0.7.5-33-g2d0e6c8-2026.04.04.07.20_amd64-2026-04-04T07:20:45Z.build,ros-one-tf2-sensor-msgs_0.7.5-33-g2d0e6c8-2026.04.04.07.20_amd64.deb,ros-one-tf2-sensor-msgs_0.7.5-33-g2d0e6c8-2026.04.04.07.20_amd64.files
tf2_tools,0.7.5-33-g2d0e6c8-2026.04.04.07.22,https://github.com/ros-o/geometry2/tree/obese-devel,success,tf2_tools_0.7.5-33-g2d0e6c8-2026.04.04.07.22-bloom_generate.log,ros-one-tf2-tools_0.7.5-33-g2d0e6c8-2026.04.04.07.22_amd64-2026-04-04T07:22:56Z.build,ros-one-tf2-tools_0.7.5-33-g2d0e6c8-2026.04.04.07.22_amd64.deb,ros-one-tf2-tools_0.7.5-33-g2d0e6c8-2026.04.04.07.22_amd64.files
audio_common,0.3.18-2026.04.04.07.00,https://github.com/ros-drivers/audio_common/tree/master,success,audio_common_0.3.18-2026.04.04.07.00-bloom_generate.log,ros-one-audio-common_0.3.18-2026.04.04.07.00_amd64-2026-04-04T07:00:33Z.build,ros-one-audio-common_0.3.18-2026.04.04.07.00_amd64.deb,ros-one-audio-common_0.3.18-2026.04.04.07.00_amd64.files
audio_common_msgs,0.3.18-2026.04.04.07.02,https://github.com/ros-drivers/audio_common/tree/master,success,audio_common_msgs_0.3.18-2026.04.04.07.02-bloom_generate.log,ros-one-audio-common-msgs_0.3.18-2026.04.04.07.02_amd64-2026-04-04T07:02:43Z.build,ros-one-audio-common-msgs_0.3.18-2026.04.04.07.02_amd64.deb,ros-one-audio-common-msgs_0.3.18-2026.04.04.07.02_amd64.files
audio_capture,0.3.18-2026.04.04.07.04,https://github.com/ros-drivers/audio_common/tree/master,success,audio_capture_0.3.18-2026.04.04.07.04-bloom_generate.log,ros-one-audio-capture_0.3.18-2026.04.04.07.04_amd64-2026-04-04T07:05:00Z.build,ros-one-audio-capture_0.3.18-2026.04.04.07.04_amd64.deb,ros-one-audio-capture_0.3.18-2026.04.04.07.04_amd64.files
audio_play,0.3.18-2026.04.04.07.07,https://github.com/ros-drivers/audio_common/tree/master,success,audio_play_0.3.18-2026.04.04.07.07-bloom_generate.log,ros-one-audio-play_0.3.18-2026.04.04.07.07_amd64-2026-04-04T07:07:33Z.build,ros-one-audio-play_0.3.18-2026.04.04.07.07_amd64.deb,ros-one-audio-play_0.3.18-2026.04.04.07.07_amd64.files
collada_parser,1.12.13-1-g4d944c2-2026.04.04.07.10,https://github.com/ros-o/collada_urdf/tree/obese-devel,success,collada_parser_1.12.13-1-g4d944c2-2026.04.04.07.10-bloom_generate.log,ros-one-collada-parser_1.12.13-1-g4d944c2-2026.04.04.07.10_amd64-2026-04-04T07:10:03Z.build,ros-one-collada-parser_1.12.13-1-g4d944c2-2026.04.04.07.10_amd64.deb,ros-one-collada-parser_1.12.13-1-g4d944c2-2026.04.04.07.10_amd64.files
collada_urdf,1.12.13-1-g4d944c2-2026.04.04.07.12,https://github.com/ros-o/collada_urdf/tree/obese-devel,success,collada_urdf_1.12.13-1-g4d944c2-2026.04.04.07.12-bloom_generate.log,ros-one-collada-urdf_1.12.13-1-g4d944c2-2026.04.04.07.12_amd64-2026-04-04T07:12:44Z.build,ros-one-collada-urdf_1.12.13-1-g4d944c2-2026.04.04.07.12_amd64.deb,ros-one-collada-urdf_1.12.13-1-g4d944c2-2026.04.04.07.12_amd64.files
joy_teleop,0.5.0-2026.04.04.07.15,https://github.com/ros-teleop/teleop_tools/tree/noetic-devel,success,joy_teleop_0.5.0-2026.04.04.07.15-bloom_generate.log,ros-one-joy-teleop_0.5.0-2026.04.04.07.15_amd64-2026-04-04T07:15:38Z.build,ros-one-joy-teleop_0.5.0-2026.04.04.07.15_amd64.deb,ros-one-joy-teleop_0.5.0-2026.04.04.07.15_amd64.files
key_teleop,0.5.0-2026.04.04.07.17,https://github.com/ros-teleop/teleop_tools/tree/noetic-devel,success,key_teleop_0.5.0-2026.04.04.07.17-bloom_generate.log,ros-one-key-teleop_0.5.0-2026.04.04.07.17_amd64-2026-04-04T07:17:51Z.build,ros-one-key-teleop_0.5.0-2026.04.04.07.17_amd64.deb,ros-one-key-teleop_0.5.0-2026.04.04.07.17_amd64.files
mouse_teleop,0.5.0-2026.04.04.07.20,https://github.com/ros-teleop/teleop_tools/tree/noetic-devel,success,mouse_teleop_0.5.0-2026.04.04.07.20-bloom_generate.log,ros-one-mouse-teleop_0.5.0-2026.04.04.07.20_amd64-2026-04-04T07:20:37Z.build,ros-one-mouse-teleop_0.5.0-2026.04.04.07.20_amd64.deb,ros-one-mouse-teleop_0.5.0-2026.04.04.07.20_amd64.files
sound_play,0.3.18-2026.04.04.07.23,https://github.com/ros-drivers/audio_common/tree/master,success,sound_play_0.3.18-2026.04.04.07.23-bloom_generate.log,ros-one-sound-play_0.3.18-2026.04.04.07.23_amd64-2026-04-04T07:23:25Z.build,ros-one-sound-play_0.3.18-2026.04.04.07.23_amd64.deb,ros-one-sound-play_0.3.18-2026.04.04.07.23_amd64.files
teleop_tools,0.5.0-2026.04.04.07.25,https://github.com/ros-teleop/teleop_tools/tree/noetic-devel,success,teleop_tools_0.5.0-2026.04.04.07.25-bloom_generate.log,ros-one-teleop-tools_0.5.0-2026.04.04.07.25_amd64-2026-04-04T07:25:57Z.build,ros-one-teleop-tools_0.5.0-2026.04.04.07.25_amd64.deb,ros-one-teleop-tools_0.5.0-2026.04.04.07.25_amd64.files
teleop_tools_msgs,0.5.0-2026.04.04.07.28,https://github.com/ros-teleop/teleop_tools/tree/noetic-devel,success,teleop_tools_msgs_0.5.0-2026.04.04.07.28-bloom_generate.log,ros-one-teleop-tools-msgs_0.5.0-2026.04.04.07.28_amd64-2026-04-04T07:28:12Z.build,ros-one-teleop-tools-msgs_0.5.0-2026.04.04.07.28_amd64.deb,ros-one-teleop-tools-msgs_0.5.0-2026.04.04.07.28_amd64.files
kdl_parser,1.14.1-2-g093117a-2026.04.04.06.59,https://github.com/ros-o/kdl_parser/tree/obese-devel,success,kdl_parser_1.14.1-2-g093117a-2026.04.04.06.59-bloom_generate.log,ros-one-kdl-parser_1.14.1-2-g093117a-2026.04.04.06.59_amd64-2026-04-04T06:59:44Z.build,ros-one-kdl-parser_1.14.1-2-g093117a-2026.04.04.06.59_amd64.deb,ros-one-kdl-parser_1.14.1-2-g093117a-2026.04.04.06.59_amd64.files
kdl_parser_py,1.14.1-2-g093117a-2026.04.04.07.02,https://github.com/ros-o/kdl_parser/tree/obese-devel,success,kdl_parser_py_1.14.1-2-g093117a-2026.04.04.07.02-bloom_generate.log,ros-one-kdl-parser-py_1.14.1-2-g093117a-2026.04.04.07.02_amd64-2026-04-04T07:02:11Z.build,ros-one-kdl-parser-py_1.14.1-2-g093117a-2026.04.04.07.02_amd64.deb,ros-one-kdl-parser-py_1.14.1-2-g093117a-2026.04.04.07.02_amd64.files
nodelet,1.11.2-1-g5ed9cab-2026.04.04.07.04,https://github.com/ros/nodelet_core/tree/noetic-devel,success,nodelet_1.11.2-1-g5ed9cab-2026.04.04.07.04-bloom_generate.log,ros-one-nodelet_1.11.2-1-g5ed9cab-2026.04.04.07.04_amd64-2026-04-04T07:04:23Z.build,ros-one-nodelet_1.11.2-1-g5ed9cab-2026.04.04.07.04_amd64.deb,ros-one-nodelet_1.11.2-1-g5ed9cab-2026.04.04.07.04_amd64.files
nodelet_core,1.11.2-1-g5ed9cab-2026.04.04.07.07,https://github.com/ros/nodelet_core/tree/noetic-devel,success,nodelet_core_1.11.2-1-g5ed9cab-2026.04.04.07.07-bloom_generate.log,ros-one-nodelet-core_1.11.2-1-g5ed9cab-2026.04.04.07.07_amd64-2026-04-04T07:07:04Z.build,ros-one-nodelet-core_1.11.2-1-g5ed9cab-2026.04.04.07.07_amd64.deb,ros-one-nodelet-core_1.11.2-1-g5ed9cab-2026.04.04.07.07_amd64.files
nodelet_topic_tools,1.11.2-1-g5ed9cab-2026.04.04.07.09,https://github.com/ros/nodelet_core/tree/noetic-devel,success,nodelet_topic_tools_1.11.2-1-g5ed9cab-2026.04.04.07.09-bloom_generate.log,ros-one-nodelet-topic-tools_1.11.2-1-g5ed9cab-2026.04.04.07.09_amd64-2026-04-04T07:09:17Z.build,ros-one-nodelet-topic-tools_1.11.2-1-g5ed9cab-2026.04.04.07.09_amd64.deb,ros-one-nodelet-topic-tools_1.11.2-1-g5ed9cab-2026.04.04.07.09_amd64.files
pr2_common,1.13.1-2-g9a8e4fb-2026.04.04.07.11,https://github.com/pr2/pr2_common/tree/melodic-devel,success,pr2_common_1.13.1-2-g9a8e4fb-2026.04.04.07.11-bloom_generate.log,ros-one-pr2-common_1.13.1-2-g9a8e4fb-2026.04.04.07.11_amd64-2026-04-04T07:11:44Z.build,ros-one-pr2-common_1.13.1-2-g9a8e4fb-2026.04.04.07.11_amd64.deb,ros-one-pr2-common_1.13.1-2-g9a8e4fb-2026.04.04.07.11_amd64.files
pr2_dashboard_aggregator,1.13.1-2-g9a8e4fb-2026.04.04.07.13,https://github.com/pr2/pr2_common/tree/melodic-devel,success,pr2_dashboard_aggregator_1.13.1-2-g9a8e4fb-2026.04.04.07.13-bloom_generate.log,ros-one-pr2-dashboard-aggregator_1.13.1-2-g9a8e4fb-2026.04.04.07.13_amd64-2026-04-04T07:13:58Z.build,ros-one-pr2-dashboard-aggregator_1.13.1-2-g9a8e4fb-2026.04.04.07.13_amd64.deb,ros-one-pr2-dashboard-aggregator_1.13.1-2-g9a8e4fb-2026.04.04.07.13_amd64.files
pr2_description,1.13.1-2-g9a8e4fb-2026.04.04.07.16,https://github.com/pr2/pr2_common/tree/melodic-devel,success,pr2_description_1.13.1-2-g9a8e4fb-2026.04.04.07.16-bloom_generate.log,ros-one-pr2-description_1.13.1-2-g9a8e4fb-2026.04.04.07.16_amd64-2026-04-04T07:16:13Z.build,ros-one-pr2-description_1.13.1-2-g9a8e4fb-2026.04.04.07.16_amd64.deb,ros-one-pr2-description_1.13.1-2-g9a8e4fb-2026.04.04.07.16_amd64.files
pr2_machine,1.13.1-2-g9a8e4fb-2026.04.04.07.18,https://github.com/pr2/pr2_common/tree/melodic-devel,success,pr2_machine_1.13.1-2-g9a8e4fb-2026.04.04.07.18-bloom_generate.log,ros-one-pr2-machine_1.13.1-2-g9a8e4fb-2026.04.04.07.18_amd64-2026-04-04T07:18:41Z.build,ros-one-pr2-machine_1.13.1-2-g9a8e4fb-2026.04.04.07.18_amd64.deb,ros-one-pr2-machine_1.13.1-2-g9a8e4fb-2026.04.04.07.18_amd64.files
pr2_msgs,1.13.1-2-g9a8e4fb-2026.04.04.07.20,https://github.com/pr2/pr2_common/tree/melodic-devel,success,pr2_msgs_1.13.1-2-g9a8e4fb-2026.04.04.07.20-bloom_generate.log,ros-one-pr2-msgs_1.13.1-2-g9a8e4fb-2026.04.04.07.20_amd64-2026-04-04T07:20:55Z.build,ros-one-pr2-msgs_1.13.1-2-g9a8e4fb-2026.04.04.07.20_amd64.deb,ros-one-pr2-msgs_1.13.1-2-g9a8e4fb-2026.04.04.07.20_amd64.files
test_nodelet,1.11.2-1-g5ed9cab-2026.04.04.07.23,https://github.com/ros/nodelet_core/tree/noetic-devel,success,test_nodelet_1.11.2-1-g5ed9cab-2026.04.04.07.23-bloom_generate.log,ros-one-test-nodelet_1.11.2-1-g5ed9cab-2026.04.04.07.23_amd64-2026-04-04T07:23:19Z.build,ros-one-test-nodelet_1.11.2-1-g5ed9cab-2026.04.04.07.23_amd64.deb,ros-one-test-nodelet_1.11.2-1-g5ed9cab-2026.04.04.07.23_amd64.files
test_nodelet_topic_tools,1.11.2-1-g5ed9cab-2026.04.04.07.25,https://github.com/ros/nodelet_core/tree/noetic-devel,success,test_nodelet_topic_tools_1.11.2-1-g5ed9cab-2026.04.04.07.25-bloom_generate.log,ros-one-test-nodelet-topic-tools_1.11.2-1-g5ed9cab-2026.04.04.07.25_amd64-2026-04-04T07:25:45Z.build,ros-one-test-nodelet-topic-tools_1.11.2-1-g5ed9cab-2026.04.04.07.25_amd64.deb,ros-one-test-nodelet-topic-tools_1.11.2-1-g5ed9cab-2026.04.04.07.25_amd64.files
calibration,0-2026.04.04.06.59,https://github.com/ros-o/calibration/tree/obese-devel,success,calibration_0-2026.04.04.06.59-bloom_generate.log,ros-one-calibration_0-2026.04.04.06.59_amd64-2026-04-04T06:59:48Z.build,ros-one-calibration_0-2026.04.04.06.59_amd64.deb,ros-one-calibration_0-2026.04.04.06.59_amd64.files
calibration_launch,0-2026.04.04.07.02,https://github.com/ros-o/calibration/tree/obese-devel,success,calibration_launch_0-2026.04.04.07.02-bloom_generate.log,ros-one-calibration-launch_0-2026.04.04.07.02_amd64-2026-04-04T07:02:01Z.build,ros-one-calibration-launch_0-2026.04.04.07.02_amd64.deb,ros-one-calibration-launch_0-2026.04.04.07.02_amd64.files
calibration_msgs,0-2026.04.04.07.04,https://github.com/ros-o/calibration/tree/obese-devel,success,calibration_msgs_0-2026.04.04.07.04-bloom_generate.log,ros-one-calibration-msgs_0-2026.04.04.07.04_amd64-2026-04-04T07:04:14Z.build,ros-one-calibration-msgs_0-2026.04.04.07.04_amd64.deb,ros-one-calibration-msgs_0-2026.04.04.07.04_amd64.files
calibration_estimation,0-2026.04.04.07.06,https://github.com/ros-o/calibration/tree/obese-devel,success,calibration_estimation_0-2026.04.04.07.06-bloom_generate.log,ros-one-calibration-estimation_0-2026.04.04.07.06_amd64-2026-04-04T07:06:34Z.build,ros-one-calibration-estimation_0-2026.04.04.07.06_amd64.deb,ros-one-calibration-estimation_0-2026.04.04.07.06_amd64.files
calibration_setup_helper,0-2026.04.04.07.08,https://github.com/ros-o/calibration/tree/obese-devel,success,calibration_setup_helper_0-2026.04.04.07.08-bloom_generate.log,ros-one-calibration-setup-helper_0-2026.04.04.07.08_amd64-2026-04-04T07:08:50Z.build,ros-one-calibration-setup-helper_0-2026.04.04.07.08_amd64.deb,ros-one-calibration-setup-helper_0-2026.04.04.07.08_amd64.files
camera_info_manager_py,0-2026.04.04.07.11,https://github.com/ros-o/camera_info_manager_py/tree/obese-devel,success,camera_info_manager_py_0-2026.04.04.07.11-bloom_generate.log,ros-one-camera-info-manager-py_0-2026.04.04.07.11_amd64-2026-04-04T07:11:03Z.build,ros-one-camera-info-manager-py_0-2026.04.04.07.11_amd64.deb,ros-one-camera-info-manager-py_0-2026.04.04.07.11_amd64.files
image_cb_detector,0-2026.04.04.07.13,https://github.com/ros-o/calibration/tree/obese-devel,success,image_cb_detector_0-2026.04.04.07.13-bloom_generate.log,ros-one-image-cb-detector_0-2026.04.04.07.13_amd64-2026-04-04T07:13:36Z.build,ros-one-image-cb-detector_0-2026.04.04.07.13_amd64.deb,ros-one-image-cb-detector_0-2026.04.04.07.13_amd64.files
interval_intersection,0-2026.04.04.07.17,https://github.com/ros-o/calibration/tree/obese-devel,success,interval_intersection_0-2026.04.04.07.17-bloom_generate.log,ros-one-interval-intersection_0-2026.04.04.07.17_amd64-2026-04-04T07:17:03Z.build,ros-one-interval-intersection_0-2026.04.04.07.17_amd64.deb,ros-one-interval-intersection_0-2026.04.04.07.17_amd64.files
settlerlib,0-2026.04.04.07.19,https://github.com/ros-o/calibration/tree/obese-devel,success,settlerlib_0-2026.04.04.07.19-bloom_generate.log,ros-one-settlerlib_0-2026.04.04.07.19_amd64-2026-04-04T07:19:50Z.build,ros-one-settlerlib_0-2026.04.04.07.19_amd64.deb,ros-one-settlerlib_0-2026.04.04.07.19_amd64.files
joint_states_settler,0-2026.04.04.07.22,https://github.com/ros-o/calibration/tree/obese-devel,success,joint_states_settler_0-2026.04.04.07.22-bloom_generate.log,ros-one-joint-states-settler_0-2026.04.04.07.22_amd64-2026-04-04T07:22:19Z.build,ros-one-joint-states-settler_0-2026.04.04.07.22_amd64.deb,ros-one-joint-states-settler_0-2026.04.04.07.22_amd64.files
laser_cb_detector,0-2026.04.04.07.25,https://github.com/ros-o/calibration/tree/obese-devel,success,laser_cb_detector_0-2026.04.04.07.25-bloom_generate.log,ros-one-laser-cb-detector_0-2026.04.04.07.25_amd64-2026-04-04T07:25:11Z.build,ros-one-laser-cb-detector_0-2026.04.04.07.25_amd64.deb,ros-one-laser-cb-detector_0-2026.04.04.07.25_amd64.files
monocam_settler,0-2026.04.04.07.28,https://github.com/ros-o/calibration/tree/obese-devel,success,monocam_settler_0-2026.04.04.07.28-bloom_generate.log,ros-one-monocam-settler_0-2026.04.04.07.28_amd64-2026-04-04T07:28:34Z.build,ros-one-monocam-settler_0-2026.04.04.07.28_amd64.deb,ros-one-monocam-settler_0-2026.04.04.07.28_amd64.files
dynamixel_controllers,0.4.1-3-g3d84232-2026.04.04.07.04,https://github.com/arebgun/dynamixel_motor/tree/master,success,dynamixel_controllers_0.4.1-3-g3d84232-2026.04.04.07.04-bloom_generate.log,ros-one-dynamixel-controllers_0.4.1-3-g3d84232-2026.04.04.07.04_amd64-2026-04-04T07:05:00Z.build,ros-one-dynamixel-controllers_0.4.1-3-g3d84232-2026.04.04.07.04_amd64.deb,ros-one-dynamixel-controllers_0.4.1-3-g3d84232-2026.04.04.07.04_amd64.files
dynamixel_driver,0.4.1-3-g3d84232-2026.04.04.07.06,https://github.com/arebgun/dynamixel_motor/tree/master,success,dynamixel_driver_0.4.1-3-g3d84232-2026.04.04.07.06-bloom_generate.log,ros-one-dynamixel-driver_0.4.1-3-g3d84232-2026.04.04.07.06_amd64-2026-04-04T07:06:56Z.build,ros-one-dynamixel-driver_0.4.1-3-g3d84232-2026.04.04.07.06_amd64.deb,ros-one-dynamixel-driver_0.4.1-3-g3d84232-2026.04.04.07.06_amd64.files
dynamixel_motor,0.4.1-3-g3d84232-2026.04.04.07.08,https://github.com/arebgun/dynamixel_motor/tree/master,success,dynamixel_motor_0.4.1-3-g3d84232-2026.04.04.07.08-bloom_generate.log,ros-one-dynamixel-motor_0.4.1-3-g3d84232-2026.04.04.07.08_amd64-2026-04-04T07:08:51Z.build,ros-one-dynamixel-motor_0.4.1-3-g3d84232-2026.04.04.07.08_amd64.deb,ros-one-dynamixel-motor_0.4.1-3-g3d84232-2026.04.04.07.08_amd64.files
dynamixel_msgs,0.4.1-3-g3d84232-2026.04.04.07.10,https://github.com/arebgun/dynamixel_motor/tree/master,success,dynamixel_msgs_0.4.1-3-g3d84232-2026.04.04.07.10-bloom_generate.log,ros-one-dynamixel-msgs_0.4.1-3-g3d84232-2026.04.04.07.10_amd64-2026-04-04T07:10:49Z.build,ros-one-dynamixel-msgs_0.4.1-3-g3d84232-2026.04.04.07.10_amd64.deb,ros-one-dynamixel-msgs_0.4.1-3-g3d84232-2026.04.04.07.10_amd64.files
dynamixel_tutorials,0.4.1-3-g3d84232-2026.04.04.07.12,https://github.com/arebgun/dynamixel_motor/tree/master,success,dynamixel_tutorials_0.4.1-3-g3d84232-2026.04.04.07.12-bloom_generate.log,ros-one-dynamixel-tutorials_0.4.1-3-g3d84232-2026.04.04.07.12_amd64-2026-04-04T07:12:48Z.build,ros-one-dynamixel-tutorials_0.4.1-3-g3d84232-2026.04.04.07.12_amd64.deb,ros-one-dynamixel-tutorials_0.4.1-3-g3d84232-2026.04.04.07.12_amd64.files
jsk_common_msgs,4.3.2-13-g093b57c-2026.04.04.07.14,https://github.com/jsk-ros-pkg/jsk_common_msgs/tree/master,success,jsk_common_msgs_4.3.2-13-g093b57c-2026.04.04.07.14-bloom_generate.log,ros-one-jsk-common-msgs_4.3.2-13-g093b57c-2026.04.04.07.14_amd64-2026-04-04T07:14:42Z.build,ros-one-jsk-common-msgs_4.3.2-13-g093b57c-2026.04.04.07.14_amd64.deb,ros-one-jsk-common-msgs_4.3.2-13-g093b57c-2026.04.04.07.14_amd64.files
jsk_footstep_msgs,4.3.2-13-g093b57c-2026.04.04.07.16,https://github.com/jsk-ros-pkg/jsk_common_msgs/tree/master,success,jsk_footstep_msgs_4.3.2-13-g093b57c-2026.04.04.07.16-bloom_generate.log,ros-one-jsk-footstep-msgs_4.3.2-13-g093b57c-2026.04.04.07.16_amd64-2026-04-04T07:16:39Z.build,ros-one-jsk-footstep-msgs_4.3.2-13-g093b57c-2026.04.04.07.16_amd64.deb,ros-one-jsk-footstep-msgs_4.3.2-13-g093b57c-2026.04.04.07.16_amd64.files
jsk_gui_msgs,4.3.2-13-g093b57c-2026.04.04.07.18,https://github.com/jsk-ros-pkg/jsk_common_msgs/tree/master,success,jsk_gui_msgs_4.3.2-13-g093b57c-2026.04.04.07.18-bloom_generate.log,ros-one-jsk-gui-msgs_4.3.2-13-g093b57c-2026.04.04.07.18_amd64-2026-04-04T07:18:43Z.build,ros-one-jsk-gui-msgs_4.3.2-13-g093b57c-2026.04.04.07.18_amd64.deb,ros-one-jsk-gui-msgs_4.3.2-13-g093b57c-2026.04.04.07.18_amd64.files
jsk_hark_msgs,4.3.2-13-g093b57c-2026.04.04.07.20,https://github.com/jsk-ros-pkg/jsk_common_msgs/tree/master,success,jsk_hark_msgs_4.3.2-13-g093b57c-2026.04.04.07.20-bloom_generate.log,ros-one-jsk-hark-msgs_4.3.2-13-g093b57c-2026.04.04.07.20_amd64-2026-04-04T07:20:44Z.build,ros-one-jsk-hark-msgs_4.3.2-13-g093b57c-2026.04.04.07.20_amd64.deb,ros-one-jsk-hark-msgs_4.3.2-13-g093b57c-2026.04.04.07.20_amd64.files
posedetection_msgs,4.3.2-13-g093b57c-2026.04.04.07.22,https://github.com/jsk-ros-pkg/jsk_common_msgs/tree/master,success,posedetection_msgs_4.3.2-13-g093b57c-2026.04.04.07.22-bloom_generate.log,ros-one-posedetection-msgs_4.3.2-13-g093b57c-2026.04.04.07.22_amd64-2026-04-04T07:22:42Z.build,ros-one-posedetection-msgs_4.3.2-13-g093b57c-2026.04.04.07.22_amd64.deb,ros-one-posedetection-msgs_4.3.2-13-g093b57c-2026.04.04.07.22_amd64.files
rtabmap,0.23.2-25-g1e7ad82a-2026.04.04.07.25,https://github.com/v4hn/rtabmap/tree/gtsam-4.3,success,rtabmap_0.23.2-25-g1e7ad82a-2026.04.04.07.25-bloom_generate.log,ros-one-rtabmap_0.23.2-25-g1e7ad82a-2026.04.04.07.25_amd64-2026-04-04T07:25:29Z.build,ros-one-rtabmap_0.23.2-25-g1e7ad82a-2026.04.04.07.25_amd64.deb,ros-one-rtabmap_0.23.2-25-g1e7ad82a-2026.04.04.07.25_amd64.files
speech_recognition_msgs,4.3.2-13-g093b57c-2026.04.04.07.42,https://github.com/jsk-ros-pkg/jsk_common_msgs/tree/master,success,speech_recognition_msgs_4.3.2-13-g093b57c-2026.04.04.07.42-bloom_generate.log,ros-one-speech-recognition-msgs_4.3.2-13-g093b57c-2026.04.04.07.42_amd64-2026-04-04T07:43:00Z.build,ros-one-speech-recognition-msgs_4.3.2-13-g093b57c-2026.04.04.07.42_amd64.deb,ros-one-speech-recognition-msgs_4.3.2-13-g093b57c-2026.04.04.07.42_amd64.files
codec_image_transport,0.0.5-1-g4d62673-2026.04.04.06.59,https://github.com/ros-o/codec_image_transport/tree/obese-devel,success,codec_image_transport_0.0.5-1-g4d62673-2026.04.04.06.59-bloom_generate.log,ros-one-codec-image-transport_0.0.5-1-g4d62673-2026.04.04.06.59_amd64-2026-04-04T06:59:37Z.build,ros-one-codec-image-transport_0.0.5-1-g4d62673-2026.04.04.06.59_amd64.deb,ros-one-codec-image-transport_0.0.5-1-g4d62673-2026.04.04.06.59_amd64.files
compressed_depth_image_transport,1.15.0-9-gcae592c-2026.04.04.07.02,https://github.com/ros-perception/image_transport_plugins/tree/noetic-devel,success,compressed_depth_image_transport_1.15.0-9-gcae592c-2026.04.04.07.02-bloom_generate.log,ros-one-compressed-depth-image-transport_1.15.0-9-gcae592c-2026.04.04.07.02_amd64-2026-04-04T07:02:14Z.build,ros-one-compressed-depth-image-transport_1.15.0-9-gcae592c-2026.04.04.07.02_amd64.deb,ros-one-compressed-depth-image-transport_1.15.0-9-gcae592c-2026.04.04.07.02_amd64.files
compressed_image_transport,1.15.0-9-gcae592c-2026.04.04.07.05,https://github.com/ros-perception/image_transport_plugins/tree/noetic-devel,success,compressed_image_transport_1.15.0-9-gcae592c-2026.04.04.07.05-bloom_generate.log,ros-one-compressed-image-transport_1.15.0-9-gcae592c-2026.04.04.07.05_amd64-2026-04-04T07:05:14Z.build,ros-one-compressed-image-transport_1.15.0-9-gcae592c-2026.04.04.07.05_amd64.deb,ros-one-compressed-image-transport_1.15.0-9-gcae592c-2026.04.04.07.05_amd64.files
criutils,0.1.4-2026.04.04.07.08,https://github.com/crigroup/criutils/tree/master,success,criutils_0.1.4-2026.04.04.07.08-bloom_generate.log,ros-one-criutils_0.1.4-2026.04.04.07.08_amd64-2026-04-04T07:08:15Z.build,ros-one-criutils_0.1.4-2026.04.04.07.08_amd64.deb,ros-one-criutils_0.1.4-2026.04.04.07.08_amd64.files
executive_smach,2.5.3-2026.04.04.07.10,https://github.com/ros/executive_smach/tree/noetic-devel,success,executive_smach_2.5.3-2026.04.04.07.10-bloom_generate.log,ros-one-executive-smach_2.5.3-2026.04.04.07.10_amd64-2026-04-04T07:10:24Z.build,ros-one-executive-smach_2.5.3-2026.04.04.07.10_amd64.deb,ros-one-executive-smach_2.5.3-2026.04.04.07.10_amd64.files
image_transport_plugins,1.15.0-9-gcae592c-2026.04.04.07.12,https://github.com/ros-perception/image_transport_plugins/tree/noetic-devel,success,image_transport_plugins_1.15.0-9-gcae592c-2026.04.04.07.12-bloom_generate.log,ros-one-image-transport-plugins_1.15.0-9-gcae592c-2026.04.04.07.12_amd64-2026-04-04T07:12:33Z.build,ros-one-image-transport-plugins_1.15.0-9-gcae592c-2026.04.04.07.12_amd64.deb,ros-one-image-transport-plugins_1.15.0-9-gcae592c-2026.04.04.07.12_amd64.files
smach,2.5.3-2026.04.04.07.14,https://github.com/ros/executive_smach/tree/noetic-devel,success,smach_2.5.3-2026.04.04.07.14-bloom_generate.log,ros-one-smach_2.5.3-2026.04.04.07.14_amd64-2026-04-04T07:14:42Z.build,ros-one-smach_2.5.3-2026.04.04.07.14_amd64.deb,ros-one-smach_2.5.3-2026.04.04.07.14_amd64.files
smach_msgs,2.5.3-2026.04.04.07.16,https://github.com/ros/executive_smach/tree/noetic-devel,success,smach_msgs_2.5.3-2026.04.04.07.16-bloom_generate.log,ros-one-smach-msgs_2.5.3-2026.04.04.07.16_amd64-2026-04-04T07:16:52Z.build,ros-one-smach-msgs_2.5.3-2026.04.04.07.16_amd64.deb,ros-one-smach-msgs_2.5.3-2026.04.04.07.16_amd64.files
smach_ros,2.5.3-2026.04.04.07.19,https://github.com/ros/executive_smach/tree/noetic-devel,success,smach_ros_2.5.3-2026.04.04.07.19-bloom_generate.log,ros-one-smach-ros_2.5.3-2026.04.04.07.19_amd64-2026-04-04T07:19:07Z.build,ros-one-smach-ros_2.5.3-2026.04.04.07.19_amd64.deb,ros-one-smach-ros_2.5.3-2026.04.04.07.19_amd64.files
srdfdom,0.6.4-4-ge23af6e-2026.04.04.07.21,https://github.com/moveit/srdfdom/tree/noetic-devel,success,srdfdom_0.6.4-4-ge23af6e-2026.04.04.07.21-bloom_generate.log,ros-one-srdfdom_0.6.4-4-ge23af6e-2026.04.04.07.21_amd64-2026-04-04T07:21:25Z.build,ros-one-srdfdom_0.6.4-4-ge23af6e-2026.04.04.07.21_amd64.deb,ros-one-srdfdom_0.6.4-4-ge23af6e-2026.04.04.07.21_amd64.files
theora_image_transport,1.15.0-9-gcae592c-2026.04.04.07.23,https://github.com/ros-perception/image_transport_plugins/tree/noetic-devel,success,theora_image_transport_1.15.0-9-gcae592c-2026.04.04.07.23-bloom_generate.log,ros-one-theora-image-transport_1.15.0-9-gcae592c-2026.04.04.07.23_amd64-2026-04-04T07:23:57Z.build,ros-one-theora-image-transport_1.15.0-9-gcae592c-2026.04.04.07.23_amd64.deb,ros-one-theora-image-transport_1.15.0-9-gcae592c-2026.04.04.07.23_amd64.files
usb_cam,0.3.7-22-g6774113-2026.04.04.07.27,https://github.com/ros-o/usb_cam/tree/obese-devel,success,usb_cam_0.3.7-22-g6774113-2026.04.04.07.27-bloom_generate.log,ros-one-usb-cam_0.3.7-22-g6774113-2026.04.04.07.27_amd64-2026-04-04T07:27:03Z.build,ros-one-usb-cam_0.3.7-22-g6774113-2026.04.04.07.27_amd64.deb,ros-one-usb-cam_0.3.7-22-g6774113-2026.04.04.07.27_amd64.files
app_manager,1.3.0-62-gc23f10a-2026.04.04.07.05,https://github.com/pr2/app_manager/tree/kinetic-devel,success,app_manager_1.3.0-62-gc23f10a-2026.04.04.07.05-bloom_generate.log,ros-one-app-manager_1.3.0-62-gc23f10a-2026.04.04.07.05_amd64-2026-04-04T07:05:58Z.build,ros-one-app-manager_1.3.0-62-gc23f10a-2026.04.04.07.05_amd64.deb,ros-one-app-manager_1.3.0-62-gc23f10a-2026.04.04.07.05_amd64.files
ddynamic_reconfigure,0.4.1-2-gd3e4c9f-2026.04.04.07.08,https://github.com/ros-o/ddynamic_reconfigure/tree/obese-devel,success,ddynamic_reconfigure_0.4.1-2-gd3e4c9f-2026.04.04.07.08-bloom_generate.log,ros-one-ddynamic-reconfigure_0.4.1-2-gd3e4c9f-2026.04.04.07.08_amd64-2026-04-04T07:08:24Z.build,ros-one-ddynamic-reconfigure_0.4.1-2-gd3e4c9f-2026.04.04.07.08_amd64.deb,ros-one-ddynamic-reconfigure_0.4.1-2-gd3e4c9f-2026.04.04.07.08_amd64.files
fath_pivot_mount_description,0.1.1-1-gb400b19-2026.04.04.07.11,https://github.com/clearpathrobotics/fath_pivot_mount_description/tree/main,success,fath_pivot_mount_description_0.1.1-1-gb400b19-2026.04.04.07.11-bloom_generate.log,ros-one-fath-pivot-mount-description_0.1.1-1-gb400b19-2026.04.04.07.11_amd64-2026-04-04T07:11:01Z.build,ros-one-fath-pivot-mount-description_0.1.1-1-gb400b19-2026.04.04.07.11_amd64.deb,ros-one-fath-pivot-mount-description_0.1.1-1-gb400b19-2026.04.04.07.11_amd64.files
moveit_msgs,0.11.4-5-g851fe62-2026.04.04.07.13,https://github.com/moveit/moveit_msgs/tree/master,success,moveit_msgs_0.11.4-5-g851fe62-2026.04.04.07.13-bloom_generate.log,ros-one-moveit-msgs_0.11.4-5-g851fe62-2026.04.04.07.13_amd64-2026-04-04T07:13:15Z.build,ros-one-moveit-msgs_0.11.4-5-g851fe62-2026.04.04.07.13_amd64.deb,ros-one-moveit-msgs_0.11.4-5-g851fe62-2026.04.04.07.13_amd64.files
open_karto,1.2.3-2-g922db50-2026.04.04.07.16,https://github.com/ros-perception/open_karto/tree/melodic-devel,success,open_karto_1.2.3-2-g922db50-2026.04.04.07.16-bloom_generate.log,ros-one-open-karto_1.2.3-2-g922db50-2026.04.04.07.16_amd64-2026-04-04T07:16:03Z.build,ros-one-open-karto_1.2.3-2-g922db50-2026.04.04.07.16_amd64.deb,ros-one-open-karto_1.2.3-2-g922db50-2026.04.04.07.16_amd64.files
py_binding_tools,1.1.0-3-g20287a0-2026.04.04.07.18,https://github.com/moveit/py_binding_tools/tree/main,success,py_binding_tools_1.1.0-3-g20287a0-2026.04.04.07.18-bloom_generate.log,ros-one-py-binding-tools_1.1.0-3-g20287a0-2026.04.04.07.18_amd64-2026-04-04T07:18:47Z.build,ros-one-py-binding-tools_1.1.0-3-g20287a0-2026.04.04.07.18_amd64.deb,ros-one-py-binding-tools_1.1.0-3-g20287a0-2026.04.04.07.18_amd64.files
realtime_tools,1.15.1-3-ga5a5a5e-2026.04.04.07.21,https://github.com/ros-controls/realtime_tools/tree/melodic-devel,success,realtime_tools_1.15.1-3-ga5a5a5e-2026.04.04.07.21-bloom_generate.log,ros-one-realtime-tools_1.15.1-3-ga5a5a5e-2026.04.04.07.21_amd64-2026-04-04T07:21:28Z.build,ros-one-realtime-tools_1.15.1-3-ga5a5a5e-2026.04.04.07.21_amd64.deb,ros-one-realtime-tools_1.15.1-3-ga5a5a5e-2026.04.04.07.21_amd64.files
twist_mux_msgs,2.1.0-2026.04.04.07.23,https://github.com/ros-teleop/twist_mux_msgs/tree/melodic-devel,success,twist_mux_msgs_2.1.0-2026.04.04.07.23-bloom_generate.log,ros-one-twist-mux-msgs_2.1.0-2026.04.04.07.23_amd64-2026-04-04T07:23:51Z.build,ros-one-twist-mux-msgs_2.1.0-2026.04.04.07.23_amd64.deb,ros-one-twist-mux-msgs_2.1.0-2026.04.04.07.23_amd64.files
urdf_geometry_parser,0.1.0-6-g1d7317a-2026.04.04.07.26,https://github.com/ros-controls/urdf_geometry_parser/tree/kinetic-devel,success,urdf_geometry_parser_0.1.0-6-g1d7317a-2026.04.04.07.26-bloom_generate.log,ros-one-urdf-geometry-parser_0.1.0-6-g1d7317a-2026.04.04.07.26_amd64-2026-04-04T07:26:22Z.build,ros-one-urdf-geometry-parser_0.1.0-6-g1d7317a-2026.04.04.07.26_amd64.deb,ros-one-urdf-geometry-parser_0.1.0-6-g1d7317a-2026.04.04.07.26_amd64.files
actionlib_tutorials,0-2026.04.04.07.47,https://github.com/ros-o/common_tutorials/tree/obese-devel,success,actionlib_tutorials_0-2026.04.04.07.47-bloom_generate.log,ros-one-actionlib-tutorials_0-2026.04.04.07.47_amd64-2026-04-04T07:47:37Z.build,ros-one-actionlib-tutorials_0-2026.04.04.07.47_amd64.deb,ros-one-actionlib-tutorials_0-2026.04.04.07.47_amd64.files
common_tutorials,0-2026.04.04.07.51,https://github.com/ros-o/common_tutorials/tree/obese-devel,success,common_tutorials_0-2026.04.04.07.51-bloom_generate.log,ros-one-common-tutorials_0-2026.04.04.07.51_amd64-2026-04-04T07:51:04Z.build,ros-one-common-tutorials_0-2026.04.04.07.51_amd64.deb,ros-one-common-tutorials_0-2026.04.04.07.51_amd64.files
nodelet_tutorial_math,0-2026.04.04.07.53,https://github.com/ros-o/common_tutorials/tree/obese-devel,success,nodelet_tutorial_math_0-2026.04.04.07.53-bloom_generate.log,ros-one-nodelet-tutorial-math_0-2026.04.04.07.53_amd64-2026-04-04T07:53:48Z.build,ros-one-nodelet-tutorial-math_0-2026.04.04.07.53_amd64.deb,ros-one-nodelet-tutorial-math_0-2026.04.04.07.53_amd64.files
pluginlib_tutorials,0-2026.04.04.07.56,https://github.com/ros-o/common_tutorials/tree/obese-devel,success,pluginlib_tutorials_0-2026.04.04.07.56-bloom_generate.log,ros-one-pluginlib-tutorials_0-2026.04.04.07.56_amd64-2026-04-04T07:56:49Z.build,ros-one-pluginlib-tutorials_0-2026.04.04.07.56_amd64.deb,ros-one-pluginlib-tutorials_0-2026.04.04.07.56_amd64.files
turtle_actionlib,0-2026.04.04.07.59,https://github.com/ros-o/common_tutorials/tree/obese-devel,success,turtle_actionlib_0-2026.04.04.07.59-bloom_generate.log,ros-one-turtle-actionlib_0-2026.04.04.07.59_amd64-2026-04-04T07:59:52Z.build,ros-one-turtle-actionlib_0-2026.04.04.07.59_amd64.deb,ros-one-turtle-actionlib_0-2026.04.04.07.59_amd64.files
rqt,0.5.2-8-gb606144-2026.04.04.07.47,https://github.com/ros-o/rqt/tree/obese-devel,success,rqt_0.5.2-8-gb606144-2026.04.04.07.47-bloom_generate.log,ros-one-rqt_0.5.2-8-gb606144-2026.04.04.07.47_amd64-2026-04-04T07:47:29Z.build,ros-one-rqt_0.5.2-8-gb606144-2026.04.04.07.47_amd64.deb,ros-one-rqt_0.5.2-8-gb606144-2026.04.04.07.47_amd64.files
rqt_gui,0.5.2-8-gb606144-2026.04.04.07.50,https://github.com/ros-o/rqt/tree/obese-devel,success,rqt_gui_0.5.2-8-gb606144-2026.04.04.07.50-bloom_generate.log,ros-one-rqt-gui_0.5.2-8-gb606144-2026.04.04.07.50_amd64-2026-04-04T07:50:12Z.build,ros-one-rqt-gui_0.5.2-8-gb606144-2026.04.04.07.50_amd64.deb,ros-one-rqt-gui_0.5.2-8-gb606144-2026.04.04.07.50_amd64.files
rqt_gui_cpp,0.5.2-8-gb606144-2026.04.04.07.53,https://github.com/ros-o/rqt/tree/obese-devel,success,rqt_gui_cpp_0.5.2-8-gb606144-2026.04.04.07.53-bloom_generate.log,ros-one-rqt-gui-cpp_0.5.2-8-gb606144-2026.04.04.07.53_amd64-2026-04-04T07:53:07Z.build,ros-one-rqt-gui-cpp_0.5.2-8-gb606144-2026.04.04.07.53_amd64.deb,ros-one-rqt-gui-cpp_0.5.2-8-gb606144-2026.04.04.07.53_amd64.files
rqt_gui_py,0.5.2-8-gb606144-2026.04.04.07.56,https://github.com/ros-o/rqt/tree/obese-devel,success,rqt_gui_py_0.5.2-8-gb606144-2026.04.04.07.56-bloom_generate.log,ros-one-rqt-gui-py_0.5.2-8-gb606144-2026.04.04.07.56_amd64-2026-04-04T07:56:26Z.build,ros-one-rqt-gui-py_0.5.2-8-gb606144-2026.04.04.07.56_amd64.deb,ros-one-rqt-gui-py_0.5.2-8-gb606144-2026.04.04.07.56_amd64.files
rqt_py_common,0.5.2-8-gb606144-2026.04.04.07.59,https://github.com/ros-o/rqt/tree/obese-devel,success,rqt_py_common_0.5.2-8-gb606144-2026.04.04.07.59-bloom_generate.log,ros-one-rqt-py-common_0.5.2-8-gb606144-2026.04.04.07.59_amd64-2026-04-04T07:59:35Z.build,ros-one-rqt-py-common_0.5.2-8-gb606144-2026.04.04.07.59_amd64.deb,ros-one-rqt-py-common_0.5.2-8-gb606144-2026.04.04.07.59_amd64.files
eigen_conversions,1.13.2-13-gfaeeae7-2026.04.04.07.47,https://github.com/ros-o/geometry/tree/obese-devel,success,eigen_conversions_1.13.2-13-gfaeeae7-2026.04.04.07.47-bloom_generate.log,ros-one-eigen-conversions_1.13.2-13-gfaeeae7-2026.04.04.07.47_amd64-2026-04-04T07:47:34Z.build,ros-one-eigen-conversions_1.13.2-13-gfaeeae7-2026.04.04.07.47_amd64.deb,ros-one-eigen-conversions_1.13.2-13-gfaeeae7-2026.04.04.07.47_amd64.files
geometry,1.13.2-13-gfaeeae7-2026.04.04.07.50,https://github.com/ros-o/geometry/tree/obese-devel,success,geometry_1.13.2-13-gfaeeae7-2026.04.04.07.50-bloom_generate.log,ros-one-geometry_1.13.2-13-gfaeeae7-2026.04.04.07.50_amd64-2026-04-04T07:50:21Z.build,ros-one-geometry_1.13.2-13-gfaeeae7-2026.04.04.07.50_amd64.deb,ros-one-geometry_1.13.2-13-gfaeeae7-2026.04.04.07.50_amd64.files
kdl_conversions,1.13.2-13-gfaeeae7-2026.04.04.07.52,https://github.com/ros-o/geometry/tree/obese-devel,success,kdl_conversions_1.13.2-13-gfaeeae7-2026.04.04.07.52-bloom_generate.log,ros-one-kdl-conversions_1.13.2-13-gfaeeae7-2026.04.04.07.52_amd64-2026-04-04T07:53:00Z.build,ros-one-kdl-conversions_1.13.2-13-gfaeeae7-2026.04.04.07.52_amd64.deb,ros-one-kdl-conversions_1.13.2-13-gfaeeae7-2026.04.04.07.52_amd64.files
tf,1.13.2-13-gfaeeae7-2026.04.04.07.55,https://github.com/ros-o/geometry/tree/obese-devel,success,tf_1.13.2-13-gfaeeae7-2026.04.04.07.55-bloom_generate.log,ros-one-tf_1.13.2-13-gfaeeae7-2026.04.04.07.55_amd64-2026-04-04T07:55:47Z.build,ros-one-tf_1.13.2-13-gfaeeae7-2026.04.04.07.55_amd64.deb,ros-one-tf_1.13.2-13-gfaeeae7-2026.04.04.07.55_amd64.files
tf_conversions,1.13.2-13-gfaeeae7-2026.04.04.07.59,https://github.com/ros-o/geometry/tree/obese-devel,success,tf_conversions_1.13.2-13-gfaeeae7-2026.04.04.07.59-bloom_generate.log,ros-one-tf-conversions_1.13.2-13-gfaeeae7-2026.04.04.07.59_amd64-2026-04-04T07:59:04Z.build,ros-one-tf-conversions_1.13.2-13-gfaeeae7-2026.04.04.07.59_amd64.deb,ros-one-tf-conversions_1.13.2-13-gfaeeae7-2026.04.04.07.59_amd64.files
rosapi,0.11.17-5-g7369b80-2026.04.04.07.47,https://github.com/RobotWebTools/rosbridge_suite/tree/ros1,success,rosapi_0.11.17-5-g7369b80-2026.04.04.07.47-bloom_generate.log,ros-one-rosapi_0.11.17-5-g7369b80-2026.04.04.07.47_amd64-2026-04-04T07:47:15Z.build,ros-one-rosapi_0.11.17-5-g7369b80-2026.04.04.07.47_amd64.deb,ros-one-rosapi_0.11.17-5-g7369b80-2026.04.04.07.47_amd64.files
rosbridge_library,0.11.17-5-g7369b80-2026.04.04.07.50,https://github.com/RobotWebTools/rosbridge_suite/tree/ros1,success,rosbridge_library_0.11.17-5-g7369b80-2026.04.04.07.50-bloom_generate.log,ros-one-rosbridge-library_0.11.17-5-g7369b80-2026.04.04.07.50_amd64-2026-04-04T07:50:09Z.build,ros-one-rosbridge-library_0.11.17-5-g7369b80-2026.04.04.07.50_amd64.deb,ros-one-rosbridge-library_0.11.17-5-g7369b80-2026.04.04.07.50_amd64.files
rosbridge_msgs,0.11.17-5-g7369b80-2026.04.04.07.53,https://github.com/RobotWebTools/rosbridge_suite/tree/ros1,success,rosbridge_msgs_0.11.17-5-g7369b80-2026.04.04.07.53-bloom_generate.log,ros-one-rosbridge-msgs_0.11.17-5-g7369b80-2026.04.04.07.53_amd64-2026-04-04T07:53:06Z.build,ros-one-rosbridge-msgs_0.11.17-5-g7369b80-2026.04.04.07.53_amd64.deb,ros-one-rosbridge-msgs_0.11.17-5-g7369b80-2026.04.04.07.53_amd64.files
rosbridge_server,0.11.17-5-g7369b80-2026.04.04.07.55,https://github.com/RobotWebTools/rosbridge_suite/tree/ros1,success,rosbridge_server_0.11.17-5-g7369b80-2026.04.04.07.55-bloom_generate.log,ros-one-rosbridge-server_0.11.17-5-g7369b80-2026.04.04.07.55_amd64-2026-04-04T07:55:58Z.build,ros-one-rosbridge-server_0.11.17-5-g7369b80-2026.04.04.07.55_amd64.deb,ros-one-rosbridge-server_0.11.17-5-g7369b80-2026.04.04.07.55_amd64.files
rosbridge_suite,0.11.17-5-g7369b80-2026.04.04.07.58,https://github.com/RobotWebTools/rosbridge_suite/tree/ros1,success,rosbridge_suite_0.11.17-5-g7369b80-2026.04.04.07.58-bloom_generate.log,ros-one-rosbridge-suite_0.11.17-5-g7369b80-2026.04.04.07.58_amd64-2026-04-04T07:58:43Z.build,ros-one-rosbridge-suite_0.11.17-5-g7369b80-2026.04.04.07.58_amd64.deb,ros-one-rosbridge-suite_0.11.17-5-g7369b80-2026.04.04.07.58_amd64.files
camera_umd,0.2.7-2026.04.04.07.47,https://github.com/ros-drivers/camera_umd/tree/master,success,camera_umd_0.2.7-2026.04.04.07.47-bloom_generate.log,ros-one-camera-umd_0.2.7-2026.04.04.07.47_amd64-2026-04-04T07:47:14Z.build,ros-one-camera-umd_0.2.7-2026.04.04.07.47_amd64.deb,ros-one-camera-umd_0.2.7-2026.04.04.07.47_amd64.files
jpeg_streamer,0.2.7-2026.04.04.07.49,https://github.com/ros-drivers/camera_umd/tree/master,success,jpeg_streamer_0.2.7-2026.04.04.07.49-bloom_generate.log,ros-one-jpeg-streamer_0.2.7-2026.04.04.07.49_amd64-2026-04-04T07:49:58Z.build,ros-one-jpeg-streamer_0.2.7-2026.04.04.07.49_amd64.deb,ros-one-jpeg-streamer_0.2.7-2026.04.04.07.49_amd64.files
libuvc_camera,0-2026.04.04.07.52,https://github.com/ros-o/libuvc_ros/tree/obese-devel,success,libuvc_camera_0-2026.04.04.07.52-bloom_generate.log,ros-one-libuvc-camera_0-2026.04.04.07.52_amd64-2026-04-04T07:52:58Z.build,ros-one-libuvc-camera_0-2026.04.04.07.52_amd64.deb,ros-one-libuvc-camera_0-2026.04.04.07.52_amd64.files
libuvc_ros,0-2026.04.04.07.56,https://github.com/ros-o/libuvc_ros/tree/obese-devel,success,libuvc_ros_0-2026.04.04.07.56-bloom_generate.log,ros-one-libuvc-ros_0-2026.04.04.07.56_amd64-2026-04-04T07:56:17Z.build,ros-one-libuvc-ros_0-2026.04.04.07.56_amd64.deb,ros-one-libuvc-ros_0-2026.04.04.07.56_amd64.files
uvc_camera,0.2.7-2026.04.04.07.59,https://github.com/ros-drivers/camera_umd/tree/master,success,uvc_camera_0.2.7-2026.04.04.07.59-bloom_generate.log,ros-one-uvc-camera_0.2.7-2026.04.04.07.59_amd64-2026-04-04T07:59:03Z.build,ros-one-uvc-camera_0.2.7-2026.04.04.07.59_amd64.deb,ros-one-uvc-camera_0.2.7-2026.04.04.07.59_amd64.files
executive_smach_visualization,4.1.0-28-g1a697d3-2026.04.04.07.48,https://github.com/ros-visualization/executive_smach_visualization/tree/melodic-devel,success,executive_smach_visualization_4.1.0-28-g1a697d3-2026.04.04.07.48-bloom_generate.log,ros-one-executive-smach-visualization_4.1.0-28-g1a697d3-2026.04.04.07.48_amd64-2026-04-04T07:48:33Z.build,ros-one-executive-smach-visualization_4.1.0-28-g1a697d3-2026.04.04.07.48_amd64.deb,ros-one-executive-smach-visualization_4.1.0-28-g1a697d3-2026.04.04.07.48_amd64.files
interactive_markers,1.12.0-1-g22f95a6-2026.04.04.07.51,https://github.com/ros-o/interactive_markers/tree/obese-devel,success,interactive_markers_1.12.0-1-g22f95a6-2026.04.04.07.51-bloom_generate.log,ros-one-interactive-markers_1.12.0-1-g22f95a6-2026.04.04.07.51_amd64-2026-04-04T07:51:11Z.build,ros-one-interactive-markers_1.12.0-1-g22f95a6-2026.04.04.07.51_amd64.deb,ros-one-interactive-markers_1.12.0-1-g22f95a6-2026.04.04.07.51_amd64.files
plotjuggler_ros,2.2.1-2026.04.04.07.54,https://github.com/ros-o/plotjuggler-ros-plugins/tree/obese-devel,success,plotjuggler_ros_2.2.1-2026.04.04.07.54-bloom_generate.log,ros-one-plotjuggler-ros_2.2.1-2026.04.04.07.54_amd64-2026-04-04T07:54:48Z.build,ros-one-plotjuggler-ros_2.2.1-2026.04.04.07.54_amd64.deb,ros-one-plotjuggler-ros_2.2.1-2026.04.04.07.54_amd64.files
smach_viewer,4.1.0-28-g1a697d3-2026.04.04.07.58,https://github.com/ros-visualization/executive_smach_visualization/tree/melodic-devel,success,smach_viewer_4.1.0-28-g1a697d3-2026.04.04.07.58-bloom_generate.log,ros-one-smach-viewer_4.1.0-28-g1a697d3-2026.04.04.07.58_amd64-2026-04-04T07:59:00Z.build,ros-one-smach-viewer_4.1.0-28-g1a697d3-2026.04.04.07.58_amd64.deb,ros-one-smach-viewer_4.1.0-28-g1a697d3-2026.04.04.07.58_amd64.files
video_stream_opencv,0-2026.04.04.08.02,https://github.com/ros-o/video_stream_opencv/tree/obese-devel,success,video_stream_opencv_0-2026.04.04.08.02-bloom_generate.log,ros-one-video-stream-opencv_0-2026.04.04.08.02_amd64-2026-04-04T08:02:13Z.build,ros-one-video-stream-opencv_0-2026.04.04.08.02_amd64.deb,ros-one-video-stream-opencv_0-2026.04.04.08.02_amd64.files
control_toolbox,1.18.2-9-g59b3859-2026.04.04.07.47,https://github.com/ros-o/control_toolbox/tree/obese-devel,success,control_toolbox_1.18.2-9-g59b3859-2026.04.04.07.47-bloom_generate.log,ros-one-control-toolbox_1.18.2-9-g59b3859-2026.04.04.07.47_amd64-2026-04-04T07:47:13Z.build,ros-one-control-toolbox_1.18.2-9-g59b3859-2026.04.04.07.47_amd64.deb,ros-one-control-toolbox_1.18.2-9-g59b3859-2026.04.04.07.47_amd64.files
cv_camera,0.6.0-2-g6fcbae1-2026.04.04.07.50,https://github.com/OTL/cv_camera/tree/master,success,cv_camera_0.6.0-2-g6fcbae1-2026.04.04.07.50-bloom_generate.log,ros-one-cv-camera_0.6.0-2-g6fcbae1-2026.04.04.07.50_amd64-2026-04-04T07:50:21Z.build,ros-one-cv-camera_0.6.0-2-g6fcbae1-2026.04.04.07.50_amd64.deb,ros-one-cv-camera_0.6.0-2-g6fcbae1-2026.04.04.07.50_amd64.files
handeye,0.1.2-2026.04.04.07.53,https://github.com/crigroup/handeye/tree/master,success,handeye_0.1.2-2026.04.04.07.53-bloom_generate.log,ros-one-handeye_0.1.2-2026.04.04.07.53_amd64-2026-04-04T07:53:57Z.build,ros-one-handeye_0.1.2-2026.04.04.07.53_amd64.deb,ros-one-handeye_0.1.2-2026.04.04.07.53_amd64.files
laser_proc,0.1.6-2-ge2bb8ce-2026.04.04.07.56,https://github.com/ros-perception/laser_proc/tree/noetic-devel,success,laser_proc_0.1.6-2-ge2bb8ce-2026.04.04.07.56-bloom_generate.log,ros-one-laser-proc_0.1.6-2-ge2bb8ce-2026.04.04.07.56_amd64-2026-04-04T07:56:44Z.build,ros-one-laser-proc_0.1.6-2-ge2bb8ce-2026.04.04.07.56_amd64.deb,ros-one-laser-proc_0.1.6-2-ge2bb8ce-2026.04.04.07.56_amd64.files
zbar_ros,0.3.1-2026.04.04.07.59,https://github.com/ros-drivers/zbar_ros/tree/melodic-devel,success,zbar_ros_0.3.1-2026.04.04.07.59-bloom_generate.log,ros-one-zbar-ros_0.3.1-2026.04.04.07.59_amd64-2026-04-04T07:59:55Z.build,ros-one-zbar-ros_0.3.1-2026.04.04.07.59_amd64.deb,ros-one-zbar-ros_0.3.1-2026.04.04.07.59_amd64.files
rosserial,0.9.2-5-gc169ae2-2026.04.04.08.08,https://github.com/ros-drivers/rosserial/tree/noetic-devel,success,rosserial_0.9.2-5-gc169ae2-2026.04.04.08.08-bloom_generate.log,ros-one-rosserial_0.9.2-5-gc169ae2-2026.04.04.08.08_amd64-2026-04-04T08:08:08Z.build,ros-one-rosserial_0.9.2-5-gc169ae2-2026.04.04.08.08_amd64.deb,ros-one-rosserial_0.9.2-5-gc169ae2-2026.04.04.08.08_amd64.files
rosserial_arduino,0.9.2-5-gc169ae2-2026.04.04.08.11,https://github.com/ros-drivers/rosserial/tree/noetic-devel,success,rosserial_arduino_0.9.2-5-gc169ae2-2026.04.04.08.11-bloom_generate.log,ros-one-rosserial-arduino_0.9.2-5-gc169ae2-2026.04.04.08.11_amd64-2026-04-04T08:11:07Z.build,ros-one-rosserial-arduino_0.9.2-5-gc169ae2-2026.04.04.08.11_amd64.deb,ros-one-rosserial-arduino_0.9.2-5-gc169ae2-2026.04.04.08.11_amd64.files
rosserial_chibios,0.9.2-5-gc169ae2-2026.04.04.08.14,https://github.com/ros-drivers/rosserial/tree/noetic-devel,success,rosserial_chibios_0.9.2-5-gc169ae2-2026.04.04.08.14-bloom_generate.log,ros-one-rosserial-chibios_0.9.2-5-gc169ae2-2026.04.04.08.14_amd64-2026-04-04T08:14:09Z.build,ros-one-rosserial-chibios_0.9.2-5-gc169ae2-2026.04.04.08.14_amd64.deb,ros-one-rosserial-chibios_0.9.2-5-gc169ae2-2026.04.04.08.14_amd64.files
rosserial_mbed,0.9.2-5-gc169ae2-2026.04.04.08.17,https://github.com/ros-drivers/rosserial/tree/noetic-devel,success,rosserial_mbed_0.9.2-5-gc169ae2-2026.04.04.08.17-bloom_generate.log,ros-one-rosserial-mbed_0.9.2-5-gc169ae2-2026.04.04.08.17_amd64-2026-04-04T08:17:08Z.build,ros-one-rosserial-mbed_0.9.2-5-gc169ae2-2026.04.04.08.17_amd64.deb,ros-one-rosserial-mbed_0.9.2-5-gc169ae2-2026.04.04.08.17_amd64.files
rosserial_msgs,0.9.2-5-gc169ae2-2026.04.04.08.20,https://github.com/ros-drivers/rosserial/tree/noetic-devel,success,rosserial_msgs_0.9.2-5-gc169ae2-2026.04.04.08.20-bloom_generate.log,ros-one-rosserial-msgs_0.9.2-5-gc169ae2-2026.04.04.08.20_amd64-2026-04-04T08:20:09Z.build,ros-one-rosserial-msgs_0.9.2-5-gc169ae2-2026.04.04.08.20_amd64.deb,ros-one-rosserial-msgs_0.9.2-5-gc169ae2-2026.04.04.08.20_amd64.files
rosserial_client,0.9.2-5-gc169ae2-2026.04.04.08.23,https://github.com/ros-drivers/rosserial/tree/noetic-devel,success,rosserial_client_0.9.2-5-gc169ae2-2026.04.04.08.23-bloom_generate.log,ros-one-rosserial-client_0.9.2-5-gc169ae2-2026.04.04.08.23_amd64-2026-04-04T08:23:11Z.build,ros-one-rosserial-client_0.9.2-5-gc169ae2-2026.04.04.08.23_amd64.deb,ros-one-rosserial-client_0.9.2-5-gc169ae2-2026.04.04.08.23_amd64.files
rosserial_embeddedlinux,0.9.2-5-gc169ae2-2026.04.04.08.26,https://github.com/ros-drivers/rosserial/tree/noetic-devel,success,rosserial_embeddedlinux_0.9.2-5-gc169ae2-2026.04.04.08.26-bloom_generate.log,ros-one-rosserial-embeddedlinux_0.9.2-5-gc169ae2-2026.04.04.08.26_amd64-2026-04-04T08:26:11Z.build,ros-one-rosserial-embeddedlinux_0.9.2-5-gc169ae2-2026.04.04.08.26_amd64.deb,ros-one-rosserial-embeddedlinux_0.9.2-5-gc169ae2-2026.04.04.08.26_amd64.files
rosserial_python,0.9.2-5-gc169ae2-2026.04.04.08.29,https://github.com/ros-drivers/rosserial/tree/noetic-devel,success,rosserial_python_0.9.2-5-gc169ae2-2026.04.04.08.29-bloom_generate.log,ros-one-rosserial-python_0.9.2-5-gc169ae2-2026.04.04.08.29_amd64-2026-04-04T08:29:33Z.build,ros-one-rosserial-python_0.9.2-5-gc169ae2-2026.04.04.08.29_amd64.deb,ros-one-rosserial-python_0.9.2-5-gc169ae2-2026.04.04.08.29_amd64.files
rosserial_server,0.9.2-5-gc169ae2-2026.04.04.08.32,https://github.com/ros-drivers/rosserial/tree/noetic-devel,success,rosserial_server_0.9.2-5-gc169ae2-2026.04.04.08.32-bloom_generate.log,ros-one-rosserial-server_0.9.2-5-gc169ae2-2026.04.04.08.32_amd64-2026-04-04T08:32:35Z.build,ros-one-rosserial-server_0.9.2-5-gc169ae2-2026.04.04.08.32_amd64.deb,ros-one-rosserial-server_0.9.2-5-gc169ae2-2026.04.04.08.32_amd64.files
rosserial_test,0.9.2-5-gc169ae2-2026.04.04.08.36,https://github.com/ros-drivers/rosserial/tree/noetic-devel,success,rosserial_test_0.9.2-5-gc169ae2-2026.04.04.08.36-bloom_generate.log,ros-one-rosserial-test_0.9.2-5-gc169ae2-2026.04.04.08.36_amd64-2026-04-04T08:36:04Z.build,ros-one-rosserial-test_0.9.2-5-gc169ae2-2026.04.04.08.36_amd64.deb,ros-one-rosserial-test_0.9.2-5-gc169ae2-2026.04.04.08.36_amd64.files
rosserial_tivac,0.9.2-5-gc169ae2-2026.04.04.08.39,https://github.com/ros-drivers/rosserial/tree/noetic-devel,success,rosserial_tivac_0.9.2-5-gc169ae2-2026.04.04.08.39-bloom_generate.log,ros-one-rosserial-tivac_0.9.2-5-gc169ae2-2026.04.04.08.39_amd64-2026-04-04T08:39:27Z.build,ros-one-rosserial-tivac_0.9.2-5-gc169ae2-2026.04.04.08.39_amd64.deb,ros-one-rosserial-tivac_0.9.2-5-gc169ae2-2026.04.04.08.39_amd64.files
rosserial_vex_cortex,0.9.2-5-gc169ae2-2026.04.04.08.42,https://github.com/ros-drivers/rosserial/tree/noetic-devel,success,rosserial_vex_cortex_0.9.2-5-gc169ae2-2026.04.04.08.42-bloom_generate.log,ros-one-rosserial-vex-cortex_0.9.2-5-gc169ae2-2026.04.04.08.42_amd64-2026-04-04T08:42:30Z.build,ros-one-rosserial-vex-cortex_0.9.2-5-gc169ae2-2026.04.04.08.42_amd64.deb,ros-one-rosserial-vex-cortex_0.9.2-5-gc169ae2-2026.04.04.08.42_amd64.files
rosserial_vex_v5,0.9.2-5-gc169ae2-2026.04.04.08.45,https://github.com/ros-drivers/rosserial/tree/noetic-devel,success,rosserial_vex_v5_0.9.2-5-gc169ae2-2026.04.04.08.45-bloom_generate.log,ros-one-rosserial-vex-v5_0.9.2-5-gc169ae2-2026.04.04.08.45_amd64-2026-04-04T08:45:34Z.build,ros-one-rosserial-vex-v5_0.9.2-5-gc169ae2-2026.04.04.08.45_amd64.deb,ros-one-rosserial-vex-v5_0.9.2-5-gc169ae2-2026.04.04.08.45_amd64.files
rosserial_windows,0.9.2-5-gc169ae2-2026.04.04.08.48,https://github.com/ros-drivers/rosserial/tree/noetic-devel,success,rosserial_windows_0.9.2-5-gc169ae2-2026.04.04.08.48-bloom_generate.log,ros-one-rosserial-windows_0.9.2-5-gc169ae2-2026.04.04.08.48_amd64-2026-04-04T08:48:38Z.build,ros-one-rosserial-windows_0.9.2-5-gc169ae2-2026.04.04.08.48_amd64.deb,ros-one-rosserial-windows_0.9.2-5-gc169ae2-2026.04.04.08.48_amd64.files
rosserial_xbee,0.9.2-5-gc169ae2-2026.04.04.08.52,https://github.com/ros-drivers/rosserial/tree/noetic-devel,success,rosserial_xbee_0.9.2-5-gc169ae2-2026.04.04.08.52-bloom_generate.log,ros-one-rosserial-xbee_0.9.2-5-gc169ae2-2026.04.04.08.52_amd64-2026-04-04T08:52:02Z.build,ros-one-rosserial-xbee_0.9.2-5-gc169ae2-2026.04.04.08.52_amd64.deb,ros-one-rosserial-xbee_0.9.2-5-gc169ae2-2026.04.04.08.52_amd64.files
controller_manager_msgs,0.20.0-1-g633c374-2026.04.04.08.08,https://github.com/ros-controls/ros_control/tree/noetic-devel,success,controller_manager_msgs_0.20.0-1-g633c374-2026.04.04.08.08-bloom_generate.log,ros-one-controller-manager-msgs_0.20.0-1-g633c374-2026.04.04.08.08_amd64-2026-04-04T08:08:12Z.build,ros-one-controller-manager-msgs_0.20.0-1-g633c374-2026.04.04.08.08_amd64.deb,ros-one-controller-manager-msgs_0.20.0-1-g633c374-2026.04.04.08.08_amd64.files
hardware_interface,0.20.0-1-g633c374-2026.04.04.08.11,https://github.com/ros-controls/ros_control/tree/noetic-devel,success,hardware_interface_0.20.0-1-g633c374-2026.04.04.08.11-bloom_generate.log,ros-one-hardware-interface_0.20.0-1-g633c374-2026.04.04.08.11_amd64-2026-04-04T08:11:14Z.build,ros-one-hardware-interface_0.20.0-1-g633c374-2026.04.04.08.11_amd64.deb,ros-one-hardware-interface_0.20.0-1-g633c374-2026.04.04.08.11_amd64.files
combined_robot_hw,0.20.0-1-g633c374-2026.04.04.08.14,https://github.com/ros-controls/ros_control/tree/noetic-devel,success,combined_robot_hw_0.20.0-1-g633c374-2026.04.04.08.14-bloom_generate.log,ros-one-combined-robot-hw_0.20.0-1-g633c374-2026.04.04.08.14_amd64-2026-04-04T08:14:15Z.build,ros-one-combined-robot-hw_0.20.0-1-g633c374-2026.04.04.08.14_amd64.deb,ros-one-combined-robot-hw_0.20.0-1-g633c374-2026.04.04.08.14_amd64.files
controller_interface,0.20.0-1-g633c374-2026.04.04.08.17,https://github.com/ros-controls/ros_control/tree/noetic-devel,success,controller_interface_0.20.0-1-g633c374-2026.04.04.08.17-bloom_generate.log,ros-one-controller-interface_0.20.0-1-g633c374-2026.04.04.08.17_amd64-2026-04-04T08:17:28Z.build,ros-one-controller-interface_0.20.0-1-g633c374-2026.04.04.08.17_amd64.deb,ros-one-controller-interface_0.20.0-1-g633c374-2026.04.04.08.17_amd64.files
controller_manager,0.20.0-1-g633c374-2026.04.04.08.20,https://github.com/ros-controls/ros_control/tree/noetic-devel,success,controller_manager_0.20.0-1-g633c374-2026.04.04.08.20-bloom_generate.log,ros-one-controller-manager_0.20.0-1-g633c374-2026.04.04.08.20_amd64-2026-04-04T08:20:31Z.build,ros-one-controller-manager_0.20.0-1-g633c374-2026.04.04.08.20_amd64.deb,ros-one-controller-manager_0.20.0-1-g633c374-2026.04.04.08.20_amd64.files
controller_manager_tests,0.20.0-1-g633c374-2026.04.04.08.23,https://github.com/ros-controls/ros_control/tree/noetic-devel,success,controller_manager_tests_0.20.0-1-g633c374-2026.04.04.08.23-bloom_generate.log,ros-one-controller-manager-tests_0.20.0-1-g633c374-2026.04.04.08.23_amd64-2026-04-04T08:23:55Z.build,ros-one-controller-manager-tests_0.20.0-1-g633c374-2026.04.04.08.23_amd64.deb,ros-one-controller-manager-tests_0.20.0-1-g633c374-2026.04.04.08.23_amd64.files
combined_robot_hw_tests,0.20.0-1-g633c374-2026.04.04.08.27,https://github.com/ros-controls/ros_control/tree/noetic-devel,success,combined_robot_hw_tests_0.20.0-1-g633c374-2026.04.04.08.27-bloom_generate.log,ros-one-combined-robot-hw-tests_0.20.0-1-g633c374-2026.04.04.08.27_amd64-2026-04-04T08:27:06Z.build,ros-one-combined-robot-hw-tests_0.20.0-1-g633c374-2026.04.04.08.27_amd64.deb,ros-one-combined-robot-hw-tests_0.20.0-1-g633c374-2026.04.04.08.27_amd64.files
joint_limits_interface,0.20.0-1-g633c374-2026.04.04.08.30,https://github.com/ros-controls/ros_control/tree/noetic-devel,success,joint_limits_interface_0.20.0-1-g633c374-2026.04.04.08.30-bloom_generate.log,ros-one-joint-limits-interface_0.20.0-1-g633c374-2026.04.04.08.30_amd64-2026-04-04T08:30:16Z.build,ros-one-joint-limits-interface_0.20.0-1-g633c374-2026.04.04.08.30_amd64.deb,ros-one-joint-limits-interface_0.20.0-1-g633c374-2026.04.04.08.30_amd64.files
pcl_conversions,1.7.4-12-g5f72467-2026.04.04.08.33,https://github.com/ros-o/perception_pcl/tree/obese-devel,success,pcl_conversions_1.7.4-12-g5f72467-2026.04.04.08.33-bloom_generate.log,ros-one-pcl-conversions_1.7.4-12-g5f72467-2026.04.04.08.33_amd64-2026-04-04T08:33:23Z.build,ros-one-pcl-conversions_1.7.4-12-g5f72467-2026.04.04.08.33_amd64.deb,ros-one-pcl-conversions_1.7.4-12-g5f72467-2026.04.04.08.33_amd64.files
pcl_ros,1.7.4-12-g5f72467-2026.04.04.08.37,https://github.com/ros-o/perception_pcl/tree/obese-devel,success,pcl_ros_1.7.4-12-g5f72467-2026.04.04.08.37-bloom_generate.log,ros-one-pcl-ros_1.7.4-12-g5f72467-2026.04.04.08.37_amd64-2026-04-04T08:37:13Z.build,ros-one-pcl-ros_1.7.4-12-g5f72467-2026.04.04.08.37_amd64.deb,ros-one-pcl-ros_1.7.4-12-g5f72467-2026.04.04.08.37_amd64.files
perception_pcl,1.7.4-12-g5f72467-2026.04.04.08.45,https://github.com/ros-o/perception_pcl/tree/obese-devel,success,perception_pcl_1.7.4-12-g5f72467-2026.04.04.08.45-bloom_generate.log,ros-one-perception-pcl_1.7.4-12-g5f72467-2026.04.04.08.45_amd64-2026-04-04T08:45:48Z.build,ros-one-perception-pcl_1.7.4-12-g5f72467-2026.04.04.08.45_amd64.deb,ros-one-perception-pcl_1.7.4-12-g5f72467-2026.04.04.08.45_amd64.files
ros_control,0.20.0-1-g633c374-2026.04.04.08.48,https://github.com/ros-controls/ros_control/tree/noetic-devel,success,ros_control_0.20.0-1-g633c374-2026.04.04.08.48-bloom_generate.log,ros-one-ros-control_0.20.0-1-g633c374-2026.04.04.08.48_amd64-2026-04-04T08:48:47Z.build,ros-one-ros-control_0.20.0-1-g633c374-2026.04.04.08.48_amd64.deb,ros-one-ros-control_0.20.0-1-g633c374-2026.04.04.08.48_amd64.files
rqt_controller_manager,0.20.0-1-g633c374-2026.04.04.08.51,https://github.com/ros-controls/ros_control/tree/noetic-devel,success,rqt_controller_manager_0.20.0-1-g633c374-2026.04.04.08.51-bloom_generate.log,ros-one-rqt-controller-manager_0.20.0-1-g633c374-2026.04.04.08.51_amd64-2026-04-04T08:51:47Z.build,ros-one-rqt-controller-manager_0.20.0-1-g633c374-2026.04.04.08.51_amd64.deb,ros-one-rqt-controller-manager_0.20.0-1-g633c374-2026.04.04.08.51_amd64.files
rqt_image_view,0.4.17-3-g3803409-2026.04.04.08.54,https://github.com/ros-visualization/rqt_image_view/tree/master,success,rqt_image_view_0.4.17-3-g3803409-2026.04.04.08.54-bloom_generate.log,ros-one-rqt-image-view_0.4.17-3-g3803409-2026.04.04.08.54_amd64-2026-04-04T08:54:48Z.build,ros-one-rqt-image-view_0.4.17-3-g3803409-2026.04.04.08.54_amd64.deb,ros-one-rqt-image-view_0.4.17-3-g3803409-2026.04.04.08.54_amd64.files
transmission_interface,0.20.0-1-g633c374-2026.04.04.08.58,https://github.com/ros-controls/ros_control/tree/noetic-devel,success,transmission_interface_0.20.0-1-g633c374-2026.04.04.08.58-bloom_generate.log,ros-one-transmission-interface_0.20.0-1-g633c374-2026.04.04.08.58_amd64-2026-04-04T08:58:47Z.build,ros-one-transmission-interface_0.20.0-1-g633c374-2026.04.04.08.58_amd64.deb,ros-one-transmission-interface_0.20.0-1-g633c374-2026.04.04.08.58_amd64.files
diagnostic_aggregator,1.11.0-7-gda86650-2026.04.04.08.08,https://github.com/ros-o/diagnostics/tree/obese-devel,success,diagnostic_aggregator_1.11.0-7-gda86650-2026.04.04.08.08-bloom_generate.log,ros-one-diagnostic-aggregator_1.11.0-7-gda86650-2026.04.04.08.08_amd64-2026-04-04T08:08:17Z.build,ros-one-diagnostic-aggregator_1.11.0-7-gda86650-2026.04.04.08.08_amd64.deb,ros-one-diagnostic-aggregator_1.11.0-7-gda86650-2026.04.04.08.08_amd64.files
diagnostic_analysis,1.11.0-7-gda86650-2026.04.04.08.12,https://github.com/ros-o/diagnostics/tree/obese-devel,success,diagnostic_analysis_1.11.0-7-gda86650-2026.04.04.08.12-bloom_generate.log,ros-one-diagnostic-analysis_1.11.0-7-gda86650-2026.04.04.08.12_amd64-2026-04-04T08:12:07Z.build,ros-one-diagnostic-analysis_1.11.0-7-gda86650-2026.04.04.08.12_amd64.deb,ros-one-diagnostic-analysis_1.11.0-7-gda86650-2026.04.04.08.12_amd64.files
diagnostic_updater,1.11.0-7-gda86650-2026.04.04.08.15,https://github.com/ros-o/diagnostics/tree/obese-devel,success,diagnostic_updater_1.11.0-7-gda86650-2026.04.04.08.15-bloom_generate.log,ros-one-diagnostic-updater_1.11.0-7-gda86650-2026.04.04.08.15_amd64-2026-04-04T08:15:21Z.build,ros-one-diagnostic-updater_1.11.0-7-gda86650-2026.04.04.08.15_amd64.deb,ros-one-diagnostic-updater_1.11.0-7-gda86650-2026.04.04.08.15_amd64.files
diagnostic_common_diagnostics,1.11.0-7-gda86650-2026.04.04.08.18,https://github.com/ros-o/diagnostics/tree/obese-devel,success,diagnostic_common_diagnostics_1.11.0-7-gda86650-2026.04.04.08.18-bloom_generate.log,ros-one-diagnostic-common-diagnostics_1.11.0-7-gda86650-2026.04.04.08.18_amd64-2026-04-04T08:18:47Z.build,ros-one-diagnostic-common-diagnostics_1.11.0-7-gda86650-2026.04.04.08.18_amd64.deb,ros-one-diagnostic-common-diagnostics_1.11.0-7-gda86650-2026.04.04.08.18_amd64.files
diagnostics,1.11.0-7-gda86650-2026.04.04.08.22,https://github.com/ros-o/diagnostics/tree/obese-devel,success,diagnostics_1.11.0-7-gda86650-2026.04.04.08.22-bloom_generate.log,ros-one-diagnostics_1.11.0-7-gda86650-2026.04.04.08.22_amd64-2026-04-04T08:22:02Z.build,ros-one-diagnostics_1.11.0-7-gda86650-2026.04.04.08.22_amd64.deb,ros-one-diagnostics_1.11.0-7-gda86650-2026.04.04.08.22_amd64.files
geographic_info,0.5.6-1-gbc73c05-2026.04.04.08.25,https://github.com/ros-geographic-info/geographic_info/tree/master,success,geographic_info_0.5.6-1-gbc73c05-2026.04.04.08.25-bloom_generate.log,ros-one-geographic-info_0.5.6-1-gbc73c05-2026.04.04.08.25_amd64-2026-04-04T08:25:01Z.build,ros-one-geographic-info_0.5.6-1-gbc73c05-2026.04.04.08.25_amd64.deb,ros-one-geographic-info_0.5.6-1-gbc73c05-2026.04.04.08.25_amd64.files
geographic_msgs,0.5.6-1-gbc73c05-2026.04.04.08.28,https://github.com/ros-geographic-info/geographic_info/tree/master,success,geographic_msgs_0.5.6-1-gbc73c05-2026.04.04.08.28-bloom_generate.log,ros-one-geographic-msgs_0.5.6-1-gbc73c05-2026.04.04.08.28_amd64-2026-04-04T08:28:02Z.build,ros-one-geographic-msgs_0.5.6-1-gbc73c05-2026.04.04.08.28_amd64.deb,ros-one-geographic-msgs_0.5.6-1-gbc73c05-2026.04.04.08.28_amd64.files
geodesy,0.5.6-1-gbc73c05-2026.04.04.08.31,https://github.com/ros-geographic-info/geographic_info/tree/master,success,geodesy_0.5.6-1-gbc73c05-2026.04.04.08.31-bloom_generate.log,ros-one-geodesy_0.5.6-1-gbc73c05-2026.04.04.08.31_amd64-2026-04-04T08:31:12Z.build,ros-one-geodesy_0.5.6-1-gbc73c05-2026.04.04.08.31_amd64.deb,ros-one-geodesy_0.5.6-1-gbc73c05-2026.04.04.08.31_amd64.files
imu_pipeline,0.3.1-2026.04.04.08.34,https://github.com/ros-perception/imu_pipeline/tree/noetic-devel,success,imu_pipeline_0.3.1-2026.04.04.08.34-bloom_generate.log,ros-one-imu-pipeline_0.3.1-2026.04.04.08.34_amd64-2026-04-04T08:34:50Z.build,ros-one-imu-pipeline_0.3.1-2026.04.04.08.34_amd64.deb,ros-one-imu-pipeline_0.3.1-2026.04.04.08.34_amd64.files
imu_processors,0.3.1-2026.04.04.08.38,https://github.com/ros-perception/imu_pipeline/tree/noetic-devel,success,imu_processors_0.3.1-2026.04.04.08.38-bloom_generate.log,ros-one-imu-processors_0.3.1-2026.04.04.08.38_amd64-2026-04-04T08:38:06Z.build,ros-one-imu-processors_0.3.1-2026.04.04.08.38_amd64.deb,ros-one-imu-processors_0.3.1-2026.04.04.08.38_amd64.files
imu_transformer,0.3.1-2026.04.04.08.42,https://github.com/ros-perception/imu_pipeline/tree/noetic-devel,success,imu_transformer_0.3.1-2026.04.04.08.42-bloom_generate.log,ros-one-imu-transformer_0.3.1-2026.04.04.08.42_amd64-2026-04-04T08:42:11Z.build,ros-one-imu-transformer_0.3.1-2026.04.04.08.42_amd64.deb,ros-one-imu-transformer_0.3.1-2026.04.04.08.42_amd64.files
robot_pose_ekf,1.15.0-2026.04.04.08.45,https://github.com/ros-planning/robot_pose_ekf/tree/master,success,robot_pose_ekf_1.15.0-2026.04.04.08.45-bloom_generate.log,ros-one-robot-pose-ekf_1.15.0-2026.04.04.08.45_amd64-2026-04-04T08:45:42Z.build,ros-one-robot-pose-ekf_1.15.0-2026.04.04.08.45_amd64.deb,ros-one-robot-pose-ekf_1.15.0-2026.04.04.08.45_amd64.files
rosdiagnostic,1.11.0-7-gda86650-2026.04.04.08.49,https://github.com/ros-o/diagnostics/tree/obese-devel,success,rosdiagnostic_1.11.0-7-gda86650-2026.04.04.08.49-bloom_generate.log,ros-one-rosdiagnostic_1.11.0-7-gda86650-2026.04.04.08.49_amd64-2026-04-04T08:49:18Z.build,ros-one-rosdiagnostic_1.11.0-7-gda86650-2026.04.04.08.49_amd64.deb,ros-one-rosdiagnostic_1.11.0-7-gda86650-2026.04.04.08.49_amd64.files
self_test,1.11.0-7-gda86650-2026.04.04.08.52,https://github.com/ros-o/diagnostics/tree/obese-devel,success,self_test_1.11.0-7-gda86650-2026.04.04.08.52-bloom_generate.log,ros-one-self-test_1.11.0-7-gda86650-2026.04.04.08.52_amd64-2026-04-04T08:52:22Z.build,ros-one-self-test_1.11.0-7-gda86650-2026.04.04.08.52_amd64.deb,ros-one-self-test_1.11.0-7-gda86650-2026.04.04.08.52_amd64.files
test_diagnostic_aggregator,1.11.0-7-gda86650-2026.04.04.08.55,https://github.com/ros-o/diagnostics/tree/obese-devel,success,test_diagnostic_aggregator_1.11.0-7-gda86650-2026.04.04.08.55-bloom_generate.log,ros-one-test-diagnostic-aggregator_1.11.0-7-gda86650-2026.04.04.08.55_amd64-2026-04-04T08:55:46Z.build,ros-one-test-diagnostic-aggregator_1.11.0-7-gda86650-2026.04.04.08.55_amd64.deb,ros-one-test-diagnostic-aggregator_1.11.0-7-gda86650-2026.04.04.08.55_amd64.files
camera_calibration,1.17.0-11-g69488e6-2026.04.04.08.08,https://github.com/ros-perception/image_pipeline/tree/noetic,success,camera_calibration_1.17.0-11-g69488e6-2026.04.04.08.08-bloom_generate.log,ros-one-camera-calibration_1.17.0-11-g69488e6-2026.04.04.08.08_amd64-2026-04-04T08:08:20Z.build,ros-one-camera-calibration_1.17.0-11-g69488e6-2026.04.04.08.08_amd64.deb,ros-one-camera-calibration_1.17.0-11-g69488e6-2026.04.04.08.08_amd64.files
depth_image_proc,1.17.0-11-g69488e6-2026.04.04.08.11,https://github.com/ros-perception/image_pipeline/tree/noetic,success,depth_image_proc_1.17.0-11-g69488e6-2026.04.04.08.11-bloom_generate.log,ros-one-depth-image-proc_1.17.0-11-g69488e6-2026.04.04.08.11_amd64-2026-04-04T08:11:22Z.build,ros-one-depth-image-proc_1.17.0-11-g69488e6-2026.04.04.08.11_amd64.deb,ros-one-depth-image-proc_1.17.0-11-g69488e6-2026.04.04.08.11_amd64.files
geometry_tutorials,0.2.4-2026.04.04.08.15,https://github.com/ros/geometry_tutorials/tree/noetic-devel,success,geometry_tutorials_0.2.4-2026.04.04.08.15-bloom_generate.log,ros-one-geometry-tutorials_0.2.4-2026.04.04.08.15_amd64-2026-04-04T08:15:55Z.build,ros-one-geometry-tutorials_0.2.4-2026.04.04.08.15_amd64.deb,ros-one-geometry-tutorials_0.2.4-2026.04.04.08.15_amd64.files
image_pipeline,1.17.0-11-g69488e6-2026.04.04.08.19,https://github.com/ros-perception/image_pipeline/tree/noetic,success,image_pipeline_1.17.0-11-g69488e6-2026.04.04.08.19-bloom_generate.log,ros-one-image-pipeline_1.17.0-11-g69488e6-2026.04.04.08.19_amd64-2026-04-04T08:19:29Z.build,ros-one-image-pipeline_1.17.0-11-g69488e6-2026.04.04.08.19_amd64.deb,ros-one-image-pipeline_1.17.0-11-g69488e6-2026.04.04.08.19_amd64.files
image_proc,1.17.0-11-g69488e6-2026.04.04.08.22,https://github.com/ros-perception/image_pipeline/tree/noetic,success,image_proc_1.17.0-11-g69488e6-2026.04.04.08.22-bloom_generate.log,ros-one-image-proc_1.17.0-11-g69488e6-2026.04.04.08.22_amd64-2026-04-04T08:22:53Z.build,ros-one-image-proc_1.17.0-11-g69488e6-2026.04.04.08.22_amd64.deb,ros-one-image-proc_1.17.0-11-g69488e6-2026.04.04.08.22_amd64.files
image_publisher,1.17.0-11-g69488e6-2026.04.04.08.27,https://github.com/ros-perception/image_pipeline/tree/noetic,success,image_publisher_1.17.0-11-g69488e6-2026.04.04.08.27-bloom_generate.log,ros-one-image-publisher_1.17.0-11-g69488e6-2026.04.04.08.27_amd64-2026-04-04T08:27:08Z.build,ros-one-image-publisher_1.17.0-11-g69488e6-2026.04.04.08.27_amd64.deb,ros-one-image-publisher_1.17.0-11-g69488e6-2026.04.04.08.27_amd64.files
image_rotate,1.17.0-11-g69488e6-2026.04.04.08.31,https://github.com/ros-perception/image_pipeline/tree/noetic,success,image_rotate_1.17.0-11-g69488e6-2026.04.04.08.31-bloom_generate.log,ros-one-image-rotate_1.17.0-11-g69488e6-2026.04.04.08.31_amd64-2026-04-04T08:31:08Z.build,ros-one-image-rotate_1.17.0-11-g69488e6-2026.04.04.08.31_amd64.deb,ros-one-image-rotate_1.17.0-11-g69488e6-2026.04.04.08.31_amd64.files
image_view,1.17.0-11-g69488e6-2026.04.04.08.35,https://github.com/ros-perception/image_pipeline/tree/noetic,success,image_view_1.17.0-11-g69488e6-2026.04.04.08.35-bloom_generate.log,ros-one-image-view_1.17.0-11-g69488e6-2026.04.04.08.35_amd64-2026-04-04T08:35:12Z.build,ros-one-image-view_1.17.0-11-g69488e6-2026.04.04.08.35_amd64.deb,ros-one-image-view_1.17.0-11-g69488e6-2026.04.04.08.35_amd64.files
mongodb_store_msgs,0-2026.04.04.08.39,https://github.com/ros-o/mongodb_store/tree/obese-devel,success,mongodb_store_msgs_0-2026.04.04.08.39-bloom_generate.log,ros-one-mongodb-store-msgs_0-2026.04.04.08.39_amd64-2026-04-04T08:39:34Z.build,ros-one-mongodb-store-msgs_0-2026.04.04.08.39_amd64.deb,ros-one-mongodb-store-msgs_0-2026.04.04.08.39_amd64.files
mongodb_store,0-2026.04.04.08.42,https://github.com/ros-o/mongodb_store/tree/obese-devel,success,mongodb_store_0-2026.04.04.08.42-bloom_generate.log,ros-one-mongodb-store_0-2026.04.04.08.42_amd64-2026-04-04T08:42:56Z.build,ros-one-mongodb-store_0-2026.04.04.08.42_amd64.deb,ros-one-mongodb-store_0-2026.04.04.08.42_amd64.files
mongodb_log,0-2026.04.04.08.46,https://github.com/ros-o/mongodb_store/tree/obese-devel,success,mongodb_log_0-2026.04.04.08.46-bloom_generate.log,ros-one-mongodb-log_0-2026.04.04.08.46_amd64-2026-04-04T08:46:25Z.build,ros-one-mongodb-log_0-2026.04.04.08.46_amd64.deb,ros-one-mongodb-log_0-2026.04.04.08.46_amd64.files
robot_state_publisher,1.15.2-4-ga235bfb-2026.04.04.08.49,https://github.com/ros-o/robot_state_publisher/tree/obese-devel,success,robot_state_publisher_1.15.2-4-ga235bfb-2026.04.04.08.49-bloom_generate.log,ros-one-robot-state-publisher_1.15.2-4-ga235bfb-2026.04.04.08.49_amd64-2026-04-04T08:49:59Z.build,ros-one-robot-state-publisher_1.15.2-4-ga235bfb-2026.04.04.08.49_amd64.deb,ros-one-robot-state-publisher_1.15.2-4-ga235bfb-2026.04.04.08.49_amd64.files
stereo_image_proc,1.17.0-11-g69488e6-2026.04.04.08.53,https://github.com/ros-perception/image_pipeline/tree/noetic,success,stereo_image_proc_1.17.0-11-g69488e6-2026.04.04.08.53-bloom_generate.log,ros-one-stereo-image-proc_1.17.0-11-g69488e6-2026.04.04.08.53_amd64-2026-04-04T08:53:41Z.build,ros-one-stereo-image-proc_1.17.0-11-g69488e6-2026.04.04.08.53_amd64.deb,ros-one-stereo-image-proc_1.17.0-11-g69488e6-2026.04.04.08.53_amd64.files
turtle_tf,0.2.4-2026.04.04.08.57,https://github.com/ros/geometry_tutorials/tree/noetic-devel,success,turtle_tf_0.2.4-2026.04.04.08.57-bloom_generate.log,ros-one-turtle-tf_0.2.4-2026.04.04.08.57_amd64-2026-04-04T08:57:59Z.build,ros-one-turtle-tf_0.2.4-2026.04.04.08.57_amd64.deb,ros-one-turtle-tf_0.2.4-2026.04.04.08.57_amd64.files
turtle_tf2,0.2.4-2026.04.04.09.01,https://github.com/ros/geometry_tutorials/tree/noetic-devel,success,turtle_tf2_0.2.4-2026.04.04.09.01-bloom_generate.log,ros-one-turtle-tf2_0.2.4-2026.04.04.09.01_amd64-2026-04-04T09:01:42Z.build,ros-one-turtle-tf2_0.2.4-2026.04.04.09.01_amd64.deb,ros-one-turtle-tf2_0.2.4-2026.04.04.09.01_amd64.files
axis_camera,0-2026.04.04.08.08,https://github.com/ros-o/axis_camera/tree/obese-devel,success,axis_camera_0-2026.04.04.08.08-bloom_generate.log,ros-one-axis-camera_0-2026.04.04.08.08_amd64-2026-04-04T08:08:06Z.build,ros-one-axis-camera_0-2026.04.04.08.08_amd64.deb,ros-one-axis-camera_0-2026.04.04.08.08_amd64.files
axis_description,0-2026.04.04.08.11,https://github.com/ros-o/axis_camera/tree/obese-devel,success,axis_description_0-2026.04.04.08.11-bloom_generate.log,ros-one-axis-description_0-2026.04.04.08.11_amd64-2026-04-04T08:11:24Z.build,ros-one-axis-description_0-2026.04.04.08.11_amd64.deb,ros-one-axis-description_0-2026.04.04.08.11_amd64.files
axis_msgs,0-2026.04.04.08.14,https://github.com/ros-o/axis_camera/tree/obese-devel,success,axis_msgs_0-2026.04.04.08.14-bloom_generate.log,ros-one-axis-msgs_0-2026.04.04.08.14_amd64-2026-04-04T08:14:23Z.build,ros-one-axis-msgs_0-2026.04.04.08.14_amd64.deb,ros-one-axis-msgs_0-2026.04.04.08.14_amd64.files
gmapping,1.4.2-2-geec8606-2026.04.04.08.17,https://github.com/ros-perception/slam_gmapping/tree/melodic-devel,success,gmapping_1.4.2-2-geec8606-2026.04.04.08.17-bloom_generate.log,ros-one-gmapping_1.4.2-2-geec8606-2026.04.04.08.17_amd64-2026-04-04T08:17:27Z.build,ros-one-gmapping_1.4.2-2-geec8606-2026.04.04.08.17_amd64.deb,ros-one-gmapping_1.4.2-2-geec8606-2026.04.04.08.17_amd64.files
robot_calibration_msgs,0.7.2-3-g80c2be2-2026.04.04.08.21,https://github.com/mikeferguson/robot_calibration/tree/ros1,success,robot_calibration_msgs_0.7.2-3-g80c2be2-2026.04.04.08.21-bloom_generate.log,ros-one-robot-calibration-msgs_0.7.2-3-g80c2be2-2026.04.04.08.21_amd64-2026-04-04T08:21:22Z.build,ros-one-robot-calibration-msgs_0.7.2-3-g80c2be2-2026.04.04.08.21_amd64.deb,ros-one-robot-calibration-msgs_0.7.2-3-g80c2be2-2026.04.04.08.21_amd64.files
robot_calibration,0.7.2-3-g80c2be2-2026.04.04.08.24,https://github.com/mikeferguson/robot_calibration/tree/ros1,success,robot_calibration_0.7.2-3-g80c2be2-2026.04.04.08.24-bloom_generate.log,ros-one-robot-calibration_0.7.2-3-g80c2be2-2026.04.04.08.24_amd64-2026-04-04T08:24:31Z.build,ros-one-robot-calibration_0.7.2-3-g80c2be2-2026.04.04.08.24_amd64.deb,ros-one-robot-calibration_0.7.2-3-g80c2be2-2026.04.04.08.24_amd64.files
ros_babel_fish_test_msgs,0-2026.04.04.08.30,https://github.com/ros-o/ros_babel_fish/tree/obese-devel,success,ros_babel_fish_test_msgs_0-2026.04.04.08.30-bloom_generate.log,ros-one-ros-babel-fish-test-msgs_0-2026.04.04.08.30_amd64-2026-04-04T08:30:03Z.build,ros-one-ros-babel-fish-test-msgs_0-2026.04.04.08.30_amd64.deb,ros-one-ros-babel-fish-test-msgs_0-2026.04.04.08.30_amd64.files
ros_babel_fish,0-2026.04.04.08.33,https://github.com/ros-o/ros_babel_fish/tree/obese-devel,success,ros_babel_fish_0-2026.04.04.08.33-bloom_generate.log,ros-one-ros-babel-fish_0-2026.04.04.08.33_amd64-2026-04-04T08:33:13Z.build,ros-one-ros-babel-fish_0-2026.04.04.08.33_amd64.deb,ros-one-ros-babel-fish_0-2026.04.04.08.33_amd64.files
rosparam_shortcuts,0.4.0-4-g7cf1dea-2026.04.04.08.37,https://github.com/ros-o/rosparam_shortcuts/tree/obese-devel,success,rosparam_shortcuts_0.4.0-4-g7cf1dea-2026.04.04.08.37-bloom_generate.log,ros-one-rosparam-shortcuts_0.4.0-4-g7cf1dea-2026.04.04.08.37_amd64-2026-04-04T08:37:08Z.build,ros-one-rosparam-shortcuts_0.4.0-4-g7cf1dea-2026.04.04.08.37_amd64.deb,ros-one-rosparam-shortcuts_0.4.0-4-g7cf1dea-2026.04.04.08.37_amd64.files
rqt_ez_publisher,0.6.1-5-g9269076-2026.04.04.08.40,https://github.com/ros-o/rqt_ez_publisher/tree/obese-devel,success,rqt_ez_publisher_0.6.1-5-g9269076-2026.04.04.08.40-bloom_generate.log,ros-one-rqt-ez-publisher_0.6.1-5-g9269076-2026.04.04.08.40_amd64-2026-04-04T08:40:29Z.build,ros-one-rqt-ez-publisher_0.6.1-5-g9269076-2026.04.04.08.40_amd64.deb,ros-one-rqt-ez-publisher_0.6.1-5-g9269076-2026.04.04.08.40_amd64.files
rqt_publisher,0.4.10-7-g3f32ffe-2026.04.04.08.43,https://github.com/ros-visualization/rqt_publisher/tree/master,success,rqt_publisher_0.4.10-7-g3f32ffe-2026.04.04.08.43-bloom_generate.log,ros-one-rqt-publisher_0.4.10-7-g3f32ffe-2026.04.04.08.43_amd64-2026-04-04T08:43:45Z.build,ros-one-rqt-publisher_0.4.10-7-g3f32ffe-2026.04.04.08.43_amd64.deb,ros-one-rqt-publisher_0.4.10-7-g3f32ffe-2026.04.04.08.43_amd64.files
rqt_top,0.4.10-1-gb2caab1-2026.04.04.08.46,https://github.com/ros-visualization/rqt_top/tree/master,success,rqt_top_0.4.10-1-gb2caab1-2026.04.04.08.46-bloom_generate.log,ros-one-rqt-top_0.4.10-1-gb2caab1-2026.04.04.08.46_amd64-2026-04-04T08:46:54Z.build,ros-one-rqt-top_0.4.10-1-gb2caab1-2026.04.04.08.46_amd64.deb,ros-one-rqt-top_0.4.10-1-gb2caab1-2026.04.04.08.46_amd64.files
rqt_web,0.4.10-5-g49eaabf-2026.04.04.08.50,https://github.com/ros-visualization/rqt_web/tree/master,success,rqt_web_0.4.10-5-g49eaabf-2026.04.04.08.50-bloom_generate.log,ros-one-rqt-web_0.4.10-5-g49eaabf-2026.04.04.08.50_amd64-2026-04-04T08:50:01Z.build,ros-one-rqt-web_0.4.10-5-g49eaabf-2026.04.04.08.50_amd64.deb,ros-one-rqt-web_0.4.10-5-g49eaabf-2026.04.04.08.50_amd64.files
slam_gmapping,1.4.2-2-geec8606-2026.04.04.08.53,https://github.com/ros-perception/slam_gmapping/tree/melodic-devel,success,slam_gmapping_1.4.2-2-geec8606-2026.04.04.08.53-bloom_generate.log,ros-one-slam-gmapping_1.4.2-2-geec8606-2026.04.04.08.53_amd64-2026-04-04T08:53:05Z.build,ros-one-slam-gmapping_1.4.2-2-geec8606-2026.04.04.08.53_amd64.deb,ros-one-slam-gmapping_1.4.2-2-geec8606-2026.04.04.08.53_amd64.files
warehouse_ros,0.9.5-2-g5c5b77b-2026.04.04.08.56,https://github.com/moveit/warehouse_ros/tree/kinetic-devel,success,warehouse_ros_0.9.5-2-g5c5b77b-2026.04.04.08.56-bloom_generate.log,ros-one-warehouse-ros_0.9.5-2-g5c5b77b-2026.04.04.08.56_amd64-2026-04-04T08:56:10Z.build,ros-one-warehouse-ros_0.9.5-2-g5c5b77b-2026.04.04.08.56_amd64.deb,ros-one-warehouse-ros_0.9.5-2-g5c5b77b-2026.04.04.08.56_amd64.files
apriltag_ros,3.2.1-23-g94b3b84-2026.04.04.08.08,https://github.com/AprilRobotics/apriltag_ros/tree/master,success,apriltag_ros_3.2.1-23-g94b3b84-2026.04.04.08.08-bloom_generate.log,ros-one-apriltag-ros_3.2.1-23-g94b3b84-2026.04.04.08.08_amd64-2026-04-04T08:08:11Z.build,ros-one-apriltag-ros_3.2.1-23-g94b3b84-2026.04.04.08.08_amd64.deb,ros-one-apriltag-ros_3.2.1-23-g94b3b84-2026.04.04.08.08_amd64.files
interactive_marker_twist_server,1.2.2-1-gcf5dc63-2026.04.04.08.11,https://github.com/ros-visualization/interactive_marker_twist_server/tree/kinetic-devel,success,interactive_marker_twist_server_1.2.2-1-gcf5dc63-2026.04.04.08.11-bloom_generate.log,ros-one-interactive-marker-twist-server_1.2.2-1-gcf5dc63-2026.04.04.08.11_amd64-2026-04-04T08:11:50Z.build,ros-one-interactive-marker-twist-server_1.2.2-1-gcf5dc63-2026.04.04.08.11_amd64.deb,ros-one-interactive-marker-twist-server_1.2.2-1-gcf5dc63-2026.04.04.08.11_amd64.files
moveit_python,0.4.5-1-gbc6d4a4-2026.04.04.08.14,https://github.com/mikeferguson/moveit_python/tree/ros1,success,moveit_python_0.4.5-1-gbc6d4a4-2026.04.04.08.14-bloom_generate.log,ros-one-moveit-python_0.4.5-1-gbc6d4a4-2026.04.04.08.14_amd64-2026-04-04T08:14:44Z.build,ros-one-moveit-python_0.4.5-1-gbc6d4a4-2026.04.04.08.14_amd64.deb,ros-one-moveit-python_0.4.5-1-gbc6d4a4-2026.04.04.08.14_amd64.files
rqt_joint_trajectory_plot,0.0.5-31-g508ce24-2026.04.04.08.17,https://github.com/tork-a/rqt_joint_trajectory_plot/tree/master,success,rqt_joint_trajectory_plot_0.0.5-31-g508ce24-2026.04.04.08.17-bloom_generate.log,ros-one-rqt-joint-trajectory-plot_0.0.5-31-g508ce24-2026.04.04.08.17_amd64-2026-04-04T08:17:16Z.build,ros-one-rqt-joint-trajectory-plot_0.0.5-31-g508ce24-2026.04.04.08.17_amd64.deb,ros-one-rqt-joint-trajectory-plot_0.0.5-31-g508ce24-2026.04.04.08.17_amd64.files
rqt_logger_level,0.4.12-2026.04.04.08.20,https://github.com/ros-visualization/rqt_logger_level/tree/master,success,rqt_logger_level_0.4.12-2026.04.04.08.20-bloom_generate.log,ros-one-rqt-logger-level_0.4.12-2026.04.04.08.20_amd64-2026-04-04T08:20:09Z.build,ros-one-rqt-logger-level_0.4.12-2026.04.04.08.20_amd64.deb,ros-one-rqt-logger-level_0.4.12-2026.04.04.08.20_amd64.files
rqt_nav_view,0.5.8-2026.04.04.08.22,https://github.com/ros-visualization/rqt_nav_view/tree/master,success,rqt_nav_view_0.5.8-2026.04.04.08.22-bloom_generate.log,ros-one-rqt-nav-view_0.5.8-2026.04.04.08.22_amd64-2026-04-04T08:22:40Z.build,ros-one-rqt-nav-view_0.5.8-2026.04.04.08.22_amd64.deb,ros-one-rqt-nav-view_0.5.8-2026.04.04.08.22_amd64.files
rqt_plot,0.4.13-2026.04.04.08.25,https://github.com/ros-visualization/rqt_plot/tree/master,success,rqt_plot_0.4.13-2026.04.04.08.25-bloom_generate.log,ros-one-rqt-plot_0.4.13-2026.04.04.08.25_amd64-2026-04-04T08:25:12Z.build,ros-one-rqt-plot_0.4.13-2026.04.04.08.25_amd64.deb,ros-one-rqt-plot_0.4.13-2026.04.04.08.25_amd64.files
rqt_pose_view,0.5.11-5-g42e9174-2026.04.04.08.27,https://github.com/ros-visualization/rqt_pose_view/tree/master,success,rqt_pose_view_0.5.11-5-g42e9174-2026.04.04.08.27-bloom_generate.log,ros-one-rqt-pose-view_0.5.11-5-g42e9174-2026.04.04.08.27_amd64-2026-04-04T08:27:44Z.build,ros-one-rqt-pose-view_0.5.11-5-g42e9174-2026.04.04.08.27_amd64.deb,ros-one-rqt-pose-view_0.5.11-5-g42e9174-2026.04.04.08.27_amd64.files
rqt_py_console,0.4.10-1-gf9bf603-2026.04.04.08.30,https://github.com/ros-visualization/rqt_py_console/tree/master,success,rqt_py_console_0.4.10-1-gf9bf603-2026.04.04.08.30-bloom_generate.log,ros-one-rqt-py-console_0.4.10-1-gf9bf603-2026.04.04.08.30_amd64-2026-04-04T08:30:20Z.build,ros-one-rqt-py-console_0.4.10-1-gf9bf603-2026.04.04.08.30_amd64.deb,ros-one-rqt-py-console_0.4.10-1-gf9bf603-2026.04.04.08.30_amd64.files
rqt_robot_steering,0.5.12-5-g3076940-2026.04.04.08.32,https://github.com/ros-visualization/rqt_robot_steering/tree/master,success,rqt_robot_steering_0.5.12-5-g3076940-2026.04.04.08.32-bloom_generate.log,ros-one-rqt-robot-steering_0.5.12-5-g3076940-2026.04.04.08.32_amd64-2026-04-04T08:32:54Z.build,ros-one-rqt-robot-steering_0.5.12-5-g3076940-2026.04.04.08.32_amd64.deb,ros-one-rqt-robot-steering_0.5.12-5-g3076940-2026.04.04.08.32_amd64.files
rqt_service_caller,0.4.10-1-g08ff4cc-2026.04.04.08.35,https://github.com/ros-visualization/rqt_service_caller/tree/master,success,rqt_service_caller_0.4.10-1-g08ff4cc-2026.04.04.08.35-bloom_generate.log,ros-one-rqt-service-caller_0.4.10-1-g08ff4cc-2026.04.04.08.35_amd64-2026-04-04T08:35:28Z.build,ros-one-rqt-service-caller_0.4.10-1-g08ff4cc-2026.04.04.08.35_amd64.deb,ros-one-rqt-service-caller_0.4.10-1-g08ff4cc-2026.04.04.08.35_amd64.files
rqt_shell,0.4.12-2026.04.04.08.38,https://github.com/ros-visualization/rqt_shell/tree/master,success,rqt_shell_0.4.12-2026.04.04.08.38-bloom_generate.log,ros-one-rqt-shell_0.4.12-2026.04.04.08.38_amd64-2026-04-04T08:38:03Z.build,ros-one-rqt-shell_0.4.12-2026.04.04.08.38_amd64.deb,ros-one-rqt-shell_0.4.12-2026.04.04.08.38_amd64.files
rqt_topic,0.4.13-4-g8465371-2026.04.04.08.40,https://github.com/ros-visualization/rqt_topic/tree/master,success,rqt_topic_0.4.13-4-g8465371-2026.04.04.08.40-bloom_generate.log,ros-one-rqt-topic_0.4.13-4-g8465371-2026.04.04.08.40_amd64-2026-04-04T08:40:38Z.build,ros-one-rqt-topic_0.4.13-4-g8465371-2026.04.04.08.40_amd64.deb,ros-one-rqt-topic_0.4.13-4-g8465371-2026.04.04.08.40_amd64.files
stage_ros,1.8.0-1-g3f0165d-2026.04.04.08.43,https://github.com/ros-o/stage_ros/tree/obese-devel,success,stage_ros_1.8.0-1-g3f0165d-2026.04.04.08.43-bloom_generate.log,ros-one-stage-ros_1.8.0-1-g3f0165d-2026.04.04.08.43_amd64-2026-04-04T08:43:10Z.build,ros-one-stage-ros_1.8.0-1-g3f0165d-2026.04.04.08.43_amd64.deb,ros-one-stage-ros_1.8.0-1-g3f0165d-2026.04.04.08.43_amd64.files
wifi_ddwrt,0.2.2-2026.04.04.08.46,https://github.com/ros-drivers/wifi_ddwrt/tree/noetic-devel,success,wifi_ddwrt_0.2.2-2026.04.04.08.46-bloom_generate.log,ros-one-wifi-ddwrt_0.2.2-2026.04.04.08.46_amd64-2026-04-04T08:46:24Z.build,ros-one-wifi-ddwrt_0.2.2-2026.04.04.08.46_amd64.deb,ros-one-wifi-ddwrt_0.2.2-2026.04.04.08.46_amd64.files
find_object_2d,0.7.4-rolling-2-g3764491-2026.04.04.08.08,https://github.com/introlab/find-object/tree/master,success,find_object_2d_0.7.4-rolling-2-g3764491-2026.04.04.08.08-bloom_generate.log,ros-one-find-object-2d_0.7.4-rolling-2-g3764491-2026.04.04.08.08_amd64-2026-04-04T08:08:09Z.build,ros-one-find-object-2d_0.7.4-rolling-2-g3764491-2026.04.04.08.08_amd64.deb,ros-one-find-object-2d_0.7.4-rolling-2-g3764491-2026.04.04.08.08_amd64.files
laser_geometry,1.6.7-5-g6ace590-2026.04.04.08.12,https://github.com/ros-o/laser_geometry/tree/obese-devel,success,laser_geometry_1.6.7-5-g6ace590-2026.04.04.08.12-bloom_generate.log,ros-one-laser-geometry_1.6.7-5-g6ace590-2026.04.04.08.12_amd64-2026-04-04T08:12:45Z.build,ros-one-laser-geometry_1.6.7-5-g6ace590-2026.04.04.08.12_amd64.deb,ros-one-laser-geometry_1.6.7-5-g6ace590-2026.04.04.08.12_amd64.files
mocap_optitrack,0.1.4-1-g1f4941f-2026.04.04.08.15,https://github.com/ros-o/mocap_optitrack/tree/obese-devel,success,mocap_optitrack_0.1.4-1-g1f4941f-2026.04.04.08.15-bloom_generate.log,ros-one-mocap-optitrack_0.1.4-1-g1f4941f-2026.04.04.08.15_amd64-2026-04-04T08:15:42Z.build,ros-one-mocap-optitrack_0.1.4-1-g1f4941f-2026.04.04.08.15_amd64.deb,ros-one-mocap-optitrack_0.1.4-1-g1f4941f-2026.04.04.08.15_amd64.files
octomap_ros,0.4.1-3-g8816e50-2026.04.04.08.18,https://github.com/OctoMap/octomap_ros/tree/melodic-devel,success,octomap_ros_0.4.1-3-g8816e50-2026.04.04.08.18-bloom_generate.log,ros-one-octomap-ros_0.4.1-3-g8816e50-2026.04.04.08.18_amd64-2026-04-04T08:18:41Z.build,ros-one-octomap-ros_0.4.1-3-g8816e50-2026.04.04.08.18_amd64.deb,ros-one-octomap-ros_0.4.1-3-g8816e50-2026.04.04.08.18_amd64.files
realtime_urdf_filter,0-2026.04.04.08.21,https://github.com/blodow/realtime_urdf_filter/tree/master,success,realtime_urdf_filter_0-2026.04.04.08.21-bloom_generate.log,ros-one-realtime-urdf-filter_0-2026.04.04.08.21_amd64-2026-04-04T08:21:33Z.build,ros-one-realtime-urdf-filter_0-2026.04.04.08.21_amd64.deb,ros-one-realtime-urdf-filter_0-2026.04.04.08.21_amd64.files
ros_numpy,0-2026.04.04.08.25,https://github.com/ros-o/ros_numpy/tree/obese-devel,success,ros_numpy_0-2026.04.04.08.25-bloom_generate.log,ros-one-ros-numpy_0-2026.04.04.08.25_amd64-2026-04-04T08:25:12Z.build,ros-one-ros-numpy_0-2026.04.04.08.25_amd64.deb,ros-one-ros-numpy_0-2026.04.04.08.25_amd64.files
rqt_graph,0.4.14-5-g759e210-2026.04.04.08.27,https://github.com/ros-visualization/rqt_graph/tree/master,success,rqt_graph_0.4.14-5-g759e210-2026.04.04.08.27-bloom_generate.log,ros-one-rqt-graph_0.4.14-5-g759e210-2026.04.04.08.27_amd64-2026-04-04T08:27:46Z.build,ros-one-rqt-graph_0.4.14-5-g759e210-2026.04.04.08.27_amd64.deb,ros-one-rqt-graph_0.4.14-5-g759e210-2026.04.04.08.27_amd64.files
rqt_runtime_monitor,0.5.10-3-g7cf9210-2026.04.04.08.30,https://github.com/ros-visualization/rqt_runtime_monitor/tree/master,success,rqt_runtime_monitor_0.5.10-3-g7cf9210-2026.04.04.08.30-bloom_generate.log,ros-one-rqt-runtime-monitor_0.5.10-3-g7cf9210-2026.04.04.08.30_amd64-2026-04-04T08:30:22Z.build,ros-one-rqt-runtime-monitor_0.5.10-3-g7cf9210-2026.04.04.08.30_amd64.deb,ros-one-rqt-runtime-monitor_0.5.10-3-g7cf9210-2026.04.04.08.30_amd64.files
slam_karto,0.8.1-14-g5c84a19-2026.04.04.08.32,https://github.com/ros-o/slam_karto/tree/obese-devel,success,slam_karto_0.8.1-14-g5c84a19-2026.04.04.08.32-bloom_generate.log,ros-one-slam-karto_0.8.1-14-g5c84a19-2026.04.04.08.32_amd64-2026-04-04T08:32:55Z.build,ros-one-slam-karto_0.8.1-14-g5c84a19-2026.04.04.08.32_amd64.deb,ros-one-slam-karto_0.8.1-14-g5c84a19-2026.04.04.08.32_amd64.files
fake_localization,1.17.3-4-gf44bb1fc-2026.04.04.09.08,https://github.com/ros-planning/navigation/tree/noetic-devel,success,fake_localization_1.17.3-4-gf44bb1fc-2026.04.04.09.08-bloom_generate.log,ros-one-fake-localization_1.17.3-4-gf44bb1fc-2026.04.04.09.08_amd64-2026-04-04T09:08:27Z.build,ros-one-fake-localization_1.17.3-4-gf44bb1fc-2026.04.04.09.08_amd64.deb,ros-one-fake-localization_1.17.3-4-gf44bb1fc-2026.04.04.09.08_amd64.files
map_server,1.17.3-4-gf44bb1fc-2026.04.04.09.13,https://github.com/ros-planning/navigation/tree/noetic-devel,success,map_server_1.17.3-4-gf44bb1fc-2026.04.04.09.13-bloom_generate.log,ros-one-map-server_1.17.3-4-gf44bb1fc-2026.04.04.09.13_amd64-2026-04-04T09:13:06Z.build,ros-one-map-server_1.17.3-4-gf44bb1fc-2026.04.04.09.13_amd64.deb,ros-one-map-server_1.17.3-4-gf44bb1fc-2026.04.04.09.13_amd64.files
amcl,1.17.3-4-gf44bb1fc-2026.04.04.09.17,https://github.com/ros-planning/navigation/tree/noetic-devel,success,amcl_1.17.3-4-gf44bb1fc-2026.04.04.09.17-bloom_generate.log,ros-one-amcl_1.17.3-4-gf44bb1fc-2026.04.04.09.17_amd64-2026-04-04T09:17:13Z.build,ros-one-amcl_1.17.3-4-gf44bb1fc-2026.04.04.09.17_amd64.deb,ros-one-amcl_1.17.3-4-gf44bb1fc-2026.04.04.09.17_amd64.files
navigation,1.17.3-4-gf44bb1fc-2026.04.04.09.21,https://github.com/ros-planning/navigation/tree/noetic-devel,success,navigation_1.17.3-4-gf44bb1fc-2026.04.04.09.21-bloom_generate.log,ros-one-navigation_1.17.3-4-gf44bb1fc-2026.04.04.09.21_amd64-2026-04-04T09:21:41Z.build,ros-one-navigation_1.17.3-4-gf44bb1fc-2026.04.04.09.21_amd64.deb,ros-one-navigation_1.17.3-4-gf44bb1fc-2026.04.04.09.21_amd64.files
voxel_grid,1.17.3-4-gf44bb1fc-2026.04.04.09.25,https://github.com/ros-planning/navigation/tree/noetic-devel,success,voxel_grid_1.17.3-4-gf44bb1fc-2026.04.04.09.25-bloom_generate.log,ros-one-voxel-grid_1.17.3-4-gf44bb1fc-2026.04.04.09.25_amd64-2026-04-04T09:25:56Z.build,ros-one-voxel-grid_1.17.3-4-gf44bb1fc-2026.04.04.09.25_amd64.deb,ros-one-voxel-grid_1.17.3-4-gf44bb1fc-2026.04.04.09.25_amd64.files
costmap_2d,1.17.3-4-gf44bb1fc-2026.04.04.09.29,https://github.com/ros-planning/navigation/tree/noetic-devel,success,costmap_2d_1.17.3-4-gf44bb1fc-2026.04.04.09.29-bloom_generate.log,ros-one-costmap-2d_1.17.3-4-gf44bb1fc-2026.04.04.09.29_amd64-2026-04-04T09:29:49Z.build,ros-one-costmap-2d_1.17.3-4-gf44bb1fc-2026.04.04.09.29_amd64.deb,ros-one-costmap-2d_1.17.3-4-gf44bb1fc-2026.04.04.09.29_amd64.files
nav_core,1.17.3-4-gf44bb1fc-2026.04.04.09.35,https://github.com/ros-planning/navigation/tree/noetic-devel,success,nav_core_1.17.3-4-gf44bb1fc-2026.04.04.09.35-bloom_generate.log,ros-one-nav-core_1.17.3-4-gf44bb1fc-2026.04.04.09.35_amd64-2026-04-04T09:35:04Z.build,ros-one-nav-core_1.17.3-4-gf44bb1fc-2026.04.04.09.35_amd64.deb,ros-one-nav-core_1.17.3-4-gf44bb1fc-2026.04.04.09.35_amd64.files
base_local_planner,1.17.3-4-gf44bb1fc-2026.04.04.09.39,https://github.com/ros-planning/navigation/tree/noetic-devel,success,base_local_planner_1.17.3-4-gf44bb1fc-2026.04.04.09.39-bloom_generate.log,ros-one-base-local-planner_1.17.3-4-gf44bb1fc-2026.04.04.09.39_amd64-2026-04-04T09:39:42Z.build,ros-one-base-local-planner_1.17.3-4-gf44bb1fc-2026.04.04.09.39_amd64.deb,ros-one-base-local-planner_1.17.3-4-gf44bb1fc-2026.04.04.09.39_amd64.files
carrot_planner,1.17.3-4-gf44bb1fc-2026.04.04.09.44,https://github.com/ros-planning/navigation/tree/noetic-devel,success,carrot_planner_1.17.3-4-gf44bb1fc-2026.04.04.09.44-bloom_generate.log,ros-one-carrot-planner_1.17.3-4-gf44bb1fc-2026.04.04.09.44_amd64-2026-04-04T09:44:42Z.build,ros-one-carrot-planner_1.17.3-4-gf44bb1fc-2026.04.04.09.44_amd64.deb,ros-one-carrot-planner_1.17.3-4-gf44bb1fc-2026.04.04.09.44_amd64.files
clear_costmap_recovery,1.17.3-4-gf44bb1fc-2026.04.04.09.48,https://github.com/ros-planning/navigation/tree/noetic-devel,success,clear_costmap_recovery_1.17.3-4-gf44bb1fc-2026.04.04.09.48-bloom_generate.log,ros-one-clear-costmap-recovery_1.17.3-4-gf44bb1fc-2026.04.04.09.48_amd64-2026-04-04T09:48:59Z.build,ros-one-clear-costmap-recovery_1.17.3-4-gf44bb1fc-2026.04.04.09.48_amd64.deb,ros-one-clear-costmap-recovery_1.17.3-4-gf44bb1fc-2026.04.04.09.48_amd64.files
dwa_local_planner,1.17.3-4-gf44bb1fc-2026.04.04.09.53,https://github.com/ros-planning/navigation/tree/noetic-devel,success,dwa_local_planner_1.17.3-4-gf44bb1fc-2026.04.04.09.53-bloom_generate.log,ros-one-dwa-local-planner_1.17.3-4-gf44bb1fc-2026.04.04.09.53_amd64-2026-04-04T09:53:17Z.build,ros-one-dwa-local-planner_1.17.3-4-gf44bb1fc-2026.04.04.09.53_amd64.deb,ros-one-dwa-local-planner_1.17.3-4-gf44bb1fc-2026.04.04.09.53_amd64.files
move_slow_and_clear,1.17.3-4-gf44bb1fc-2026.04.04.09.57,https://github.com/ros-planning/navigation/tree/noetic-devel,success,move_slow_and_clear_1.17.3-4-gf44bb1fc-2026.04.04.09.57-bloom_generate.log,ros-one-move-slow-and-clear_1.17.3-4-gf44bb1fc-2026.04.04.09.57_amd64-2026-04-04T09:57:44Z.build,ros-one-move-slow-and-clear_1.17.3-4-gf44bb1fc-2026.04.04.09.57_amd64.deb,ros-one-move-slow-and-clear_1.17.3-4-gf44bb1fc-2026.04.04.09.57_amd64.files
navfn,1.17.3-4-gf44bb1fc-2026.04.04.10.02,https://github.com/ros-planning/navigation/tree/noetic-devel,success,navfn_1.17.3-4-gf44bb1fc-2026.04.04.10.02-bloom_generate.log,ros-one-navfn_1.17.3-4-gf44bb1fc-2026.04.04.10.02_amd64-2026-04-04T10:02:35Z.build,ros-one-navfn_1.17.3-4-gf44bb1fc-2026.04.04.10.02_amd64.deb,ros-one-navfn_1.17.3-4-gf44bb1fc-2026.04.04.10.02_amd64.files
global_planner,1.17.3-4-gf44bb1fc-2026.04.04.10.07,https://github.com/ros-planning/navigation/tree/noetic-devel,success,global_planner_1.17.3-4-gf44bb1fc-2026.04.04.10.07-bloom_generate.log,ros-one-global-planner_1.17.3-4-gf44bb1fc-2026.04.04.10.07_amd64-2026-04-04T10:07:37Z.build,ros-one-global-planner_1.17.3-4-gf44bb1fc-2026.04.04.10.07_amd64.deb,ros-one-global-planner_1.17.3-4-gf44bb1fc-2026.04.04.10.07_amd64.files
rotate_recovery,1.17.3-4-gf44bb1fc-2026.04.04.10.12,https://github.com/ros-planning/navigation/tree/noetic-devel,success,rotate_recovery_1.17.3-4-gf44bb1fc-2026.04.04.10.12-bloom_generate.log,ros-one-rotate-recovery_1.17.3-4-gf44bb1fc-2026.04.04.10.12_amd64-2026-04-04T10:12:17Z.build,ros-one-rotate-recovery_1.17.3-4-gf44bb1fc-2026.04.04.10.12_amd64.deb,ros-one-rotate-recovery_1.17.3-4-gf44bb1fc-2026.04.04.10.12_amd64.files
move_base,1.17.3-4-gf44bb1fc-2026.04.04.10.16,https://github.com/ros-planning/navigation/tree/noetic-devel,success,move_base_1.17.3-4-gf44bb1fc-2026.04.04.10.16-bloom_generate.log,ros-one-move-base_1.17.3-4-gf44bb1fc-2026.04.04.10.16_amd64-2026-04-04T10:16:39Z.build,ros-one-move-base_1.17.3-4-gf44bb1fc-2026.04.04.10.16_amd64.deb,ros-one-move-base_1.17.3-4-gf44bb1fc-2026.04.04.10.16_amd64.files
can_msgs,0.8.5-21-g76283814-2026.04.04.09.08,https://github.com/ros-industrial/ros_canopen/tree/melodic-devel,success,can_msgs_0.8.5-21-g76283814-2026.04.04.09.08-bloom_generate.log,ros-one-can-msgs_0.8.5-21-g76283814-2026.04.04.09.08_amd64-2026-04-04T09:08:12Z.build,ros-one-can-msgs_0.8.5-21-g76283814-2026.04.04.09.08_amd64.deb,ros-one-can-msgs_0.8.5-21-g76283814-2026.04.04.09.08_amd64.files
cras_bag_tools,2.5.1-145-g7f7ba6e-2026.04.04.09.11,https://github.com/ctu-vras/ros-utils/tree/master,success,cras_bag_tools_2.5.1-145-g7f7ba6e-2026.04.04.09.11-bloom_generate.log,ros-one-cras-bag-tools_2.5.1-145-g7f7ba6e-2026.04.04.09.11_amd64-2026-04-04T09:11:57Z.build,ros-one-cras-bag-tools_2.5.1-145-g7f7ba6e-2026.04.04.09.11_amd64.deb,ros-one-cras-bag-tools_2.5.1-145-g7f7ba6e-2026.04.04.09.11_amd64.files
cras_cpp_common,2.5.1-145-g7f7ba6e-2026.04.04.09.15,https://github.com/ctu-vras/ros-utils/tree/master,success,cras_cpp_common_2.5.1-145-g7f7ba6e-2026.04.04.09.15-bloom_generate.log,ros-one-cras-cpp-common_2.5.1-145-g7f7ba6e-2026.04.04.09.15_amd64-2026-04-04T09:15:40Z.build,ros-one-cras-cpp-common_2.5.1-145-g7f7ba6e-2026.04.04.09.15_amd64.deb,ros-one-cras-cpp-common_2.5.1-145-g7f7ba6e-2026.04.04.09.15_amd64.files
camera_throttle,2.5.1-145-g7f7ba6e-2026.04.04.09.21,https://github.com/ctu-vras/ros-utils/tree/master,success,camera_throttle_2.5.1-145-g7f7ba6e-2026.04.04.09.21-bloom_generate.log,ros-one-camera-throttle_2.5.1-145-g7f7ba6e-2026.04.04.09.21_amd64-2026-04-04T09:21:20Z.build,ros-one-camera-throttle_2.5.1-145-g7f7ba6e-2026.04.04.09.21_amd64.deb,ros-one-camera-throttle_2.5.1-145-g7f7ba6e-2026.04.04.09.21_amd64.files
cras_docs_common,2.5.1-145-g7f7ba6e-2026.04.04.09.26,https://github.com/ctu-vras/ros-utils/tree/master,failed-sbuild,cras_docs_common_2.5.1-145-g7f7ba6e-2026.04.04.09.26-bloom_generate.log,ros-one-cras-docs-common_2.5.1-145-g7f7ba6e-2026.04.04.09.26_amd64-2026-04-04T09:26:17Z.build,,
cras_py_common,2.5.1-145-g7f7ba6e-2026.04.04.09.29,https://github.com/ctu-vras/ros-utils/tree/master,failed-bloom-generate,cras_py_common_2.5.1-145-g7f7ba6e-2026.04.04.09.29-bloom_generate.log,,,
cras_topic_tools,2.5.1-145-g7f7ba6e-2026.04.04.09.29,https://github.com/ctu-vras/ros-utils/tree/master,success,cras_topic_tools_2.5.1-145-g7f7ba6e-2026.04.04.09.29-bloom_generate.log,ros-one-cras-topic-tools_2.5.1-145-g7f7ba6e-2026.04.04.09.29_amd64-2026-04-04T09:30:00Z.build,ros-one-cras-topic-tools_2.5.1-145-g7f7ba6e-2026.04.04.09.29_amd64.deb,ros-one-cras-topic-tools_2.5.1-145-g7f7ba6e-2026.04.04.09.29_amd64.files
image_transport_codecs,2.5.1-145-g7f7ba6e-2026.04.04.09.35,https://github.com/ctu-vras/ros-utils/tree/master,failed-sbuild,image_transport_codecs_2.5.1-145-g7f7ba6e-2026.04.04.09.35-bloom_generate.log,ros-one-image-transport-codecs_2.5.1-145-g7f7ba6e-2026.04.04.09.35_amd64-2026-04-04T09:35:27Z.build,,
ros_canopen,0.8.5-21-g76283814-2026.04.04.09.38,https://github.com/ros-industrial/ros_canopen/tree/melodic-devel,success,ros_canopen_0.8.5-21-g76283814-2026.04.04.09.38-bloom_generate.log,ros-one-ros-canopen_0.8.5-21-g76283814-2026.04.04.09.38_amd64-2026-04-04T09:38:51Z.build,ros-one-ros-canopen_0.8.5-21-g76283814-2026.04.04.09.38_amd64.deb,ros-one-ros-canopen_0.8.5-21-g76283814-2026.04.04.09.38_amd64.files
socketcan_interface,0.8.5-21-g76283814-2026.04.04.09.42,https://github.com/ros-industrial/ros_canopen/tree/melodic-devel,success,socketcan_interface_0.8.5-21-g76283814-2026.04.04.09.42-bloom_generate.log,ros-one-socketcan-interface_0.8.5-21-g76283814-2026.04.04.09.42_amd64-2026-04-04T09:42:35Z.build,ros-one-socketcan-interface_0.8.5-21-g76283814-2026.04.04.09.42_amd64.deb,ros-one-socketcan-interface_0.8.5-21-g76283814-2026.04.04.09.42_amd64.files
canopen_master,0.8.5-21-g76283814-2026.04.04.09.46,https://github.com/ros-industrial/ros_canopen/tree/melodic-devel,success,canopen_master_0.8.5-21-g76283814-2026.04.04.09.46-bloom_generate.log,ros-one-canopen-master_0.8.5-21-g76283814-2026.04.04.09.46_amd64-2026-04-04T09:46:37Z.build,ros-one-canopen-master_0.8.5-21-g76283814-2026.04.04.09.46_amd64.deb,ros-one-canopen-master_0.8.5-21-g76283814-2026.04.04.09.46_amd64.files
canopen_402,0.8.5-21-g76283814-2026.04.04.09.50,https://github.com/ros-industrial/ros_canopen/tree/melodic-devel,success,canopen_402_0.8.5-21-g76283814-2026.04.04.09.50-bloom_generate.log,ros-one-canopen-402_0.8.5-21-g76283814-2026.04.04.09.50_amd64-2026-04-04T09:51:01Z.build,ros-one-canopen-402_0.8.5-21-g76283814-2026.04.04.09.50_amd64.deb,ros-one-canopen-402_0.8.5-21-g76283814-2026.04.04.09.50_amd64.files
canopen_chain_node,0.8.5-21-g76283814-2026.04.04.09.55,https://github.com/ros-industrial/ros_canopen/tree/melodic-devel,success,canopen_chain_node_0.8.5-21-g76283814-2026.04.04.09.55-bloom_generate.log,ros-one-canopen-chain-node_0.8.5-21-g76283814-2026.04.04.09.55_amd64-2026-04-04T09:55:10Z.build,ros-one-canopen-chain-node_0.8.5-21-g76283814-2026.04.04.09.55_amd64.deb,ros-one-canopen-chain-node_0.8.5-21-g76283814-2026.04.04.09.55_amd64.files
canopen_motor_node,0.8.5-21-g76283814-2026.04.04.09.59,https://github.com/ros-industrial/ros_canopen/tree/melodic-devel,success,canopen_motor_node_0.8.5-21-g76283814-2026.04.04.09.59-bloom_generate.log,ros-one-canopen-motor-node_0.8.5-21-g76283814-2026.04.04.09.59_amd64-2026-04-04T09:59:40Z.build,ros-one-canopen-motor-node_0.8.5-21-g76283814-2026.04.04.09.59_amd64.deb,ros-one-canopen-motor-node_0.8.5-21-g76283814-2026.04.04.09.59_amd64.files
socketcan_bridge,0.8.5-21-g76283814-2026.04.04.10.04,https://github.com/ros-industrial/ros_canopen/tree/melodic-devel,success,socketcan_bridge_0.8.5-21-g76283814-2026.04.04.10.04-bloom_generate.log,ros-one-socketcan-bridge_0.8.5-21-g76283814-2026.04.04.10.04_amd64-2026-04-04T10:04:13Z.build,ros-one-socketcan-bridge_0.8.5-21-g76283814-2026.04.04.10.04_amd64.deb,ros-one-socketcan-bridge_0.8.5-21-g76283814-2026.04.04.10.04_amd64.files
tf_static_publisher,2.5.1-145-g7f7ba6e-2026.04.04.10.08,https://github.com/ctu-vras/ros-utils/tree/master,success,tf_static_publisher_2.5.1-145-g7f7ba6e-2026.04.04.10.08-bloom_generate.log,ros-one-tf-static-publisher_2.5.1-145-g7f7ba6e-2026.04.04.10.08_amd64-2026-04-04T10:08:29Z.build,ros-one-tf-static-publisher_2.5.1-145-g7f7ba6e-2026.04.04.10.08_amd64.deb,ros-one-tf-static-publisher_2.5.1-145-g7f7ba6e-2026.04.04.10.08_amd64.files
gazebo_dev,2.9.3-2026.04.04.09.08,https://github.com/ros-simulation/gazebo_ros_pkgs/tree/noetic-devel,failed-bloom-generate,gazebo_dev_2.9.3-2026.04.04.09.08-bloom_generate.log,,,
gazebo_msgs,2.9.3-2026.04.04.09.08,https://github.com/ros-simulation/gazebo_ros_pkgs/tree/noetic-devel,success,gazebo_msgs_2.9.3-2026.04.04.09.08-bloom_generate.log,ros-one-gazebo-msgs_2.9.3-2026.04.04.09.08_amd64-2026-04-04T09:08:07Z.build,ros-one-gazebo-msgs_2.9.3-2026.04.04.09.08_amd64.deb,ros-one-gazebo-msgs_2.9.3-2026.04.04.09.08_amd64.files
gazebo_ros,2.9.3-2026.04.04.09.11,https://github.com/ros-simulation/gazebo_ros_pkgs/tree/noetic-devel,failed-sbuild,gazebo_ros_2.9.3-2026.04.04.09.11-bloom_generate.log,ros-one-gazebo-ros_2.9.3-2026.04.04.09.11_amd64-2026-04-04T09:11:35Z.build,,
gazebo_plugins,2.9.3-2026.04.04.09.14,https://github.com/ros-simulation/gazebo_ros_pkgs/tree/noetic-devel,failed-sbuild,gazebo_plugins_2.9.3-2026.04.04.09.14-bloom_generate.log,ros-one-gazebo-plugins_2.9.3-2026.04.04.09.14_amd64-2026-04-04T09:14:31Z.build,,
gazebo_ros_control,2.9.3-2026.04.04.09.17,https://github.com/ros-simulation/gazebo_ros_pkgs/tree/noetic-devel,failed-sbuild,gazebo_ros_control_2.9.3-2026.04.04.09.17-bloom_generate.log,ros-one-gazebo-ros-control_2.9.3-2026.04.04.09.17_amd64-2026-04-04T09:17:28Z.build,,
gazebo_ros_pkgs,2.9.3-2026.04.04.09.20,https://github.com/ros-simulation/gazebo_ros_pkgs/tree/noetic-devel,success,gazebo_ros_pkgs_2.9.3-2026.04.04.09.20-bloom_generate.log,ros-one-gazebo-ros-pkgs_2.9.3-2026.04.04.09.20_amd64-2026-04-04T09:20:24Z.build,ros-one-gazebo-ros-pkgs_2.9.3-2026.04.04.09.20_amd64.deb,ros-one-gazebo-ros-pkgs_2.9.3-2026.04.04.09.20_amd64.files
ocean_battery_driver,1.1.10-5-gc7f225d-2026.04.04.09.23,https://github.com/pr2/pr2_power_drivers/tree/kinetic-devel,success,ocean_battery_driver_1.1.10-5-gc7f225d-2026.04.04.09.23-bloom_generate.log,ros-one-ocean-battery-driver_1.1.10-5-gc7f225d-2026.04.04.09.23_amd64-2026-04-04T09:23:39Z.build,ros-one-ocean-battery-driver_1.1.10-5-gc7f225d-2026.04.04.09.23_amd64.deb,ros-one-ocean-battery-driver_1.1.10-5-gc7f225d-2026.04.04.09.23_amd64.files
power_monitor,1.1.10-5-gc7f225d-2026.04.04.09.27,https://github.com/pr2/pr2_power_drivers/tree/kinetic-devel,success,power_monitor_1.1.10-5-gc7f225d-2026.04.04.09.27-bloom_generate.log,ros-one-power-monitor_1.1.10-5-gc7f225d-2026.04.04.09.27_amd64-2026-04-04T09:27:09Z.build,ros-one-power-monitor_1.1.10-5-gc7f225d-2026.04.04.09.27_amd64.deb,ros-one-power-monitor_1.1.10-5-gc7f225d-2026.04.04.09.27_amd64.files
pr2_power_board,1.1.10-5-gc7f225d-2026.04.04.09.30,https://github.com/pr2/pr2_power_drivers/tree/kinetic-devel,success,pr2_power_board_1.1.10-5-gc7f225d-2026.04.04.09.30-bloom_generate.log,ros-one-pr2-power-board_1.1.10-5-gc7f225d-2026.04.04.09.30_amd64-2026-04-04T09:30:48Z.build,ros-one-pr2-power-board_1.1.10-5-gc7f225d-2026.04.04.09.30_amd64.deb,ros-one-pr2-power-board_1.1.10-5-gc7f225d-2026.04.04.09.30_amd64.files
pr2_power_drivers,1.1.10-5-gc7f225d-2026.04.04.09.34,https://github.com/pr2/pr2_power_drivers/tree/kinetic-devel,success,pr2_power_drivers_1.1.10-5-gc7f225d-2026.04.04.09.34-bloom_generate.log,ros-one-pr2-power-drivers_1.1.10-5-gc7f225d-2026.04.04.09.34_amd64-2026-04-04T09:34:23Z.build,ros-one-pr2-power-drivers_1.1.10-5-gc7f225d-2026.04.04.09.34_amd64.deb,ros-one-pr2-power-drivers_1.1.10-5-gc7f225d-2026.04.04.09.34_amd64.files
velodyne,1.7.0-4-g29abd0e-2026.04.04.09.37,https://github.com/ros-drivers/velodyne/tree/master,success,velodyne_1.7.0-4-g29abd0e-2026.04.04.09.37-bloom_generate.log,ros-one-velodyne_1.7.0-4-g29abd0e-2026.04.04.09.37_amd64-2026-04-04T09:37:42Z.build,ros-one-velodyne_1.7.0-4-g29abd0e-2026.04.04.09.37_amd64.deb,ros-one-velodyne_1.7.0-4-g29abd0e-2026.04.04.09.37_amd64.files
velodyne_laserscan,1.7.0-4-g29abd0e-2026.04.04.09.41,https://github.com/ros-drivers/velodyne/tree/master,success,velodyne_laserscan_1.7.0-4-g29abd0e-2026.04.04.09.41-bloom_generate.log,ros-one-velodyne-laserscan_1.7.0-4-g29abd0e-2026.04.04.09.41_amd64-2026-04-04T09:41:01Z.build,ros-one-velodyne-laserscan_1.7.0-4-g29abd0e-2026.04.04.09.41_amd64.deb,ros-one-velodyne-laserscan_1.7.0-4-g29abd0e-2026.04.04.09.41_amd64.files
velodyne_msgs,1.7.0-4-g29abd0e-2026.04.04.09.44,https://github.com/ros-drivers/velodyne/tree/master,success,velodyne_msgs_1.7.0-4-g29abd0e-2026.04.04.09.44-bloom_generate.log,ros-one-velodyne-msgs_1.7.0-4-g29abd0e-2026.04.04.09.44_amd64-2026-04-04T09:44:43Z.build,ros-one-velodyne-msgs_1.7.0-4-g29abd0e-2026.04.04.09.44_amd64.deb,ros-one-velodyne-msgs_1.7.0-4-g29abd0e-2026.04.04.09.44_amd64.files
velodyne_driver,1.7.0-4-g29abd0e-2026.04.04.09.48,https://github.com/ros-drivers/velodyne/tree/master,success,velodyne_driver_1.7.0-4-g29abd0e-2026.04.04.09.48-bloom_generate.log,ros-one-velodyne-driver_1.7.0-4-g29abd0e-2026.04.04.09.48_amd64-2026-04-04T09:48:04Z.build,ros-one-velodyne-driver_1.7.0-4-g29abd0e-2026.04.04.09.48_amd64.deb,ros-one-velodyne-driver_1.7.0-4-g29abd0e-2026.04.04.09.48_amd64.files
velodyne_pcl,1.7.0-4-g29abd0e-2026.04.04.09.52,https://github.com/ros-drivers/velodyne/tree/master,success,velodyne_pcl_1.7.0-4-g29abd0e-2026.04.04.09.52-bloom_generate.log,ros-one-velodyne-pcl_1.7.0-4-g29abd0e-2026.04.04.09.52_amd64-2026-04-04T09:52:02Z.build,ros-one-velodyne-pcl_1.7.0-4-g29abd0e-2026.04.04.09.52_amd64.deb,ros-one-velodyne-pcl_1.7.0-4-g29abd0e-2026.04.04.09.52_amd64.files
velodyne_pointcloud,1.7.0-4-g29abd0e-2026.04.04.09.56,https://github.com/ros-drivers/velodyne/tree/master,success,velodyne_pointcloud_1.7.0-4-g29abd0e-2026.04.04.09.56-bloom_generate.log,ros-one-velodyne-pointcloud_1.7.0-4-g29abd0e-2026.04.04.09.56_amd64-2026-04-04T09:56:28Z.build,ros-one-velodyne-pointcloud_1.7.0-4-g29abd0e-2026.04.04.09.56_amd64.deb,ros-one-velodyne-pointcloud_1.7.0-4-g29abd0e-2026.04.04.09.56_amd64.files
diff_drive_controller,0.22.0-2026.04.04.09.08,https://github.com/ros-controls/ros_controllers/tree/noetic-devel,success,diff_drive_controller_0.22.0-2026.04.04.09.08-bloom_generate.log,ros-one-diff-drive-controller_0.22.0-2026.04.04.09.08_amd64-2026-04-04T09:08:54Z.build,ros-one-diff-drive-controller_0.22.0-2026.04.04.09.08_amd64.deb,ros-one-diff-drive-controller_0.22.0-2026.04.04.09.08_amd64.files
ackermann_steering_controller,0.22.0-2026.04.04.09.13,https://github.com/ros-controls/ros_controllers/tree/noetic-devel,success,ackermann_steering_controller_0.22.0-2026.04.04.09.13-bloom_generate.log,ros-one-ackermann-steering-controller_0.22.0-2026.04.04.09.13_amd64-2026-04-04T09:13:11Z.build,ros-one-ackermann-steering-controller_0.22.0-2026.04.04.09.13_amd64.deb,ros-one-ackermann-steering-controller_0.22.0-2026.04.04.09.13_amd64.files
force_torque_sensor_controller,0.22.0-2026.04.04.09.17,https://github.com/ros-controls/ros_controllers/tree/noetic-devel,success,force_torque_sensor_controller_0.22.0-2026.04.04.09.17-bloom_generate.log,ros-one-force-torque-sensor-controller_0.22.0-2026.04.04.09.17_amd64-2026-04-04T09:17:25Z.build,ros-one-force-torque-sensor-controller_0.22.0-2026.04.04.09.17_amd64.deb,ros-one-force-torque-sensor-controller_0.22.0-2026.04.04.09.17_amd64.files
forward_command_controller,0.22.0-2026.04.04.09.21,https://github.com/ros-controls/ros_controllers/tree/noetic-devel,success,forward_command_controller_0.22.0-2026.04.04.09.21-bloom_generate.log,ros-one-forward-command-controller_0.22.0-2026.04.04.09.21_amd64-2026-04-04T09:21:22Z.build,ros-one-forward-command-controller_0.22.0-2026.04.04.09.21_amd64.deb,ros-one-forward-command-controller_0.22.0-2026.04.04.09.21_amd64.files
four_wheel_steering_controller,0.22.0-2026.04.04.09.25,https://github.com/ros-controls/ros_controllers/tree/noetic-devel,success,four_wheel_steering_controller_0.22.0-2026.04.04.09.25-bloom_generate.log,ros-one-four-wheel-steering-controller_0.22.0-2026.04.04.09.25_amd64-2026-04-04T09:25:10Z.build,ros-one-four-wheel-steering-controller_0.22.0-2026.04.04.09.25_amd64.deb,ros-one-four-wheel-steering-controller_0.22.0-2026.04.04.09.25_amd64.files
gripper_action_controller,0.22.0-2026.04.04.09.29,https://github.com/ros-controls/ros_controllers/tree/noetic-devel,success,gripper_action_controller_0.22.0-2026.04.04.09.29-bloom_generate.log,ros-one-gripper-action-controller_0.22.0-2026.04.04.09.29_amd64-2026-04-04T09:29:22Z.build,ros-one-gripper-action-controller_0.22.0-2026.04.04.09.29_amd64.deb,ros-one-gripper-action-controller_0.22.0-2026.04.04.09.29_amd64.files
imu_sensor_controller,0.22.0-2026.04.04.09.33,https://github.com/ros-controls/ros_controllers/tree/noetic-devel,success,imu_sensor_controller_0.22.0-2026.04.04.09.33-bloom_generate.log,ros-one-imu-sensor-controller_0.22.0-2026.04.04.09.33_amd64-2026-04-04T09:33:57Z.build,ros-one-imu-sensor-controller_0.22.0-2026.04.04.09.33_amd64.deb,ros-one-imu-sensor-controller_0.22.0-2026.04.04.09.33_amd64.files
joint_state_controller,0.22.0-2026.04.04.09.38,https://github.com/ros-controls/ros_controllers/tree/noetic-devel,success,joint_state_controller_0.22.0-2026.04.04.09.38-bloom_generate.log,ros-one-joint-state-controller_0.22.0-2026.04.04.09.38_amd64-2026-04-04T09:38:25Z.build,ros-one-joint-state-controller_0.22.0-2026.04.04.09.38_amd64.deb,ros-one-joint-state-controller_0.22.0-2026.04.04.09.38_amd64.files
effort_controllers,0.22.0-2026.04.04.09.42,https://github.com/ros-controls/ros_controllers/tree/noetic-devel,success,effort_controllers_0.22.0-2026.04.04.09.42-bloom_generate.log,ros-one-effort-controllers_0.22.0-2026.04.04.09.42_amd64-2026-04-04T09:42:53Z.build,ros-one-effort-controllers_0.22.0-2026.04.04.09.42_amd64.deb,ros-one-effort-controllers_0.22.0-2026.04.04.09.42_amd64.files
joint_trajectory_controller,0.22.0-2026.04.04.09.47,https://github.com/ros-controls/ros_controllers/tree/noetic-devel,success,joint_trajectory_controller_0.22.0-2026.04.04.09.47-bloom_generate.log,ros-one-joint-trajectory-controller_0.22.0-2026.04.04.09.47_amd64-2026-04-04T09:47:06Z.build,ros-one-joint-trajectory-controller_0.22.0-2026.04.04.09.47_amd64.deb,ros-one-joint-trajectory-controller_0.22.0-2026.04.04.09.47_amd64.files
position_controllers,0.22.0-2026.04.04.09.51,https://github.com/ros-controls/ros_controllers/tree/noetic-devel,success,position_controllers_0.22.0-2026.04.04.09.51-bloom_generate.log,ros-one-position-controllers_0.22.0-2026.04.04.09.51_amd64-2026-04-04T09:51:33Z.build,ros-one-position-controllers_0.22.0-2026.04.04.09.51_amd64.deb,ros-one-position-controllers_0.22.0-2026.04.04.09.51_amd64.files
ros_controllers,0.22.0-2026.04.04.09.55,https://github.com/ros-controls/ros_controllers/tree/noetic-devel,success,ros_controllers_0.22.0-2026.04.04.09.55-bloom_generate.log,ros-one-ros-controllers_0.22.0-2026.04.04.09.55_amd64-2026-04-04T09:55:35Z.build,ros-one-ros-controllers_0.22.0-2026.04.04.09.55_amd64.deb,ros-one-ros-controllers_0.22.0-2026.04.04.09.55_amd64.files
rqt_bag,0.5.1-10-gd62099a-2026.04.04.09.59,https://github.com/ros-o/rqt_bag/tree/obese-devel,success,rqt_bag_0.5.1-10-gd62099a-2026.04.04.09.59-bloom_generate.log,ros-one-rqt-bag_0.5.1-10-gd62099a-2026.04.04.09.59_amd64-2026-04-04T09:59:20Z.build,ros-one-rqt-bag_0.5.1-10-gd62099a-2026.04.04.09.59_amd64.deb,ros-one-rqt-bag_0.5.1-10-gd62099a-2026.04.04.09.59_amd64.files
rqt_bag_plugins,0.5.1-10-gd62099a-2026.04.04.10.03,https://github.com/ros-o/rqt_bag/tree/obese-devel,success,rqt_bag_plugins_0.5.1-10-gd62099a-2026.04.04.10.03-bloom_generate.log,ros-one-rqt-bag-plugins_0.5.1-10-gd62099a-2026.04.04.10.03_amd64-2026-04-04T10:03:04Z.build,ros-one-rqt-bag-plugins_0.5.1-10-gd62099a-2026.04.04.10.03_amd64.deb,ros-one-rqt-bag-plugins_0.5.1-10-gd62099a-2026.04.04.10.03_amd64.files
rqt_joint_trajectory_controller,0.22.0-2026.04.04.10.06,https://github.com/ros-controls/ros_controllers/tree/noetic-devel,success,rqt_joint_trajectory_controller_0.22.0-2026.04.04.10.06-bloom_generate.log,ros-one-rqt-joint-trajectory-controller_0.22.0-2026.04.04.10.06_amd64-2026-04-04T10:06:49Z.build,ros-one-rqt-joint-trajectory-controller_0.22.0-2026.04.04.10.06_amd64.deb,ros-one-rqt-joint-trajectory-controller_0.22.0-2026.04.04.10.06_amd64.files
velocity_controllers,0.22.0-2026.04.04.10.10,https://github.com/ros-controls/ros_controllers/tree/noetic-devel,success,velocity_controllers_0.22.0-2026.04.04.10.10-bloom_generate.log,ros-one-velocity-controllers_0.22.0-2026.04.04.10.10_amd64-2026-04-04T10:10:35Z.build,ros-one-velocity-controllers_0.22.0-2026.04.04.10.10_amd64.deb,ros-one-velocity-controllers_0.22.0-2026.04.04.10.10_amd64.files
joy,0-2026.04.04.09.08,https://github.com/ros-o/joystick_drivers/tree/obese-devel,success,joy_0-2026.04.04.09.08-bloom_generate.log,ros-one-joy_0-2026.04.04.09.08_amd64-2026-04-04T09:08:51Z.build,ros-one-joy_0-2026.04.04.09.08_amd64.deb,ros-one-joy_0-2026.04.04.09.08_amd64.files
joystick_drivers,0-2026.04.04.09.12,https://github.com/ros-o/joystick_drivers/tree/obese-devel,success,joystick_drivers_0-2026.04.04.09.12-bloom_generate.log,ros-one-joystick-drivers_0-2026.04.04.09.12_amd64-2026-04-04T09:12:47Z.build,ros-one-joystick-drivers_0-2026.04.04.09.12_amd64.deb,ros-one-joystick-drivers_0-2026.04.04.09.12_amd64.files
libmavconn,1.20.0-1-g08142be7-2026.04.04.09.16,https://github.com/ros-o/mavros/tree/obese-devel,success,libmavconn_1.20.0-1-g08142be7-2026.04.04.09.16-bloom_generate.log,ros-one-libmavconn_1.20.0-1-g08142be7-2026.04.04.09.16_amd64-2026-04-04T09:16:25Z.build,ros-one-libmavconn_1.20.0-1-g08142be7-2026.04.04.09.16_amd64.deb,ros-one-libmavconn_1.20.0-1-g08142be7-2026.04.04.09.16_amd64.files
mavros_msgs,1.20.0-1-g08142be7-2026.04.04.09.20,https://github.com/ros-o/mavros/tree/obese-devel,success,mavros_msgs_1.20.0-1-g08142be7-2026.04.04.09.20-bloom_generate.log,ros-one-mavros-msgs_1.20.0-1-g08142be7-2026.04.04.09.20_amd64-2026-04-04T09:20:33Z.build,ros-one-mavros-msgs_1.20.0-1-g08142be7-2026.04.04.09.20_amd64.deb,ros-one-mavros-msgs_1.20.0-1-g08142be7-2026.04.04.09.20_amd64.files
mavros,1.20.0-1-g08142be7-2026.04.04.09.24,https://github.com/ros-o/mavros/tree/obese-devel,failed-sbuild,mavros_1.20.0-1-g08142be7-2026.04.04.09.24-bloom_generate.log,ros-one-mavros_1.20.0-1-g08142be7-2026.04.04.09.24_amd64-2026-04-04T09:24:44Z.build,,
mavros_extras,1.20.0-1-g08142be7-2026.04.04.09.29,https://github.com/ros-o/mavros/tree/obese-devel,failed-sbuild,mavros_extras_1.20.0-1-g08142be7-2026.04.04.09.29-bloom_generate.log,ros-one-mavros-extras_1.20.0-1-g08142be7-2026.04.04.09.29_amd64-2026-04-04T09:29:06Z.build,,
opencv_apps,2.0.3-5-g22e9acf-2026.04.04.09.32,https://github.com/ros-perception/opencv_apps/tree/indigo,success,opencv_apps_2.0.3-5-g22e9acf-2026.04.04.09.32-bloom_generate.log,ros-one-opencv-apps_2.0.3-5-g22e9acf-2026.04.04.09.32_amd64-2026-04-04T09:32:24Z.build,ros-one-opencv-apps_2.0.3-5-g22e9acf-2026.04.04.09.32_amd64.deb,ros-one-opencv-apps_2.0.3-5-g22e9acf-2026.04.04.09.32_amd64.files
pointgrey_camera_description,0.15.1-1-gcc88014-2026.04.04.09.40,https://github.com/ros-drivers/pointgrey_camera_driver/tree/noetic-devel,success,pointgrey_camera_description_0.15.1-1-gcc88014-2026.04.04.09.40-bloom_generate.log,ros-one-pointgrey-camera-description_0.15.1-1-gcc88014-2026.04.04.09.40_amd64-2026-04-04T09:40:05Z.build,ros-one-pointgrey-camera-description_0.15.1-1-gcc88014-2026.04.04.09.40_amd64.deb,ros-one-pointgrey-camera-description_0.15.1-1-gcc88014-2026.04.04.09.40_amd64.files
ps3joy,0-2026.04.04.09.43,https://github.com/ros-o/joystick_drivers/tree/obese-devel,success,ps3joy_0-2026.04.04.09.43-bloom_generate.log,ros-one-ps3joy_0-2026.04.04.09.43_amd64-2026-04-04T09:43:45Z.build,ros-one-ps3joy_0-2026.04.04.09.43_amd64.deb,ros-one-ps3joy_0-2026.04.04.09.43_amd64.files
spacenav_node,0-2026.04.04.09.47,https://github.com/ros-o/joystick_drivers/tree/obese-devel,success,spacenav_node_0-2026.04.04.09.47-bloom_generate.log,ros-one-spacenav-node_0-2026.04.04.09.47_amd64-2026-04-04T09:47:36Z.build,ros-one-spacenav-node_0-2026.04.04.09.47_amd64.deb,ros-one-spacenav-node_0-2026.04.04.09.47_amd64.files
statistics_msgs,0.15.1-1-gcc88014-2026.04.04.09.51,https://github.com/ros-drivers/pointgrey_camera_driver/tree/noetic-devel,success,statistics_msgs_0.15.1-1-gcc88014-2026.04.04.09.51-bloom_generate.log,ros-one-statistics-msgs_0.15.1-1-gcc88014-2026.04.04.09.51_amd64-2026-04-04T09:51:57Z.build,ros-one-statistics-msgs_0.15.1-1-gcc88014-2026.04.04.09.51_amd64.deb,ros-one-statistics-msgs_0.15.1-1-gcc88014-2026.04.04.09.51_amd64.files
image_exposure_msgs,0.15.1-1-gcc88014-2026.04.04.09.55,https://github.com/ros-drivers/pointgrey_camera_driver/tree/noetic-devel,success,image_exposure_msgs_0.15.1-1-gcc88014-2026.04.04.09.55-bloom_generate.log,ros-one-image-exposure-msgs_0.15.1-1-gcc88014-2026.04.04.09.55_amd64-2026-04-04T09:55:38Z.build,ros-one-image-exposure-msgs_0.15.1-1-gcc88014-2026.04.04.09.55_amd64.deb,ros-one-image-exposure-msgs_0.15.1-1-gcc88014-2026.04.04.09.55_amd64.files
test_mavros,1.20.0-1-g08142be7-2026.04.04.09.59,https://github.com/ros-o/mavros/tree/obese-devel,failed-sbuild,test_mavros_1.20.0-1-g08142be7-2026.04.04.09.59-bloom_generate.log,ros-one-test-mavros_1.20.0-1-g08142be7-2026.04.04.09.59_amd64-2026-04-04T09:59:27Z.build,,
wfov_camera_msgs,0.15.1-1-gcc88014-2026.04.04.10.02,https://github.com/ros-drivers/pointgrey_camera_driver/tree/noetic-devel,success,wfov_camera_msgs_0.15.1-1-gcc88014-2026.04.04.10.02-bloom_generate.log,ros-one-wfov-camera-msgs_0.15.1-1-gcc88014-2026.04.04.10.02_amd64-2026-04-04T10:02:47Z.build,ros-one-wfov-camera-msgs_0.15.1-1-gcc88014-2026.04.04.10.02_amd64.deb,ros-one-wfov-camera-msgs_0.15.1-1-gcc88014-2026.04.04.10.02_amd64.files
pointgrey_camera_driver,0.15.1-1-gcc88014-2026.04.04.10.06,https://github.com/ros-drivers/pointgrey_camera_driver/tree/noetic-devel,success,pointgrey_camera_driver_0.15.1-1-gcc88014-2026.04.04.10.06-bloom_generate.log,ros-one-pointgrey-camera-driver_0.15.1-1-gcc88014-2026.04.04.10.06_amd64-2026-04-04T10:06:34Z.build,ros-one-pointgrey-camera-driver_0.15.1-1-gcc88014-2026.04.04.10.06_amd64.deb,ros-one-pointgrey-camera-driver_0.15.1-1-gcc88014-2026.04.04.10.06_amd64.files
wiimote,0-2026.04.04.10.11,https://github.com/ros-o/joystick_drivers/tree/obese-devel,success,wiimote_0-2026.04.04.10.11-bloom_generate.log,ros-one-wiimote_0-2026.04.04.10.11_amd64-2026-04-04T10:11:09Z.build,ros-one-wiimote_0-2026.04.04.10.11_amd64.deb,ros-one-wiimote_0-2026.04.04.10.11_amd64.files
cartesian_impedance_controller,1.1.1-10-g3c6b616-2026.04.04.09.08,https://github.com/matthias-mayr/Cartesian-Impedance-Controller/tree/master,failed-sbuild,cartesian_impedance_controller_1.1.1-10-g3c6b616-2026.04.04.09.08-bloom_generate.log,ros-one-cartesian-impedance-controller_1.1.1-10-g3c6b616-2026.04.04.09.08_amd64-2026-04-04T09:08:23Z.build,,
driver_base,1.6.9-2026.04.04.09.12,https://github.com/ros-drivers/driver_common/tree/indigo-devel,success,driver_base_1.6.9-2026.04.04.09.12-bloom_generate.log,ros-one-driver-base_1.6.9-2026.04.04.09.12_amd64-2026-04-04T09:12:19Z.build,ros-one-driver-base_1.6.9-2026.04.04.09.12_amd64.deb,ros-one-driver-base_1.6.9-2026.04.04.09.12_amd64.files
driver_common,1.6.9-2026.04.04.09.16,https://github.com/ros-drivers/driver_common/tree/indigo-devel,success,driver_common_1.6.9-2026.04.04.09.16-bloom_generate.log,ros-one-driver-common_1.6.9-2026.04.04.09.16_amd64-2026-04-04T09:16:13Z.build,ros-one-driver-common_1.6.9-2026.04.04.09.16_amd64.deb,ros-one-driver-common_1.6.9-2026.04.04.09.16_amd64.files
multisense,4.0.5-46-g945e646-2026.04.04.09.19,https://github.com/ros-o/multisense_ros/tree/obese-devel,success,multisense_4.0.5-46-g945e646-2026.04.04.09.19-bloom_generate.log,ros-one-multisense_4.0.5-46-g945e646-2026.04.04.09.19_amd64-2026-04-04T09:19:52Z.build,ros-one-multisense_4.0.5-46-g945e646-2026.04.04.09.19_amd64.deb,ros-one-multisense_4.0.5-46-g945e646-2026.04.04.09.19_amd64.files
multisense_description,4.0.5-46-g945e646-2026.04.04.09.23,https://github.com/ros-o/multisense_ros/tree/obese-devel,success,multisense_description_4.0.5-46-g945e646-2026.04.04.09.23-bloom_generate.log,ros-one-multisense-description_4.0.5-46-g945e646-2026.04.04.09.23_amd64-2026-04-04T09:23:35Z.build,ros-one-multisense-description_4.0.5-46-g945e646-2026.04.04.09.23_amd64.deb,ros-one-multisense-description_4.0.5-46-g945e646-2026.04.04.09.23_amd64.files
multisense_lib,4.0.5-46-g945e646-2026.04.04.09.27,https://github.com/ros-o/multisense_ros/tree/obese-devel,success,multisense_lib_4.0.5-46-g945e646-2026.04.04.09.27-bloom_generate.log,ros-one-multisense-lib_4.0.5-46-g945e646-2026.04.04.09.27_amd64-2026-04-04T09:27:22Z.build,ros-one-multisense-lib_4.0.5-46-g945e646-2026.04.04.09.27_amd64.deb,ros-one-multisense-lib_4.0.5-46-g945e646-2026.04.04.09.27_amd64.files
multisense_ros,4.0.5-46-g945e646-2026.04.04.09.32,https://github.com/ros-o/multisense_ros/tree/obese-devel,success,multisense_ros_4.0.5-46-g945e646-2026.04.04.09.32-bloom_generate.log,ros-one-multisense-ros_4.0.5-46-g945e646-2026.04.04.09.32_amd64-2026-04-04T09:32:02Z.build,ros-one-multisense-ros_4.0.5-46-g945e646-2026.04.04.09.32_amd64.deb,ros-one-multisense-ros_4.0.5-46-g945e646-2026.04.04.09.32_amd64.files
multisense_bringup,4.0.5-46-g945e646-2026.04.04.09.39,https://github.com/ros-o/multisense_ros/tree/obese-devel,success,multisense_bringup_4.0.5-46-g945e646-2026.04.04.09.39-bloom_generate.log,ros-one-multisense-bringup_4.0.5-46-g945e646-2026.04.04.09.39_amd64-2026-04-04T09:39:07Z.build,ros-one-multisense-bringup_4.0.5-46-g945e646-2026.04.04.09.39_amd64.deb,ros-one-multisense-bringup_4.0.5-46-g945e646-2026.04.04.09.39_amd64.files
multisense_cal_check,4.0.5-46-g945e646-2026.04.04.09.43,https://github.com/ros-o/multisense_ros/tree/obese-devel,success,multisense_cal_check_4.0.5-46-g945e646-2026.04.04.09.43-bloom_generate.log,ros-one-multisense-cal-check_4.0.5-46-g945e646-2026.04.04.09.43_amd64-2026-04-04T09:43:36Z.build,ros-one-multisense-cal-check_4.0.5-46-g945e646-2026.04.04.09.43_amd64.deb,ros-one-multisense-cal-check_4.0.5-46-g945e646-2026.04.04.09.43_amd64.files
pr2_hardware_interface,1.8.21-7-g3b10e3e-2026.04.04.09.48,https://github.com/pr2/pr2_mechanism/tree/melodic-devel,success,pr2_hardware_interface_1.8.21-7-g3b10e3e-2026.04.04.09.48-bloom_generate.log,ros-one-pr2-hardware-interface_1.8.21-7-g3b10e3e-2026.04.04.09.48_amd64-2026-04-04T09:48:01Z.build,ros-one-pr2-hardware-interface_1.8.21-7-g3b10e3e-2026.04.04.09.48_amd64.deb,ros-one-pr2-hardware-interface_1.8.21-7-g3b10e3e-2026.04.04.09.48_amd64.files
pr2_mechanism,1.8.21-7-g3b10e3e-2026.04.04.09.51,https://github.com/pr2/pr2_mechanism/tree/melodic-devel,success,pr2_mechanism_1.8.21-7-g3b10e3e-2026.04.04.09.51-bloom_generate.log,ros-one-pr2-mechanism_1.8.21-7-g3b10e3e-2026.04.04.09.51_amd64-2026-04-04T09:51:46Z.build,ros-one-pr2-mechanism_1.8.21-7-g3b10e3e-2026.04.04.09.51_amd64.deb,ros-one-pr2-mechanism_1.8.21-7-g3b10e3e-2026.04.04.09.51_amd64.files
pr2_mechanism_model,1.8.21-7-g3b10e3e-2026.04.04.09.55,https://github.com/pr2/pr2_mechanism/tree/melodic-devel,success,pr2_mechanism_model_1.8.21-7-g3b10e3e-2026.04.04.09.55-bloom_generate.log,ros-one-pr2-mechanism-model_1.8.21-7-g3b10e3e-2026.04.04.09.55_amd64-2026-04-04T09:55:24Z.build,ros-one-pr2-mechanism-model_1.8.21-7-g3b10e3e-2026.04.04.09.55_amd64.deb,ros-one-pr2-mechanism-model_1.8.21-7-g3b10e3e-2026.04.04.09.55_amd64.files
pr2_controller_interface,1.8.21-7-g3b10e3e-2026.04.04.09.59,https://github.com/pr2/pr2_mechanism/tree/melodic-devel,success,pr2_controller_interface_1.8.21-7-g3b10e3e-2026.04.04.09.59-bloom_generate.log,ros-one-pr2-controller-interface_1.8.21-7-g3b10e3e-2026.04.04.09.59_amd64-2026-04-04T09:59:36Z.build,ros-one-pr2-controller-interface_1.8.21-7-g3b10e3e-2026.04.04.09.59_amd64.deb,ros-one-pr2-controller-interface_1.8.21-7-g3b10e3e-2026.04.04.09.59_amd64.files
pr2_mechanism_diagnostics,1.8.21-7-g3b10e3e-2026.04.04.10.03,https://github.com/pr2/pr2_mechanism/tree/melodic-devel,success,pr2_mechanism_diagnostics_1.8.21-7-g3b10e3e-2026.04.04.10.03-bloom_generate.log,ros-one-pr2-mechanism-diagnostics_1.8.21-7-g3b10e3e-2026.04.04.10.03_amd64-2026-04-04T10:03:26Z.build,ros-one-pr2-mechanism-diagnostics_1.8.21-7-g3b10e3e-2026.04.04.10.03_amd64.deb,ros-one-pr2-mechanism-diagnostics_1.8.21-7-g3b10e3e-2026.04.04.10.03_amd64.files
pr2_controller_manager,1.8.21-7-g3b10e3e-2026.04.04.10.07,https://github.com/pr2/pr2_mechanism/tree/melodic-devel,success,pr2_controller_manager_1.8.21-7-g3b10e3e-2026.04.04.10.07-bloom_generate.log,ros-one-pr2-controller-manager_1.8.21-7-g3b10e3e-2026.04.04.10.07_amd64-2026-04-04T10:07:30Z.build,ros-one-pr2-controller-manager_1.8.21-7-g3b10e3e-2026.04.04.10.07_amd64.deb,ros-one-pr2-controller-manager_1.8.21-7-g3b10e3e-2026.04.04.10.07_amd64.files
timestamp_tools,1.6.9-2026.04.04.10.11,https://github.com/ros-drivers/driver_common/tree/indigo-devel,success,timestamp_tools_1.6.9-2026.04.04.10.11-bloom_generate.log,ros-one-timestamp-tools_1.6.9-2026.04.04.10.11_amd64-2026-04-04T10:11:46Z.build,ros-one-timestamp-tools_1.6.9-2026.04.04.10.11_amd64.deb,ros-one-timestamp-tools_1.6.9-2026.04.04.10.11_amd64.files
ar_track_alvar_msgs,0.7.1-5-g2bb99d6-2026.04.04.09.08,https://github.com/ros-o/ar_track_alvar/tree/obese-devel,success,ar_track_alvar_msgs_0.7.1-5-g2bb99d6-2026.04.04.09.08-bloom_generate.log,ros-one-ar-track-alvar-msgs_0.7.1-5-g2bb99d6-2026.04.04.09.08_amd64-2026-04-04T09:08:23Z.build,ros-one-ar-track-alvar-msgs_0.7.1-5-g2bb99d6-2026.04.04.09.08_amd64.deb,ros-one-ar-track-alvar-msgs_0.7.1-5-g2bb99d6-2026.04.04.09.08_amd64.files
ar_track_alvar,0.7.1-5-g2bb99d6-2026.04.04.09.12,https://github.com/ros-o/ar_track_alvar/tree/obese-devel,success,ar_track_alvar_0.7.1-5-g2bb99d6-2026.04.04.09.12-bloom_generate.log,ros-one-ar-track-alvar_0.7.1-5-g2bb99d6-2026.04.04.09.12_amd64-2026-04-04T09:12:32Z.build,ros-one-ar-track-alvar_0.7.1-5-g2bb99d6-2026.04.04.09.12_amd64.deb,ros-one-ar-track-alvar_0.7.1-5-g2bb99d6-2026.04.04.09.12_amd64.files
microstrain_3dmgx2_imu,1.5.13-2026.04.04.09.18,https://github.com/ros-drivers/microstrain_3dmgx2_imu/tree/indigo-devel,success,microstrain_3dmgx2_imu_1.5.13-2026.04.04.09.18-bloom_generate.log,ros-one-microstrain-3dmgx2-imu_1.5.13-2026.04.04.09.18_amd64-2026-04-04T09:18:58Z.build,ros-one-microstrain-3dmgx2-imu_1.5.13-2026.04.04.09.18_amd64.deb,ros-one-microstrain-3dmgx2-imu_1.5.13-2026.04.04.09.18_amd64.files
octomap_mapping,0.6.8-2026.04.04.09.23,https://github.com/OctoMap/octomap_mapping/tree/kinetic-devel,success,octomap_mapping_0.6.8-2026.04.04.09.23-bloom_generate.log,ros-one-octomap-mapping_0.6.8-2026.04.04.09.23_amd64-2026-04-04T09:23:05Z.build,ros-one-octomap-mapping_0.6.8-2026.04.04.09.23_amd64.deb,ros-one-octomap-mapping_0.6.8-2026.04.04.09.23_amd64.files
octomap_server,0.6.8-2026.04.04.09.26,https://github.com/OctoMap/octomap_mapping/tree/kinetic-devel,success,octomap_server_0.6.8-2026.04.04.09.26-bloom_generate.log,ros-one-octomap-server_0.6.8-2026.04.04.09.26_amd64-2026-04-04T09:26:39Z.build,ros-one-octomap-server_0.6.8-2026.04.04.09.26_amd64.deb,ros-one-octomap-server_0.6.8-2026.04.04.09.26_amd64.files
pointcloud_to_laserscan,1.4.1-1-gbb361b4-2026.04.04.09.32,https://github.com/ros-perception/pointcloud_to_laserscan/tree/lunar-devel,success,pointcloud_to_laserscan_1.4.1-1-gbb361b4-2026.04.04.09.32-bloom_generate.log,ros-one-pointcloud-to-laserscan_1.4.1-1-gbb361b4-2026.04.04.09.32_amd64-2026-04-04T09:32:38Z.build,ros-one-pointcloud-to-laserscan_1.4.1-1-gbb361b4-2026.04.04.09.32_amd64.deb,ros-one-pointcloud-to-laserscan_1.4.1-1-gbb361b4-2026.04.04.09.32_amd64.files
prosilica_camera,1.9.5-3-gfc78ab8-2026.04.04.09.36,https://github.com/ros-o/prosilica_driver/tree/obese-devel,success,prosilica_camera_1.9.5-3-gfc78ab8-2026.04.04.09.36-bloom_generate.log,ros-one-prosilica-camera_1.9.5-3-gfc78ab8-2026.04.04.09.36_amd64-2026-04-04T09:36:52Z.build,ros-one-prosilica-camera_1.9.5-3-gfc78ab8-2026.04.04.09.36_amd64.deb,ros-one-prosilica-camera_1.9.5-3-gfc78ab8-2026.04.04.09.36_amd64.files
realsense2_camera,2.3.2-29-g2e1ecd50-2026.04.04.09.41,https://github.com/IntelRealSense/realsense-ros/tree/ros1-legacy,success,realsense2_camera_2.3.2-29-g2e1ecd50-2026.04.04.09.41-bloom_generate.log,ros-one-realsense2-camera_2.3.2-29-g2e1ecd50-2026.04.04.09.41_amd64-2026-04-04T09:41:48Z.build,ros-one-realsense2-camera_2.3.2-29-g2e1ecd50-2026.04.04.09.41_amd64.deb,ros-one-realsense2-camera_2.3.2-29-g2e1ecd50-2026.04.04.09.41_amd64.files
realsense2_description,2.3.2-29-g2e1ecd50-2026.04.04.09.46,https://github.com/IntelRealSense/realsense-ros/tree/ros1-legacy,success,realsense2_description_2.3.2-29-g2e1ecd50-2026.04.04.09.46-bloom_generate.log,ros-one-realsense2-description_2.3.2-29-g2e1ecd50-2026.04.04.09.46_amd64-2026-04-04T09:46:48Z.build,ros-one-realsense2-description_2.3.2-29-g2e1ecd50-2026.04.04.09.46_amd64.deb,ros-one-realsense2-description_2.3.2-29-g2e1ecd50-2026.04.04.09.46_amd64.files
rgbd_launch,2.4.0-2026.04.04.09.50,https://github.com/ros-drivers/rgbd_launch/tree/noetic-devel,success,rgbd_launch_2.4.0-2026.04.04.09.50-bloom_generate.log,ros-one-rgbd-launch_2.4.0-2026.04.04.09.50_amd64-2026-04-04T09:50:36Z.build,ros-one-rgbd-launch_2.4.0-2026.04.04.09.50_amd64.deb,ros-one-rgbd-launch_2.4.0-2026.04.04.09.50_amd64.files
robot_self_filter,0.1.32-2-ga8d2e49-2026.04.04.09.54,https://github.com/PR2/robot_self_filter/tree/indigo-devel,success,robot_self_filter_0.1.32-2-ga8d2e49-2026.04.04.09.54-bloom_generate.log,ros-one-robot-self-filter_0.1.32-2-ga8d2e49-2026.04.04.09.54_amd64-2026-04-04T09:54:58Z.build,ros-one-robot-self-filter_0.1.32-2-ga8d2e49-2026.04.04.09.54_amd64.deb,ros-one-robot-self-filter_0.1.32-2-ga8d2e49-2026.04.04.09.54_amd64.files
rqt_dep,0.4.12-4-gebf0f6e-2026.04.04.10.00,https://github.com/ros-visualization/rqt_dep/tree/master,success,rqt_dep_0.4.12-4-gebf0f6e-2026.04.04.10.00-bloom_generate.log,ros-one-rqt-dep_0.4.12-4-gebf0f6e-2026.04.04.10.00_amd64-2026-04-04T10:00:49Z.build,ros-one-rqt-dep_0.4.12-4-gebf0f6e-2026.04.04.10.00_amd64.deb,ros-one-rqt-dep_0.4.12-4-gebf0f6e-2026.04.04.10.00_amd64.files
rqt_tf_tree,0.6.4-2026.04.04.10.04,https://github.com/ros-visualization/rqt_tf_tree/tree/master,success,rqt_tf_tree_0.6.4-2026.04.04.10.04-bloom_generate.log,ros-one-rqt-tf-tree_0.6.4-2026.04.04.10.04_amd64-2026-04-04T10:04:29Z.build,ros-one-rqt-tf-tree_0.6.4-2026.04.04.10.04_amd64.deb,ros-one-rqt-tf-tree_0.6.4-2026.04.04.10.04_amd64.files
twist_mux,3.1.3-2-g2ba6c30-2026.04.04.10.08,https://github.com/ros-teleop/twist_mux/tree/noetic-devel,success,twist_mux_3.1.3-2-g2ba6c30-2026.04.04.10.08-bloom_generate.log,ros-one-twist-mux_3.1.3-2-g2ba6c30-2026.04.04.10.08_amd64-2026-04-04T10:08:08Z.build,ros-one-twist-mux_3.1.3-2-g2ba6c30-2026.04.04.10.08_amd64.deb,ros-one-twist-mux_3.1.3-2-g2ba6c30-2026.04.04.10.08_amd64.files
urg_node,0.1.18-4-gd3a14fd-2026.04.04.10.12,https://github.com/ros-o/urg_node/tree/obese-devel,success,urg_node_0.1.18-4-gd3a14fd-2026.04.04.10.12-bloom_generate.log,ros-one-urg-node_0.1.18-4-gd3a14fd-2026.04.04.10.12_amd64-2026-04-04T10:12:07Z.build,ros-one-urg-node_0.1.18-4-gd3a14fd-2026.04.04.10.12_amd64.deb,ros-one-urg-node_0.1.18-4-gd3a14fd-2026.04.04.10.12_amd64.files
warehouse_ros_sqlite,0.9.1-1-g82cb837-2026.04.04.10.16,https://github.com/moveit/warehouse_ros_sqlite/tree/master,success,warehouse_ros_sqlite_0.9.1-1-g82cb837-2026.04.04.10.16-bloom_generate.log,ros-one-warehouse-ros-sqlite_0.9.1-1-g82cb837-2026.04.04.10.16_amd64-2026-04-04T10:16:32Z.build,ros-one-warehouse-ros-sqlite_0.9.1-1-g82cb837-2026.04.04.10.16_amd64.deb,ros-one-warehouse-ros-sqlite_0.9.1-1-g82cb837-2026.04.04.10.16_amd64.files
foxglove_bridge,0.8.5-20-g42c0ba4-2026.04.04.09.08,https://github.com/foxglove/ros-foxglove-bridge/tree/main,success,foxglove_bridge_0.8.5-20-g42c0ba4-2026.04.04.09.08-bloom_generate.log,ros-one-foxglove-bridge_0.8.5-20-g42c0ba4-2026.04.04.09.08_amd64-2026-04-04T09:08:21Z.build,ros-one-foxglove-bridge_0.8.5-20-g42c0ba4-2026.04.04.09.08_amd64.deb,ros-one-foxglove-bridge_0.8.5-20-g42c0ba4-2026.04.04.09.08_amd64.files
laser_assembler,1.7.8-7-g4d7e9e1-2026.04.04.09.13,https://github.com/ros-perception/laser_assembler/tree/noetic-devel,success,laser_assembler_1.7.8-7-g4d7e9e1-2026.04.04.09.13-bloom_generate.log,ros-one-laser-assembler_1.7.8-7-g4d7e9e1-2026.04.04.09.13_amd64-2026-04-04T09:13:30Z.build,ros-one-laser-assembler_1.7.8-7-g4d7e9e1-2026.04.04.09.13_amd64.deb,ros-one-laser-assembler_1.7.8-7-g4d7e9e1-2026.04.04.09.13_amd64.files
laser_filters,1.9.1-2026.04.04.09.18,https://github.com/ros-perception/laser_filters/tree/noetic-devel,success,laser_filters_1.9.1-2026.04.04.09.18-bloom_generate.log,ros-one-laser-filters_1.9.1-2026.04.04.09.18_amd64-2026-04-04T09:18:04Z.build,ros-one-laser-filters_1.9.1-2026.04.04.09.18_amd64.deb,ros-one-laser-filters_1.9.1-2026.04.04.09.18_amd64.files
robot_localization,2.7.7-1-g9ef26a5-2026.04.04.09.23,https://github.com/cra-ros-pkg/robot_localization/tree/noetic-devel,success,robot_localization_2.7.7-1-g9ef26a5-2026.04.04.09.23-bloom_generate.log,ros-one-robot-localization_2.7.7-1-g9ef26a5-2026.04.04.09.23_amd64-2026-04-04T09:23:18Z.build,ros-one-robot-localization_2.7.7-1-g9ef26a5-2026.04.04.09.23_amd64.deb,ros-one-robot-localization_2.7.7-1-g9ef26a5-2026.04.04.09.23_amd64.files
ros_control_boilerplate,0-2026.04.04.09.28,https://github.com/ros-o/ros_control_boilerplate/tree/obese-devel,success,ros_control_boilerplate_0-2026.04.04.09.28-bloom_generate.log,ros-one-ros-control-boilerplate_0-2026.04.04.09.28_amd64-2026-04-04T09:28:33Z.build,ros-one-ros-control-boilerplate_0-2026.04.04.09.28_amd64.deb,ros-one-ros-control-boilerplate_0-2026.04.04.09.28_amd64.files
rqt_console,0.4.12-2-gce13191-2026.04.04.09.33,https://github.com/ros-visualization/rqt_console/tree/master,success,rqt_console_0.4.12-2-gce13191-2026.04.04.09.33-bloom_generate.log,ros-one-rqt-console_0.4.12-2-gce13191-2026.04.04.09.33_amd64-2026-04-04T09:33:13Z.build,ros-one-rqt-console_0.4.12-2-gce13191-2026.04.04.09.33_amd64.deb,ros-one-rqt-console_0.4.12-2-gce13191-2026.04.04.09.33_amd64.files
rqt_moveit,0.5.12-2026.04.04.09.36,https://github.com/ros-visualization/rqt_moveit/tree/master,success,rqt_moveit_0.5.12-2026.04.04.09.36-bloom_generate.log,ros-one-rqt-moveit_0.5.12-2026.04.04.09.36_amd64-2026-04-04T09:36:52Z.build,ros-one-rqt-moveit_0.5.12-2026.04.04.09.36_amd64.deb,ros-one-rqt-moveit_0.5.12-2026.04.04.09.36_amd64.files
rviz,1.14.26-13-g26bbf0a1-2026.04.04.09.40,https://github.com/ros-visualization/rviz/tree/main,success,rviz_1.14.26-13-g26bbf0a1-2026.04.04.09.40-bloom_generate.log,ros-one-rviz_1.14.26-13-g26bbf0a1-2026.04.04.09.40_amd64-2026-04-04T09:40:35Z.build,ros-one-rviz_1.14.26-13-g26bbf0a1-2026.04.04.09.40_amd64.deb,ros-one-rviz_1.14.26-13-g26bbf0a1-2026.04.04.09.40_amd64.files
warehouse_ros_mongo,0.10.0-7-g9ba9e71-2026.04.04.09.54,https://github.com/moveit/warehouse_ros_mongo/tree/noetic-devel,success,warehouse_ros_mongo_0.10.0-7-g9ba9e71-2026.04.04.09.54-bloom_generate.log,ros-one-warehouse-ros-mongo_0.10.0-7-g9ba9e71-2026.04.04.09.54_amd64-2026-04-04T09:54:08Z.build,ros-one-warehouse-ros-mongo_0.10.0-7-g9ba9e71-2026.04.04.09.54_amd64.deb,ros-one-warehouse-ros-mongo_0.10.0-7-g9ba9e71-2026.04.04.09.54_amd64.files
moveit,1.1.16-55-g4fb7d9558-2026.04.04.10.24,https://github.com/moveit/moveit/tree/master,success,moveit_1.1.16-55-g4fb7d9558-2026.04.04.10.24-bloom_generate.log,ros-one-moveit_1.1.16-55-g4fb7d9558-2026.04.04.10.24_amd64-2026-04-04T10:24:44Z.build,ros-one-moveit_1.1.16-55-g4fb7d9558-2026.04.04.10.24_amd64.deb,ros-one-moveit_1.1.16-55-g4fb7d9558-2026.04.04.10.24_amd64.files
moveit_planners,1.1.16-55-g4fb7d9558-2026.04.04.10.29,https://github.com/moveit/moveit/tree/master,success,moveit_planners_1.1.16-55-g4fb7d9558-2026.04.04.10.29-bloom_generate.log,ros-one-moveit-planners_1.1.16-55-g4fb7d9558-2026.04.04.10.29_amd64-2026-04-04T10:29:13Z.build,ros-one-moveit-planners_1.1.16-55-g4fb7d9558-2026.04.04.10.29_amd64.deb,ros-one-moveit-planners_1.1.16-55-g4fb7d9558-2026.04.04.10.29_amd64.files
moveit_plugins,1.1.16-55-g4fb7d9558-2026.04.04.10.33,https://github.com/moveit/moveit/tree/master,success,moveit_plugins_1.1.16-55-g4fb7d9558-2026.04.04.10.33-bloom_generate.log,ros-one-moveit-plugins_1.1.16-55-g4fb7d9558-2026.04.04.10.33_amd64-2026-04-04T10:33:43Z.build,ros-one-moveit-plugins_1.1.16-55-g4fb7d9558-2026.04.04.10.33_amd64.deb,ros-one-moveit-plugins_1.1.16-55-g4fb7d9558-2026.04.04.10.33_amd64.files
moveit_resources,0.8.3-2-gb771644-2026.04.04.10.38,https://github.com/moveit/moveit_resources/tree/master,success,moveit_resources_0.8.3-2-gb771644-2026.04.04.10.38-bloom_generate.log,ros-one-moveit-resources_0.8.3-2-gb771644-2026.04.04.10.38_amd64-2026-04-04T10:38:15Z.build,ros-one-moveit-resources_0.8.3-2-gb771644-2026.04.04.10.38_amd64.deb,ros-one-moveit-resources_0.8.3-2-gb771644-2026.04.04.10.38_amd64.files
moveit_resources_dual_panda_moveit_config,0.8.3-2-gb771644-2026.04.04.10.42,https://github.com/moveit/moveit_resources/tree/master,success,moveit_resources_dual_panda_moveit_config_0.8.3-2-gb771644-2026.04.04.10.42-bloom_generate.log,ros-one-moveit-resources-dual-panda-moveit-config_0.8.3-2-gb771644-2026.04.04.10.42_amd64-2026-04-04T10:42:48Z.build,ros-one-moveit-resources-dual-panda-moveit-config_0.8.3-2-gb771644-2026.04.04.10.42_amd64.deb,ros-one-moveit-resources-dual-panda-moveit-config_0.8.3-2-gb771644-2026.04.04.10.42_amd64.files
moveit_resources_fanuc_description,0.8.3-2-gb771644-2026.04.04.10.47,https://github.com/moveit/moveit_resources/tree/master,success,moveit_resources_fanuc_description_0.8.3-2-gb771644-2026.04.04.10.47-bloom_generate.log,ros-one-moveit-resources-fanuc-description_0.8.3-2-gb771644-2026.04.04.10.47_amd64-2026-04-04T10:47:20Z.build,ros-one-moveit-resources-fanuc-description_0.8.3-2-gb771644-2026.04.04.10.47_amd64.deb,ros-one-moveit-resources-fanuc-description_0.8.3-2-gb771644-2026.04.04.10.47_amd64.files
moveit_resources_fanuc_moveit_config,0.8.3-2-gb771644-2026.04.04.10.51,https://github.com/moveit/moveit_resources/tree/master,success,moveit_resources_fanuc_moveit_config_0.8.3-2-gb771644-2026.04.04.10.51-bloom_generate.log,ros-one-moveit-resources-fanuc-moveit-config_0.8.3-2-gb771644-2026.04.04.10.51_amd64-2026-04-04T10:51:53Z.build,ros-one-moveit-resources-fanuc-moveit-config_0.8.3-2-gb771644-2026.04.04.10.51_amd64.deb,ros-one-moveit-resources-fanuc-moveit-config_0.8.3-2-gb771644-2026.04.04.10.51_amd64.files
moveit_commander,1.1.16-55-g4fb7d9558-2026.04.04.10.56,https://github.com/moveit/moveit/tree/master,success,moveit_commander_1.1.16-55-g4fb7d9558-2026.04.04.10.56-bloom_generate.log,ros-one-moveit-commander_1.1.16-55-g4fb7d9558-2026.04.04.10.56_amd64-2026-04-04T10:56:24Z.build,ros-one-moveit-commander_1.1.16-55-g4fb7d9558-2026.04.04.10.56_amd64.deb,ros-one-moveit-commander_1.1.16-55-g4fb7d9558-2026.04.04.10.56_amd64.files
moveit_resources_panda_description,0.8.3-2-gb771644-2026.04.04.11.00,https://github.com/moveit/moveit_resources/tree/master,success,moveit_resources_panda_description_0.8.3-2-gb771644-2026.04.04.11.00-bloom_generate.log,ros-one-moveit-resources-panda-description_0.8.3-2-gb771644-2026.04.04.11.00_amd64-2026-04-04T11:00:56Z.build,ros-one-moveit-resources-panda-description_0.8.3-2-gb771644-2026.04.04.11.00_amd64.deb,ros-one-moveit-resources-panda-description_0.8.3-2-gb771644-2026.04.04.11.00_amd64.files
moveit_resources_panda_moveit_config,0.8.3-2-gb771644-2026.04.04.11.05,https://github.com/moveit/moveit_resources/tree/master,success,moveit_resources_panda_moveit_config_0.8.3-2-gb771644-2026.04.04.11.05-bloom_generate.log,ros-one-moveit-resources-panda-moveit-config_0.8.3-2-gb771644-2026.04.04.11.05_amd64-2026-04-04T11:05:45Z.build,ros-one-moveit-resources-panda-moveit-config_0.8.3-2-gb771644-2026.04.04.11.05_amd64.deb,ros-one-moveit-resources-panda-moveit-config_0.8.3-2-gb771644-2026.04.04.11.05_amd64.files
moveit_resources_pr2_description,0.8.3-2-gb771644-2026.04.04.11.10,https://github.com/moveit/moveit_resources/tree/master,success,moveit_resources_pr2_description_0.8.3-2-gb771644-2026.04.04.11.10-bloom_generate.log,ros-one-moveit-resources-pr2-description_0.8.3-2-gb771644-2026.04.04.11.10_amd64-2026-04-04T11:10:19Z.build,ros-one-moveit-resources-pr2-description_0.8.3-2-gb771644-2026.04.04.11.10_amd64.deb,ros-one-moveit-resources-pr2-description_0.8.3-2-gb771644-2026.04.04.11.10_amd64.files
moveit_core,1.1.16-55-g4fb7d9558-2026.04.04.11.15,https://github.com/moveit/moveit/tree/master,success,moveit_core_1.1.16-55-g4fb7d9558-2026.04.04.11.15-bloom_generate.log,ros-one-moveit-core_1.1.16-55-g4fb7d9558-2026.04.04.11.15_amd64-2026-04-04T11:15:04Z.build,ros-one-moveit-core_1.1.16-55-g4fb7d9558-2026.04.04.11.15_amd64.deb,ros-one-moveit-core_1.1.16-55-g4fb7d9558-2026.04.04.11.15_amd64.files
chomp_motion_planner,1.1.16-55-g4fb7d9558-2026.04.04.11.25,https://github.com/moveit/moveit/tree/master,success,chomp_motion_planner_1.1.16-55-g4fb7d9558-2026.04.04.11.25-bloom_generate.log,ros-one-chomp-motion-planner_1.1.16-55-g4fb7d9558-2026.04.04.11.25_amd64-2026-04-04T11:25:45Z.build,ros-one-chomp-motion-planner_1.1.16-55-g4fb7d9558-2026.04.04.11.25_amd64.deb,ros-one-chomp-motion-planner_1.1.16-55-g4fb7d9558-2026.04.04.11.25_amd64.files
moveit_chomp_optimizer_adapter,1.1.16-55-g4fb7d9558-2026.04.04.11.31,https://github.com/moveit/moveit/tree/master,success,moveit_chomp_optimizer_adapter_1.1.16-55-g4fb7d9558-2026.04.04.11.31-bloom_generate.log,ros-one-moveit-chomp-optimizer-adapter_1.1.16-55-g4fb7d9558-2026.04.04.11.31_amd64-2026-04-04T11:31:17Z.build,ros-one-moveit-chomp-optimizer-adapter_1.1.16-55-g4fb7d9558-2026.04.04.11.31_amd64.deb,ros-one-moveit-chomp-optimizer-adapter_1.1.16-55-g4fb7d9558-2026.04.04.11.31_amd64.files
moveit_resources_prbt_ikfast_manipulator_plugin,0.8.3-2-gb771644-2026.04.04.11.36,https://github.com/moveit/moveit_resources/tree/master,success,moveit_resources_prbt_ikfast_manipulator_plugin_0.8.3-2-gb771644-2026.04.04.11.36-bloom_generate.log,ros-one-moveit-resources-prbt-ikfast-manipulator-plugin_0.8.3-2-gb771644-2026.04.04.11.36_amd64-2026-04-04T11:36:29Z.build,ros-one-moveit-resources-prbt-ikfast-manipulator-plugin_0.8.3-2-gb771644-2026.04.04.11.36_amd64.deb,ros-one-moveit-resources-prbt-ikfast-manipulator-plugin_0.8.3-2-gb771644-2026.04.04.11.36_amd64.files
moveit_resources_prbt_moveit_config,0.8.3-2-gb771644-2026.04.04.11.41,https://github.com/moveit/moveit_resources/tree/master,success,moveit_resources_prbt_moveit_config_0.8.3-2-gb771644-2026.04.04.11.41-bloom_generate.log,ros-one-moveit-resources-prbt-moveit-config_0.8.3-2-gb771644-2026.04.04.11.41_amd64-2026-04-04T11:41:54Z.build,ros-one-moveit-resources-prbt-moveit-config_0.8.3-2-gb771644-2026.04.04.11.41_amd64.deb,ros-one-moveit-resources-prbt-moveit-config_0.8.3-2-gb771644-2026.04.04.11.41_amd64.files
moveit_resources_prbt_pg70_support,0.8.3-2-gb771644-2026.04.04.11.46,https://github.com/moveit/moveit_resources/tree/master,success,moveit_resources_prbt_pg70_support_0.8.3-2-gb771644-2026.04.04.11.46-bloom_generate.log,ros-one-moveit-resources-prbt-pg70-support_0.8.3-2-gb771644-2026.04.04.11.46_amd64-2026-04-04T11:46:38Z.build,ros-one-moveit-resources-prbt-pg70-support_0.8.3-2-gb771644-2026.04.04.11.46_amd64.deb,ros-one-moveit-resources-prbt-pg70-support_0.8.3-2-gb771644-2026.04.04.11.46_amd64.files
moveit_resources_prbt_support,0.8.3-2-gb771644-2026.04.04.11.51,https://github.com/moveit/moveit_resources/tree/master,success,moveit_resources_prbt_support_0.8.3-2-gb771644-2026.04.04.11.51-bloom_generate.log,ros-one-moveit-resources-prbt-support_0.8.3-2-gb771644-2026.04.04.11.51_amd64-2026-04-04T11:51:21Z.build,ros-one-moveit-resources-prbt-support_0.8.3-2-gb771644-2026.04.04.11.51_amd64.deb,ros-one-moveit-resources-prbt-support_0.8.3-2-gb771644-2026.04.04.11.51_amd64.files
moveit_ros,1.1.16-55-g4fb7d9558-2026.04.04.11.55,https://github.com/moveit/moveit/tree/master,success,moveit_ros_1.1.16-55-g4fb7d9558-2026.04.04.11.55-bloom_generate.log,ros-one-moveit-ros_1.1.16-55-g4fb7d9558-2026.04.04.11.55_amd64-2026-04-04T11:56:00Z.build,ros-one-moveit-ros_1.1.16-55-g4fb7d9558-2026.04.04.11.55_amd64.deb,ros-one-moveit-ros_1.1.16-55-g4fb7d9558-2026.04.04.11.55_amd64.files
moveit_ros_occupancy_map_monitor,1.1.16-55-g4fb7d9558-2026.04.04.12.00,https://github.com/moveit/moveit/tree/master,success,moveit_ros_occupancy_map_monitor_1.1.16-55-g4fb7d9558-2026.04.04.12.00-bloom_generate.log,ros-one-moveit-ros-occupancy-map-monitor_1.1.16-55-g4fb7d9558-2026.04.04.12.00_amd64-2026-04-04T12:00:40Z.build,ros-one-moveit-ros-occupancy-map-monitor_1.1.16-55-g4fb7d9558-2026.04.04.12.00_amd64.deb,ros-one-moveit-ros-occupancy-map-monitor_1.1.16-55-g4fb7d9558-2026.04.04.12.00_amd64.files
moveit_ros_planning,1.1.16-55-g4fb7d9558-2026.04.04.12.06,https://github.com/moveit/moveit/tree/master,success,moveit_ros_planning_1.1.16-55-g4fb7d9558-2026.04.04.12.06-bloom_generate.log,ros-one-moveit-ros-planning_1.1.16-55-g4fb7d9558-2026.04.04.12.06_amd64-2026-04-04T12:06:09Z.build,ros-one-moveit-ros-planning_1.1.16-55-g4fb7d9558-2026.04.04.12.06_amd64.deb,ros-one-moveit-ros-planning_1.1.16-55-g4fb7d9558-2026.04.04.12.06_amd64.files
moveit_fake_controller_manager,1.1.16-55-g4fb7d9558-2026.04.04.12.14,https://github.com/moveit/moveit/tree/master,success,moveit_fake_controller_manager_1.1.16-55-g4fb7d9558-2026.04.04.12.14-bloom_generate.log,ros-one-moveit-fake-controller-manager_1.1.16-55-g4fb7d9558-2026.04.04.12.14_amd64-2026-04-04T12:14:45Z.build,ros-one-moveit-fake-controller-manager_1.1.16-55-g4fb7d9558-2026.04.04.12.14_amd64.deb,ros-one-moveit-fake-controller-manager_1.1.16-55-g4fb7d9558-2026.04.04.12.14_amd64.files
moveit_kinematics,1.1.16-55-g4fb7d9558-2026.04.04.12.19,https://github.com/moveit/moveit/tree/master,success,moveit_kinematics_1.1.16-55-g4fb7d9558-2026.04.04.12.19-bloom_generate.log,ros-one-moveit-kinematics_1.1.16-55-g4fb7d9558-2026.04.04.12.19_amd64-2026-04-04T12:19:59Z.build,ros-one-moveit-kinematics_1.1.16-55-g4fb7d9558-2026.04.04.12.19_amd64.deb,ros-one-moveit-kinematics_1.1.16-55-g4fb7d9558-2026.04.04.12.19_amd64.files
moveit_planners_ompl,1.1.16-55-g4fb7d9558-2026.04.04.12.25,https://github.com/moveit/moveit/tree/master,success,moveit_planners_ompl_1.1.16-55-g4fb7d9558-2026.04.04.12.25-bloom_generate.log,ros-one-moveit-planners-ompl_1.1.16-55-g4fb7d9558-2026.04.04.12.25_amd64-2026-04-04T12:25:40Z.build,ros-one-moveit-planners-ompl_1.1.16-55-g4fb7d9558-2026.04.04.12.25_amd64.deb,ros-one-moveit-planners-ompl_1.1.16-55-g4fb7d9558-2026.04.04.12.25_amd64.files
moveit_ros_move_group,1.1.16-55-g4fb7d9558-2026.04.04.12.32,https://github.com/moveit/moveit/tree/master,success,moveit_ros_move_group_1.1.16-55-g4fb7d9558-2026.04.04.12.32-bloom_generate.log,ros-one-moveit-ros-move-group_1.1.16-55-g4fb7d9558-2026.04.04.12.32_amd64-2026-04-04T12:32:32Z.build,ros-one-moveit-ros-move-group_1.1.16-55-g4fb7d9558-2026.04.04.12.32_amd64.deb,ros-one-moveit-ros-move-group_1.1.16-55-g4fb7d9558-2026.04.04.12.32_amd64.files
moveit_ros_manipulation,1.1.16-55-g4fb7d9558-2026.04.04.12.39,https://github.com/moveit/moveit/tree/master,success,moveit_ros_manipulation_1.1.16-55-g4fb7d9558-2026.04.04.12.39-bloom_generate.log,ros-one-moveit-ros-manipulation_1.1.16-55-g4fb7d9558-2026.04.04.12.39_amd64-2026-04-04T12:39:41Z.build,ros-one-moveit-ros-manipulation_1.1.16-55-g4fb7d9558-2026.04.04.12.39_amd64.deb,ros-one-moveit-ros-manipulation_1.1.16-55-g4fb7d9558-2026.04.04.12.39_amd64.files
moveit_ros_perception,1.1.16-55-g4fb7d9558-2026.04.04.12.46,https://github.com/moveit/moveit/tree/master,success,moveit_ros_perception_1.1.16-55-g4fb7d9558-2026.04.04.12.46-bloom_generate.log,ros-one-moveit-ros-perception_1.1.16-55-g4fb7d9558-2026.04.04.12.46_amd64-2026-04-04T12:46:14Z.build,ros-one-moveit-ros-perception_1.1.16-55-g4fb7d9558-2026.04.04.12.46_amd64.deb,ros-one-moveit-ros-perception_1.1.16-55-g4fb7d9558-2026.04.04.12.46_amd64.files
moveit_ros_robot_interaction,1.1.16-55-g4fb7d9558-2026.04.04.12.52,https://github.com/moveit/moveit/tree/master,success,moveit_ros_robot_interaction_1.1.16-55-g4fb7d9558-2026.04.04.12.52-bloom_generate.log,ros-one-moveit-ros-robot-interaction_1.1.16-55-g4fb7d9558-2026.04.04.12.52_amd64-2026-04-04T12:52:54Z.build,ros-one-moveit-ros-robot-interaction_1.1.16-55-g4fb7d9558-2026.04.04.12.52_amd64.deb,ros-one-moveit-ros-robot-interaction_1.1.16-55-g4fb7d9558-2026.04.04.12.52_amd64.files
moveit_ros_warehouse,1.1.16-55-g4fb7d9558-2026.04.04.12.58,https://github.com/moveit/moveit/tree/master,success,moveit_ros_warehouse_1.1.16-55-g4fb7d9558-2026.04.04.12.58-bloom_generate.log,ros-one-moveit-ros-warehouse_1.1.16-55-g4fb7d9558-2026.04.04.12.58_amd64-2026-04-04T12:58:41Z.build,ros-one-moveit-ros-warehouse_1.1.16-55-g4fb7d9558-2026.04.04.12.58_amd64.deb,ros-one-moveit-ros-warehouse_1.1.16-55-g4fb7d9558-2026.04.04.12.58_amd64.files
moveit_ros_benchmarks,1.1.16-55-g4fb7d9558-2026.04.04.13.05,https://github.com/moveit/moveit/tree/master,success,moveit_ros_benchmarks_1.1.16-55-g4fb7d9558-2026.04.04.13.05-bloom_generate.log,ros-one-moveit-ros-benchmarks_1.1.16-55-g4fb7d9558-2026.04.04.13.05_amd64-2026-04-04T13:05:10Z.build,ros-one-moveit-ros-benchmarks_1.1.16-55-g4fb7d9558-2026.04.04.13.05_amd64.deb,ros-one-moveit-ros-benchmarks_1.1.16-55-g4fb7d9558-2026.04.04.13.05_amd64.files
moveit_ros_planning_interface,1.1.16-55-g4fb7d9558-2026.04.04.13.11,https://github.com/moveit/moveit/tree/master,success,moveit_ros_planning_interface_1.1.16-55-g4fb7d9558-2026.04.04.13.11-bloom_generate.log,ros-one-moveit-ros-planning-interface_1.1.16-55-g4fb7d9558-2026.04.04.13.11_amd64-2026-04-04T13:11:19Z.build,ros-one-moveit-ros-planning-interface_1.1.16-55-g4fb7d9558-2026.04.04.13.11_amd64.deb,ros-one-moveit-ros-planning-interface_1.1.16-55-g4fb7d9558-2026.04.04.13.11_amd64.files
moveit_planners_chomp,1.1.16-55-g4fb7d9558-2026.04.04.13.18,https://github.com/moveit/moveit/tree/master,success,moveit_planners_chomp_1.1.16-55-g4fb7d9558-2026.04.04.13.18-bloom_generate.log,ros-one-moveit-planners-chomp_1.1.16-55-g4fb7d9558-2026.04.04.13.18_amd64-2026-04-04T13:18:38Z.build,ros-one-moveit-planners-chomp_1.1.16-55-g4fb7d9558-2026.04.04.13.18_amd64.deb,ros-one-moveit-planners-chomp_1.1.16-55-g4fb7d9558-2026.04.04.13.18_amd64.files
moveit_ros_visualization,1.1.16-55-g4fb7d9558-2026.04.04.13.24,https://github.com/moveit/moveit/tree/master,success,moveit_ros_visualization_1.1.16-55-g4fb7d9558-2026.04.04.13.24-bloom_generate.log,ros-one-moveit-ros-visualization_1.1.16-55-g4fb7d9558-2026.04.04.13.24_amd64-2026-04-04T13:24:16Z.build,ros-one-moveit-ros-visualization_1.1.16-55-g4fb7d9558-2026.04.04.13.24_amd64.deb,ros-one-moveit-ros-visualization_1.1.16-55-g4fb7d9558-2026.04.04.13.24_amd64.files
moveit_runtime,1.1.16-55-g4fb7d9558-2026.04.04.13.34,https://github.com/moveit/moveit/tree/master,success,moveit_runtime_1.1.16-55-g4fb7d9558-2026.04.04.13.34-bloom_generate.log,ros-one-moveit-runtime_1.1.16-55-g4fb7d9558-2026.04.04.13.34_amd64-2026-04-04T13:34:02Z.build,ros-one-moveit-runtime_1.1.16-55-g4fb7d9558-2026.04.04.13.34_amd64.deb,ros-one-moveit-runtime_1.1.16-55-g4fb7d9558-2026.04.04.13.34_amd64.files
moveit_servo,1.1.16-55-g4fb7d9558-2026.04.04.13.38,https://github.com/moveit/moveit/tree/master,success,moveit_servo_1.1.16-55-g4fb7d9558-2026.04.04.13.38-bloom_generate.log,ros-one-moveit-servo_1.1.16-55-g4fb7d9558-2026.04.04.13.38_amd64-2026-04-04T13:38:55Z.build,ros-one-moveit-servo_1.1.16-55-g4fb7d9558-2026.04.04.13.38_amd64.deb,ros-one-moveit-servo_1.1.16-55-g4fb7d9558-2026.04.04.13.38_amd64.files
moveit_setup_assistant,1.1.16-55-g4fb7d9558-2026.04.04.13.45,https://github.com/moveit/moveit/tree/master,success,moveit_setup_assistant_1.1.16-55-g4fb7d9558-2026.04.04.13.45-bloom_generate.log,ros-one-moveit-setup-assistant_1.1.16-55-g4fb7d9558-2026.04.04.13.45_amd64-2026-04-04T13:45:53Z.build,ros-one-moveit-setup-assistant_1.1.16-55-g4fb7d9558-2026.04.04.13.45_amd64.deb,ros-one-moveit-setup-assistant_1.1.16-55-g4fb7d9558-2026.04.04.13.45_amd64.files
moveit_simple_controller_manager,1.1.16-55-g4fb7d9558-2026.04.04.13.54,https://github.com/moveit/moveit/tree/master,success,moveit_simple_controller_manager_1.1.16-55-g4fb7d9558-2026.04.04.13.54-bloom_generate.log,ros-one-moveit-simple-controller-manager_1.1.16-55-g4fb7d9558-2026.04.04.13.54_amd64-2026-04-04T13:54:27Z.build,ros-one-moveit-simple-controller-manager_1.1.16-55-g4fb7d9558-2026.04.04.13.54_amd64.deb,ros-one-moveit-simple-controller-manager_1.1.16-55-g4fb7d9558-2026.04.04.13.54_amd64.files
moveit_ros_control_interface,1.1.16-55-g4fb7d9558-2026.04.04.14.00,https://github.com/moveit/moveit/tree/master,success,moveit_ros_control_interface_1.1.16-55-g4fb7d9558-2026.04.04.14.00-bloom_generate.log,ros-one-moveit-ros-control-interface_1.1.16-55-g4fb7d9558-2026.04.04.14.00_amd64-2026-04-04T14:00:02Z.build,ros-one-moveit-ros-control-interface_1.1.16-55-g4fb7d9558-2026.04.04.14.00_amd64.deb,ros-one-moveit-ros-control-interface_1.1.16-55-g4fb7d9558-2026.04.04.14.00_amd64.files
pilz_industrial_motion_planner_testutils,1.1.16-55-g4fb7d9558-2026.04.04.14.05,https://github.com/moveit/moveit/tree/master,success,pilz_industrial_motion_planner_testutils_1.1.16-55-g4fb7d9558-2026.04.04.14.05-bloom_generate.log,ros-one-pilz-industrial-motion-planner-testutils_1.1.16-55-g4fb7d9558-2026.04.04.14.05_amd64-2026-04-04T14:05:37Z.build,ros-one-pilz-industrial-motion-planner-testutils_1.1.16-55-g4fb7d9558-2026.04.04.14.05_amd64.deb,ros-one-pilz-industrial-motion-planner-testutils_1.1.16-55-g4fb7d9558-2026.04.04.14.05_amd64.files
pilz_industrial_motion_planner,1.1.16-55-g4fb7d9558-2026.04.04.14.11,https://github.com/moveit/moveit/tree/master,success,pilz_industrial_motion_planner_1.1.16-55-g4fb7d9558-2026.04.04.14.11-bloom_generate.log,ros-one-pilz-industrial-motion-planner_1.1.16-55-g4fb7d9558-2026.04.04.14.11_amd64-2026-04-04T14:11:26Z.build,ros-one-pilz-industrial-motion-planner_1.1.16-55-g4fb7d9558-2026.04.04.14.11_amd64.deb,ros-one-pilz-industrial-motion-planner_1.1.16-55-g4fb7d9558-2026.04.04.14.11_amd64.files
cartesian_controller_base,0-2026.04.04.10.25,https://github.com/fzi-forschungszentrum-informatik/cartesian_controllers/tree/ros1,success,cartesian_controller_base_0-2026.04.04.10.25-bloom_generate.log,ros-one-cartesian-controller-base_0-2026.04.04.10.25_amd64-2026-04-04T10:25:26Z.build,ros-one-cartesian-controller-base_0-2026.04.04.10.25_amd64.deb,ros-one-cartesian-controller-base_0-2026.04.04.10.25_amd64.files
cartesian_controller_examples,0-2026.04.04.10.31,https://github.com/fzi-forschungszentrum-informatik/cartesian_controllers/tree/ros1,success,cartesian_controller_examples_0-2026.04.04.10.31-bloom_generate.log,ros-one-cartesian-controller-examples_0-2026.04.04.10.31_amd64-2026-04-04T10:31:13Z.build,ros-one-cartesian-controller-examples_0-2026.04.04.10.31_amd64.deb,ros-one-cartesian-controller-examples_0-2026.04.04.10.31_amd64.files
cartesian_controller_handles,0-2026.04.04.10.35,https://github.com/fzi-forschungszentrum-informatik/cartesian_controllers/tree/ros1,success,cartesian_controller_handles_0-2026.04.04.10.35-bloom_generate.log,ros-one-cartesian-controller-handles_0-2026.04.04.10.35_amd64-2026-04-04T10:35:39Z.build,ros-one-cartesian-controller-handles_0-2026.04.04.10.35_amd64.deb,ros-one-cartesian-controller-handles_0-2026.04.04.10.35_amd64.files
cartesian_controller_utilities,0-2026.04.04.10.40,https://github.com/fzi-forschungszentrum-informatik/cartesian_controllers/tree/ros1,success,cartesian_controller_utilities_0-2026.04.04.10.40-bloom_generate.log,ros-one-cartesian-controller-utilities_0-2026.04.04.10.40_amd64-2026-04-04T10:40:28Z.build,ros-one-cartesian-controller-utilities_0-2026.04.04.10.40_amd64.deb,ros-one-cartesian-controller-utilities_0-2026.04.04.10.40_amd64.files
cartesian_controllers,0-2026.04.04.10.45,https://github.com/fzi-forschungszentrum-informatik/cartesian_controllers/tree/ros1,success,cartesian_controllers_0-2026.04.04.10.45-bloom_generate.log,ros-one-cartesian-controllers_0-2026.04.04.10.45_amd64-2026-04-04T10:45:34Z.build,ros-one-cartesian-controllers_0-2026.04.04.10.45_amd64.deb,ros-one-cartesian-controllers_0-2026.04.04.10.45_amd64.files
cartesian_force_controller,0-2026.04.04.10.49,https://github.com/fzi-forschungszentrum-informatik/cartesian_controllers/tree/ros1,success,cartesian_force_controller_0-2026.04.04.10.49-bloom_generate.log,ros-one-cartesian-force-controller_0-2026.04.04.10.49_amd64-2026-04-04T10:49:58Z.build,ros-one-cartesian-force-controller_0-2026.04.04.10.49_amd64.deb,ros-one-cartesian-force-controller_0-2026.04.04.10.49_amd64.files
cartesian_motion_controller,0-2026.04.04.10.54,https://github.com/fzi-forschungszentrum-informatik/cartesian_controllers/tree/ros1,success,cartesian_motion_controller_0-2026.04.04.10.54-bloom_generate.log,ros-one-cartesian-motion-controller_0-2026.04.04.10.54_amd64-2026-04-04T10:54:59Z.build,ros-one-cartesian-motion-controller_0-2026.04.04.10.54_amd64.deb,ros-one-cartesian-motion-controller_0-2026.04.04.10.54_amd64.files
cartesian_compliance_controller,0-2026.04.04.10.59,https://github.com/fzi-forschungszentrum-informatik/cartesian_controllers/tree/ros1,success,cartesian_compliance_controller_0-2026.04.04.10.59-bloom_generate.log,ros-one-cartesian-compliance-controller_0-2026.04.04.10.59_amd64-2026-04-04T10:59:56Z.build,ros-one-cartesian-compliance-controller_0-2026.04.04.10.59_amd64.deb,ros-one-cartesian-compliance-controller_0-2026.04.04.10.59_amd64.files
franka_description,0.8.1-370-gfc9b4cc-2026.04.04.11.05,https://github.com/rhaschke/franka_ros/tree/ros-o,success,franka_description_0.8.1-370-gfc9b4cc-2026.04.04.11.05-bloom_generate.log,ros-one-franka-description_0.8.1-370-gfc9b4cc-2026.04.04.11.05_amd64-2026-04-04T11:05:32Z.build,ros-one-franka-description_0.8.1-370-gfc9b4cc-2026.04.04.11.05_amd64.deb,ros-one-franka-description_0.8.1-370-gfc9b4cc-2026.04.04.11.05_amd64.files
franka_gripper,0.8.1-370-gfc9b4cc-2026.04.04.11.10,https://github.com/rhaschke/franka_ros/tree/ros-o,success,franka_gripper_0.8.1-370-gfc9b4cc-2026.04.04.11.10-bloom_generate.log,ros-one-franka-gripper_0.8.1-370-gfc9b4cc-2026.04.04.11.10_amd64-2026-04-04T11:10:03Z.build,ros-one-franka-gripper_0.8.1-370-gfc9b4cc-2026.04.04.11.10_amd64.deb,ros-one-franka-gripper_0.8.1-370-gfc9b4cc-2026.04.04.11.10_amd64.files
franka_msgs,0.8.1-370-gfc9b4cc-2026.04.04.11.15,https://github.com/rhaschke/franka_ros/tree/ros-o,success,franka_msgs_0.8.1-370-gfc9b4cc-2026.04.04.11.15-bloom_generate.log,ros-one-franka-msgs_0.8.1-370-gfc9b4cc-2026.04.04.11.15_amd64-2026-04-04T11:16:01Z.build,ros-one-franka-msgs_0.8.1-370-gfc9b4cc-2026.04.04.11.15_amd64.deb,ros-one-franka-msgs_0.8.1-370-gfc9b4cc-2026.04.04.11.15_amd64.files
franka_hw,0.8.1-370-gfc9b4cc-2026.04.04.11.20,https://github.com/rhaschke/franka_ros/tree/ros-o,success,franka_hw_0.8.1-370-gfc9b4cc-2026.04.04.11.20-bloom_generate.log,ros-one-franka-hw_0.8.1-370-gfc9b4cc-2026.04.04.11.20_amd64-2026-04-04T11:20:38Z.build,ros-one-franka-hw_0.8.1-370-gfc9b4cc-2026.04.04.11.20_amd64.deb,ros-one-franka-hw_0.8.1-370-gfc9b4cc-2026.04.04.11.20_amd64.files
franka_control,0.8.1-370-gfc9b4cc-2026.04.04.11.25,https://github.com/rhaschke/franka_ros/tree/ros-o,success,franka_control_0.8.1-370-gfc9b4cc-2026.04.04.11.25-bloom_generate.log,ros-one-franka-control_0.8.1-370-gfc9b4cc-2026.04.04.11.25_amd64-2026-04-04T11:25:58Z.build,ros-one-franka-control_0.8.1-370-gfc9b4cc-2026.04.04.11.25_amd64.deb,ros-one-franka-control_0.8.1-370-gfc9b4cc-2026.04.04.11.25_amd64.files
franka_example_controllers,0.8.1-370-gfc9b4cc-2026.04.04.11.31,https://github.com/rhaschke/franka_ros/tree/ros-o,success,franka_example_controllers_0.8.1-370-gfc9b4cc-2026.04.04.11.31-bloom_generate.log,ros-one-franka-example-controllers_0.8.1-370-gfc9b4cc-2026.04.04.11.31_amd64-2026-04-04T11:31:18Z.build,ros-one-franka-example-controllers_0.8.1-370-gfc9b4cc-2026.04.04.11.31_amd64.deb,ros-one-franka-example-controllers_0.8.1-370-gfc9b4cc-2026.04.04.11.31_amd64.files
franka_gazebo,0.8.1-370-gfc9b4cc-2026.04.04.11.37,https://github.com/rhaschke/franka_ros/tree/ros-o,failed-sbuild,franka_gazebo_0.8.1-370-gfc9b4cc-2026.04.04.11.37-bloom_generate.log,ros-one-franka-gazebo_0.8.1-370-gfc9b4cc-2026.04.04.11.37_amd64-2026-04-04T11:37:49Z.build,,
franka_ros,0.8.1-370-gfc9b4cc-2026.04.04.11.41,https://github.com/rhaschke/franka_ros/tree/ros-o,success,franka_ros_0.8.1-370-gfc9b4cc-2026.04.04.11.41-bloom_generate.log,ros-one-franka-ros_0.8.1-370-gfc9b4cc-2026.04.04.11.41_amd64-2026-04-04T11:41:53Z.build,ros-one-franka-ros_0.8.1-370-gfc9b4cc-2026.04.04.11.41_amd64.deb,ros-one-franka-ros_0.8.1-370-gfc9b4cc-2026.04.04.11.41_amd64.files
franka_visualization,0.8.1-370-gfc9b4cc-2026.04.04.11.46,https://github.com/rhaschke/franka_ros/tree/ros-o,success,franka_visualization_0.8.1-370-gfc9b4cc-2026.04.04.11.46-bloom_generate.log,ros-one-franka-visualization_0.8.1-370-gfc9b4cc-2026.04.04.11.46_amd64-2026-04-04T11:46:23Z.build,ros-one-franka-visualization_0.8.1-370-gfc9b4cc-2026.04.04.11.46_amd64.deb,ros-one-franka-visualization_0.8.1-370-gfc9b4cc-2026.04.04.11.46_amd64.files
intera_interface,5.5.2-7-g0d51dd7-2026.04.04.11.51,https://github.com/ros-o/intera_sdk/tree/obese-devel,success,intera_interface_5.5.2-7-g0d51dd7-2026.04.04.11.51-bloom_generate.log,ros-one-intera-interface_5.5.2-7-g0d51dd7-2026.04.04.11.51_amd64-2026-04-04T11:51:20Z.build,ros-one-intera-interface_5.5.2-7-g0d51dd7-2026.04.04.11.51_amd64.deb,ros-one-intera-interface_5.5.2-7-g0d51dd7-2026.04.04.11.51_amd64.files
intera_examples,5.5.2-7-g0d51dd7-2026.04.04.11.57,https://github.com/ros-o/intera_sdk/tree/obese-devel,success,intera_examples_5.5.2-7-g0d51dd7-2026.04.04.11.57-bloom_generate.log,ros-one-intera-examples_5.5.2-7-g0d51dd7-2026.04.04.11.57_amd64-2026-04-04T11:57:06Z.build,ros-one-intera-examples_5.5.2-7-g0d51dd7-2026.04.04.11.57_amd64.deb,ros-one-intera-examples_5.5.2-7-g0d51dd7-2026.04.04.11.57_amd64.files
intera_sdk,5.5.2-7-g0d51dd7-2026.04.04.12.02,https://github.com/ros-o/intera_sdk/tree/obese-devel,success,intera_sdk_5.5.2-7-g0d51dd7-2026.04.04.12.02-bloom_generate.log,ros-one-intera-sdk_5.5.2-7-g0d51dd7-2026.04.04.12.02_amd64-2026-04-04T12:02:53Z.build,ros-one-intera-sdk_5.5.2-7-g0d51dd7-2026.04.04.12.02_amd64.deb,ros-one-intera-sdk_5.5.2-7-g0d51dd7-2026.04.04.12.02_amd64.files
joint_to_cartesian_controller,0-2026.04.04.12.07,https://github.com/fzi-forschungszentrum-informatik/cartesian_controllers/tree/ros1,success,joint_to_cartesian_controller_0-2026.04.04.12.07-bloom_generate.log,ros-one-joint-to-cartesian-controller_0-2026.04.04.12.07_amd64-2026-04-04T12:07:34Z.build,ros-one-joint-to-cartesian-controller_0-2026.04.04.12.07_amd64.deb,ros-one-joint-to-cartesian-controller_0-2026.04.04.12.07_amd64.files
cartesian_controller_tests,0-2026.04.04.12.12,https://github.com/fzi-forschungszentrum-informatik/cartesian_controllers/tree/ros1,success,cartesian_controller_tests_0-2026.04.04.12.12-bloom_generate.log,ros-one-cartesian-controller-tests_0-2026.04.04.12.12_amd64-2026-04-04T12:12:41Z.build,ros-one-cartesian-controller-tests_0-2026.04.04.12.12_amd64.deb,ros-one-cartesian-controller-tests_0-2026.04.04.12.12_amd64.files
mbf_abstract_core,0.4.0-43-g981f950-2026.04.04.12.17,https://github.com/naturerobots/move_base_flex/tree/master,success,mbf_abstract_core_0.4.0-43-g981f950-2026.04.04.12.17-bloom_generate.log,ros-one-mbf-abstract-core_0.4.0-43-g981f950-2026.04.04.12.17_amd64-2026-04-04T12:17:52Z.build,ros-one-mbf-abstract-core_0.4.0-43-g981f950-2026.04.04.12.17_amd64.deb,ros-one-mbf-abstract-core_0.4.0-43-g981f950-2026.04.04.12.17_amd64.files
mbf_msgs,0.4.0-43-g981f950-2026.04.04.12.22,https://github.com/naturerobots/move_base_flex/tree/master,success,mbf_msgs_0.4.0-43-g981f950-2026.04.04.12.22-bloom_generate.log,ros-one-mbf-msgs_0.4.0-43-g981f950-2026.04.04.12.22_amd64-2026-04-04T12:22:42Z.build,ros-one-mbf-msgs_0.4.0-43-g981f950-2026.04.04.12.22_amd64.deb,ros-one-mbf-msgs_0.4.0-43-g981f950-2026.04.04.12.22_amd64.files
mbf_utility,0.4.0-43-g981f950-2026.04.04.12.27,https://github.com/naturerobots/move_base_flex/tree/master,success,mbf_utility_0.4.0-43-g981f950-2026.04.04.12.27-bloom_generate.log,ros-one-mbf-utility_0.4.0-43-g981f950-2026.04.04.12.27_amd64-2026-04-04T12:27:35Z.build,ros-one-mbf-utility_0.4.0-43-g981f950-2026.04.04.12.27_amd64.deb,ros-one-mbf-utility_0.4.0-43-g981f950-2026.04.04.12.27_amd64.files
mbf_abstract_nav,0.4.0-43-g981f950-2026.04.04.12.33,https://github.com/naturerobots/move_base_flex/tree/master,success,mbf_abstract_nav_0.4.0-43-g981f950-2026.04.04.12.33-bloom_generate.log,ros-one-mbf-abstract-nav_0.4.0-43-g981f950-2026.04.04.12.33_amd64-2026-04-04T12:33:16Z.build,ros-one-mbf-abstract-nav_0.4.0-43-g981f950-2026.04.04.12.33_amd64.deb,ros-one-mbf-abstract-nav_0.4.0-43-g981f950-2026.04.04.12.33_amd64.files
mbf_costmap_core,0.4.0-43-g981f950-2026.04.04.12.39,https://github.com/naturerobots/move_base_flex/tree/master,success,mbf_costmap_core_0.4.0-43-g981f950-2026.04.04.12.39-bloom_generate.log,ros-one-mbf-costmap-core_0.4.0-43-g981f950-2026.04.04.12.39_amd64-2026-04-04T12:39:38Z.build,ros-one-mbf-costmap-core_0.4.0-43-g981f950-2026.04.04.12.39_amd64.deb,ros-one-mbf-costmap-core_0.4.0-43-g981f950-2026.04.04.12.39_amd64.files
mbf_costmap_nav,0.4.0-43-g981f950-2026.04.04.12.44,https://github.com/naturerobots/move_base_flex/tree/master,success,mbf_costmap_nav_0.4.0-43-g981f950-2026.04.04.12.44-bloom_generate.log,ros-one-mbf-costmap-nav_0.4.0-43-g981f950-2026.04.04.12.44_amd64-2026-04-04T12:44:40Z.build,ros-one-mbf-costmap-nav_0.4.0-43-g981f950-2026.04.04.12.44_amd64.deb,ros-one-mbf-costmap-nav_0.4.0-43-g981f950-2026.04.04.12.44_amd64.files
mbf_simple_nav,0.4.0-43-g981f950-2026.04.04.12.50,https://github.com/naturerobots/move_base_flex/tree/master,success,mbf_simple_nav_0.4.0-43-g981f950-2026.04.04.12.50-bloom_generate.log,ros-one-mbf-simple-nav_0.4.0-43-g981f950-2026.04.04.12.50_amd64-2026-04-04T12:50:34Z.build,ros-one-mbf-simple-nav_0.4.0-43-g981f950-2026.04.04.12.50_amd64.deb,ros-one-mbf-simple-nav_0.4.0-43-g981f950-2026.04.04.12.50_amd64.files
move_base_flex,0.4.0-43-g981f950-2026.04.04.12.56,https://github.com/naturerobots/move_base_flex/tree/master,success,move_base_flex_0.4.0-43-g981f950-2026.04.04.12.56-bloom_generate.log,ros-one-move-base-flex_0.4.0-43-g981f950-2026.04.04.12.56_amd64-2026-04-04T12:56:30Z.build,ros-one-move-base-flex_0.4.0-43-g981f950-2026.04.04.12.56_amd64.deb,ros-one-move-base-flex_0.4.0-43-g981f950-2026.04.04.12.56_amd64.files
qb_device,0-2026.04.04.13.01,https://github.com/ros-o/qbdevice-ros/tree/obese-devel,success,qb_device_0-2026.04.04.13.01-bloom_generate.log,ros-one-qb-device_0-2026.04.04.13.01_amd64-2026-04-04T13:01:12Z.build,ros-one-qb-device_0-2026.04.04.13.01_amd64.deb,ros-one-qb-device_0-2026.04.04.13.01_amd64.files
qb_device_bringup,0-2026.04.04.13.05,https://github.com/ros-o/qbdevice-ros/tree/obese-devel,success,qb_device_bringup_0-2026.04.04.13.05-bloom_generate.log,ros-one-qb-device-bringup_0-2026.04.04.13.05_amd64-2026-04-04T13:05:53Z.build,ros-one-qb-device-bringup_0-2026.04.04.13.05_amd64.deb,ros-one-qb-device-bringup_0-2026.04.04.13.05_amd64.files
qb_device_description,0-2026.04.04.13.10,https://github.com/ros-o/qbdevice-ros/tree/obese-devel,success,qb_device_description_0-2026.04.04.13.10-bloom_generate.log,ros-one-qb-device-description_0-2026.04.04.13.10_amd64-2026-04-04T13:10:35Z.build,ros-one-qb-device-description_0-2026.04.04.13.10_amd64.deb,ros-one-qb-device-description_0-2026.04.04.13.10_amd64.files
qb_device_gazebo,0-2026.04.04.13.15,https://github.com/ros-o/qbdevice-ros/tree/obese-devel,failed-sbuild,qb_device_gazebo_0-2026.04.04.13.15-bloom_generate.log,ros-one-qb-device-gazebo_0-2026.04.04.13.15_amd64-2026-04-04T13:15:18Z.build,,
qb_device_msgs,0-2026.04.04.13.19,https://github.com/ros-o/qbdevice-ros/tree/obese-devel,success,qb_device_msgs_0-2026.04.04.13.19-bloom_generate.log,ros-one-qb-device-msgs_0-2026.04.04.13.19_amd64-2026-04-04T13:19:33Z.build,ros-one-qb-device-msgs_0-2026.04.04.13.19_amd64.deb,ros-one-qb-device-msgs_0-2026.04.04.13.19_amd64.files
qb_device_srvs,0-2026.04.04.13.24,https://github.com/ros-o/qbdevice-ros/tree/obese-devel,success,qb_device_srvs_0-2026.04.04.13.24-bloom_generate.log,ros-one-qb-device-srvs_0-2026.04.04.13.24_amd64-2026-04-04T13:24:21Z.build,ros-one-qb-device-srvs_0-2026.04.04.13.24_amd64.deb,ros-one-qb-device-srvs_0-2026.04.04.13.24_amd64.files
qb_device_hardware_interface,0-2026.04.04.13.29,https://github.com/ros-o/qbdevice-ros/tree/obese-devel,success,qb_device_hardware_interface_0-2026.04.04.13.29-bloom_generate.log,ros-one-qb-device-hardware-interface_0-2026.04.04.13.29_amd64-2026-04-04T13:29:12Z.build,ros-one-qb-device-hardware-interface_0-2026.04.04.13.29_amd64.deb,ros-one-qb-device-hardware-interface_0-2026.04.04.13.29_amd64.files
qb_device_utils,0-2026.04.04.13.34,https://github.com/ros-o/qbdevice-ros/tree/obese-devel,success,qb_device_utils_0-2026.04.04.13.34-bloom_generate.log,ros-one-qb-device-utils_0-2026.04.04.13.34_amd64-2026-04-04T13:34:22Z.build,ros-one-qb-device-utils_0-2026.04.04.13.34_amd64.deb,ros-one-qb-device-utils_0-2026.04.04.13.34_amd64.files
qb_device_control,0-2026.04.04.13.39,https://github.com/ros-o/qbdevice-ros/tree/obese-devel,success,qb_device_control_0-2026.04.04.13.39-bloom_generate.log,ros-one-qb-device-control_0-2026.04.04.13.39_amd64-2026-04-04T13:39:14Z.build,ros-one-qb-device-control_0-2026.04.04.13.39_amd64.deb,ros-one-qb-device-control_0-2026.04.04.13.39_amd64.files
qb_device_driver,0-2026.04.04.13.44,https://github.com/ros-o/qbdevice-ros/tree/obese-devel,success,qb_device_driver_0-2026.04.04.13.44-bloom_generate.log,ros-one-qb-device-driver_0-2026.04.04.13.44_amd64-2026-04-04T13:44:47Z.build,ros-one-qb-device-driver_0-2026.04.04.13.44_amd64.deb,ros-one-qb-device-driver_0-2026.04.04.13.44_amd64.files
ethercat_trigger_controllers,1.10.18-3-g8e8dfa0-2026.04.04.10.24,https://github.com/pr2/pr2_controllers/tree/melodic-devel,success,ethercat_trigger_controllers_1.10.18-3-g8e8dfa0-2026.04.04.10.24-bloom_generate.log,ros-one-ethercat-trigger-controllers_1.10.18-3-g8e8dfa0-2026.04.04.10.24_amd64-2026-04-04T10:24:44Z.build,ros-one-ethercat-trigger-controllers_1.10.18-3-g8e8dfa0-2026.04.04.10.24_amd64.deb,ros-one-ethercat-trigger-controllers_1.10.18-3-g8e8dfa0-2026.04.04.10.24_amd64.files
grid_map,1.6.4-75-gdc7c918-2026.04.04.10.29,https://github.com/ros-o/grid_map/tree/obese-devel,success,grid_map_1.6.4-75-gdc7c918-2026.04.04.10.29-bloom_generate.log,ros-one-grid-map_1.6.4-75-gdc7c918-2026.04.04.10.29_amd64-2026-04-04T10:29:35Z.build,ros-one-grid-map_1.6.4-75-gdc7c918-2026.04.04.10.29_amd64.deb,ros-one-grid-map_1.6.4-75-gdc7c918-2026.04.04.10.29_amd64.files
grid_map_core,1.6.4-75-gdc7c918-2026.04.04.10.34,https://github.com/ros-o/grid_map/tree/obese-devel,success,grid_map_core_1.6.4-75-gdc7c918-2026.04.04.10.34-bloom_generate.log,ros-one-grid-map-core_1.6.4-75-gdc7c918-2026.04.04.10.34_amd64-2026-04-04T10:34:01Z.build,ros-one-grid-map-core_1.6.4-75-gdc7c918-2026.04.04.10.34_amd64.deb,ros-one-grid-map-core_1.6.4-75-gdc7c918-2026.04.04.10.34_amd64.files
grid_map_costmap_2d,1.6.4-75-gdc7c918-2026.04.04.10.38,https://github.com/ros-o/grid_map/tree/obese-devel,success,grid_map_costmap_2d_1.6.4-75-gdc7c918-2026.04.04.10.38-bloom_generate.log,ros-one-grid-map-costmap-2d_1.6.4-75-gdc7c918-2026.04.04.10.38_amd64-2026-04-04T10:38:49Z.build,ros-one-grid-map-costmap-2d_1.6.4-75-gdc7c918-2026.04.04.10.38_amd64.deb,ros-one-grid-map-costmap-2d_1.6.4-75-gdc7c918-2026.04.04.10.38_amd64.files
grid_map_cv,1.6.4-75-gdc7c918-2026.04.04.10.43,https://github.com/ros-o/grid_map/tree/obese-devel,success,grid_map_cv_1.6.4-75-gdc7c918-2026.04.04.10.43-bloom_generate.log,ros-one-grid-map-cv_1.6.4-75-gdc7c918-2026.04.04.10.43_amd64-2026-04-04T10:43:38Z.build,ros-one-grid-map-cv_1.6.4-75-gdc7c918-2026.04.04.10.43_amd64.deb,ros-one-grid-map-cv_1.6.4-75-gdc7c918-2026.04.04.10.43_amd64.files
grid_map_msgs,1.6.4-75-gdc7c918-2026.04.04.10.48,https://github.com/ros-o/grid_map/tree/obese-devel,success,grid_map_msgs_1.6.4-75-gdc7c918-2026.04.04.10.48-bloom_generate.log,ros-one-grid-map-msgs_1.6.4-75-gdc7c918-2026.04.04.10.48_amd64-2026-04-04T10:48:58Z.build,ros-one-grid-map-msgs_1.6.4-75-gdc7c918-2026.04.04.10.48_amd64.deb,ros-one-grid-map-msgs_1.6.4-75-gdc7c918-2026.04.04.10.48_amd64.files
grid_map_octomap,1.6.4-75-gdc7c918-2026.04.04.10.53,https://github.com/ros-o/grid_map/tree/obese-devel,success,grid_map_octomap_1.6.4-75-gdc7c918-2026.04.04.10.53-bloom_generate.log,ros-one-grid-map-octomap_1.6.4-75-gdc7c918-2026.04.04.10.53_amd64-2026-04-04T10:53:38Z.build,ros-one-grid-map-octomap_1.6.4-75-gdc7c918-2026.04.04.10.53_amd64.deb,ros-one-grid-map-octomap_1.6.4-75-gdc7c918-2026.04.04.10.53_amd64.files
grid_map_sdf,1.6.4-75-gdc7c918-2026.04.04.10.58,https://github.com/ros-o/grid_map/tree/obese-devel,success,grid_map_sdf_1.6.4-75-gdc7c918-2026.04.04.10.58-bloom_generate.log,ros-one-grid-map-sdf_1.6.4-75-gdc7c918-2026.04.04.10.58_amd64-2026-04-04T10:58:13Z.build,ros-one-grid-map-sdf_1.6.4-75-gdc7c918-2026.04.04.10.58_amd64.deb,ros-one-grid-map-sdf_1.6.4-75-gdc7c918-2026.04.04.10.58_amd64.files
grid_map_ros,1.6.4-75-gdc7c918-2026.04.04.11.02,https://github.com/ros-o/grid_map/tree/obese-devel,success,grid_map_ros_1.6.4-75-gdc7c918-2026.04.04.11.02-bloom_generate.log,ros-one-grid-map-ros_1.6.4-75-gdc7c918-2026.04.04.11.02_amd64-2026-04-04T11:02:48Z.build,ros-one-grid-map-ros_1.6.4-75-gdc7c918-2026.04.04.11.02_amd64.deb,ros-one-grid-map-ros_1.6.4-75-gdc7c918-2026.04.04.11.02_amd64.files
grid_map_filters,1.6.4-75-gdc7c918-2026.04.04.11.08,https://github.com/ros-o/grid_map/tree/obese-devel,success,grid_map_filters_1.6.4-75-gdc7c918-2026.04.04.11.08-bloom_generate.log,ros-one-grid-map-filters_1.6.4-75-gdc7c918-2026.04.04.11.08_amd64-2026-04-04T11:08:20Z.build,ros-one-grid-map-filters_1.6.4-75-gdc7c918-2026.04.04.11.08_amd64.deb,ros-one-grid-map-filters_1.6.4-75-gdc7c918-2026.04.04.11.08_amd64.files
grid_map_loader,1.6.4-75-gdc7c918-2026.04.04.11.14,https://github.com/ros-o/grid_map/tree/obese-devel,success,grid_map_loader_1.6.4-75-gdc7c918-2026.04.04.11.14-bloom_generate.log,ros-one-grid-map-loader_1.6.4-75-gdc7c918-2026.04.04.11.14_amd64-2026-04-04T11:14:44Z.build,ros-one-grid-map-loader_1.6.4-75-gdc7c918-2026.04.04.11.14_amd64.deb,ros-one-grid-map-loader_1.6.4-75-gdc7c918-2026.04.04.11.14_amd64.files
grid_map_pcl,1.6.4-75-gdc7c918-2026.04.04.11.20,https://github.com/ros-o/grid_map/tree/obese-devel,success,grid_map_pcl_1.6.4-75-gdc7c918-2026.04.04.11.20-bloom_generate.log,ros-one-grid-map-pcl_1.6.4-75-gdc7c918-2026.04.04.11.20_amd64-2026-04-04T11:20:09Z.build,ros-one-grid-map-pcl_1.6.4-75-gdc7c918-2026.04.04.11.20_amd64.deb,ros-one-grid-map-pcl_1.6.4-75-gdc7c918-2026.04.04.11.20_amd64.files
grid_map_rviz_plugin,1.6.4-75-gdc7c918-2026.04.04.11.26,https://github.com/ros-o/grid_map/tree/obese-devel,success,grid_map_rviz_plugin_1.6.4-75-gdc7c918-2026.04.04.11.26-bloom_generate.log,ros-one-grid-map-rviz-plugin_1.6.4-75-gdc7c918-2026.04.04.11.26_amd64-2026-04-04T11:26:31Z.build,ros-one-grid-map-rviz-plugin_1.6.4-75-gdc7c918-2026.04.04.11.26_amd64.deb,ros-one-grid-map-rviz-plugin_1.6.4-75-gdc7c918-2026.04.04.11.26_amd64.files
grid_map_visualization,1.6.4-75-gdc7c918-2026.04.04.11.33,https://github.com/ros-o/grid_map/tree/obese-devel,success,grid_map_visualization_1.6.4-75-gdc7c918-2026.04.04.11.33-bloom_generate.log,ros-one-grid-map-visualization_1.6.4-75-gdc7c918-2026.04.04.11.33_amd64-2026-04-04T11:33:25Z.build,ros-one-grid-map-visualization_1.6.4-75-gdc7c918-2026.04.04.11.33_amd64.deb,ros-one-grid-map-visualization_1.6.4-75-gdc7c918-2026.04.04.11.33_amd64.files
grid_map_demos,1.6.4-75-gdc7c918-2026.04.04.11.39,https://github.com/ros-o/grid_map/tree/obese-devel,success,grid_map_demos_1.6.4-75-gdc7c918-2026.04.04.11.39-bloom_generate.log,ros-one-grid-map-demos_1.6.4-75-gdc7c918-2026.04.04.11.39_amd64-2026-04-04T11:39:07Z.build,ros-one-grid-map-demos_1.6.4-75-gdc7c918-2026.04.04.11.39_amd64.deb,ros-one-grid-map-demos_1.6.4-75-gdc7c918-2026.04.04.11.39_amd64.files
hector_geotiff_launch,0.5.2-6-gf0f1eb2-2026.04.04.11.45,https://github.com/tu-darmstadt-ros-pkg/hector_slam/tree/noetic-devel,success,hector_geotiff_launch_0.5.2-6-gf0f1eb2-2026.04.04.11.45-bloom_generate.log,ros-one-hector-geotiff-launch_0.5.2-6-gf0f1eb2-2026.04.04.11.45_amd64-2026-04-04T11:45:38Z.build,ros-one-hector-geotiff-launch_0.5.2-6-gf0f1eb2-2026.04.04.11.45_amd64.deb,ros-one-hector-geotiff-launch_0.5.2-6-gf0f1eb2-2026.04.04.11.45_amd64.files
hector_imu_attitude_to_tf,0.5.2-6-gf0f1eb2-2026.04.04.11.50,https://github.com/tu-darmstadt-ros-pkg/hector_slam/tree/noetic-devel,success,hector_imu_attitude_to_tf_0.5.2-6-gf0f1eb2-2026.04.04.11.50-bloom_generate.log,ros-one-hector-imu-attitude-to-tf_0.5.2-6-gf0f1eb2-2026.04.04.11.50_amd64-2026-04-04T11:50:13Z.build,ros-one-hector-imu-attitude-to-tf_0.5.2-6-gf0f1eb2-2026.04.04.11.50_amd64.deb,ros-one-hector-imu-attitude-to-tf_0.5.2-6-gf0f1eb2-2026.04.04.11.50_amd64.files
hector_imu_tools,0.5.2-6-gf0f1eb2-2026.04.04.11.55,https://github.com/tu-darmstadt-ros-pkg/hector_slam/tree/noetic-devel,success,hector_imu_tools_0.5.2-6-gf0f1eb2-2026.04.04.11.55-bloom_generate.log,ros-one-hector-imu-tools_0.5.2-6-gf0f1eb2-2026.04.04.11.55_amd64-2026-04-04T11:55:18Z.build,ros-one-hector-imu-tools_0.5.2-6-gf0f1eb2-2026.04.04.11.55_amd64.deb,ros-one-hector-imu-tools_0.5.2-6-gf0f1eb2-2026.04.04.11.55_amd64.files
hector_map_tools,0.5.2-6-gf0f1eb2-2026.04.04.12.00,https://github.com/tu-darmstadt-ros-pkg/hector_slam/tree/noetic-devel,success,hector_map_tools_0.5.2-6-gf0f1eb2-2026.04.04.12.00-bloom_generate.log,ros-one-hector-map-tools_0.5.2-6-gf0f1eb2-2026.04.04.12.00_amd64-2026-04-04T12:00:22Z.build,ros-one-hector-map-tools_0.5.2-6-gf0f1eb2-2026.04.04.12.00_amd64.deb,ros-one-hector-map-tools_0.5.2-6-gf0f1eb2-2026.04.04.12.00_amd64.files
hector_compressed_map_transport,0.5.2-6-gf0f1eb2-2026.04.04.12.04,https://github.com/tu-darmstadt-ros-pkg/hector_slam/tree/noetic-devel,success,hector_compressed_map_transport_0.5.2-6-gf0f1eb2-2026.04.04.12.04-bloom_generate.log,ros-one-hector-compressed-map-transport_0.5.2-6-gf0f1eb2-2026.04.04.12.04_amd64-2026-04-04T12:05:00Z.build,ros-one-hector-compressed-map-transport_0.5.2-6-gf0f1eb2-2026.04.04.12.04_amd64.deb,ros-one-hector-compressed-map-transport_0.5.2-6-gf0f1eb2-2026.04.04.12.04_amd64.files
hector_mapping,0.5.2-6-gf0f1eb2-2026.04.04.12.10,https://github.com/tu-darmstadt-ros-pkg/hector_slam/tree/noetic-devel,success,hector_mapping_0.5.2-6-gf0f1eb2-2026.04.04.12.10-bloom_generate.log,ros-one-hector-mapping_0.5.2-6-gf0f1eb2-2026.04.04.12.10_amd64-2026-04-04T12:10:21Z.build,ros-one-hector-mapping_0.5.2-6-gf0f1eb2-2026.04.04.12.10_amd64.deb,ros-one-hector-mapping_0.5.2-6-gf0f1eb2-2026.04.04.12.10_amd64.files
hector_marker_drawing,0.5.2-6-gf0f1eb2-2026.04.04.12.16,https://github.com/tu-darmstadt-ros-pkg/hector_slam/tree/noetic-devel,success,hector_marker_drawing_0.5.2-6-gf0f1eb2-2026.04.04.12.16-bloom_generate.log,ros-one-hector-marker-drawing_0.5.2-6-gf0f1eb2-2026.04.04.12.16_amd64-2026-04-04T12:16:02Z.build,ros-one-hector-marker-drawing_0.5.2-6-gf0f1eb2-2026.04.04.12.16_amd64.deb,ros-one-hector-marker-drawing_0.5.2-6-gf0f1eb2-2026.04.04.12.16_amd64.files
hector_nav_msgs,0.5.2-6-gf0f1eb2-2026.04.04.12.20,https://github.com/tu-darmstadt-ros-pkg/hector_slam/tree/noetic-devel,success,hector_nav_msgs_0.5.2-6-gf0f1eb2-2026.04.04.12.20-bloom_generate.log,ros-one-hector-nav-msgs_0.5.2-6-gf0f1eb2-2026.04.04.12.20_amd64-2026-04-04T12:20:43Z.build,ros-one-hector-nav-msgs_0.5.2-6-gf0f1eb2-2026.04.04.12.20_amd64.deb,ros-one-hector-nav-msgs_0.5.2-6-gf0f1eb2-2026.04.04.12.20_amd64.files
hector_geotiff,0.5.2-6-gf0f1eb2-2026.04.04.12.25,https://github.com/tu-darmstadt-ros-pkg/hector_slam/tree/noetic-devel,success,hector_geotiff_0.5.2-6-gf0f1eb2-2026.04.04.12.25-bloom_generate.log,ros-one-hector-geotiff_0.5.2-6-gf0f1eb2-2026.04.04.12.25_amd64-2026-04-04T12:25:33Z.build,ros-one-hector-geotiff_0.5.2-6-gf0f1eb2-2026.04.04.12.25_amd64.deb,ros-one-hector-geotiff_0.5.2-6-gf0f1eb2-2026.04.04.12.25_amd64.files
hector_geotiff_plugins,0.5.2-6-gf0f1eb2-2026.04.04.12.30,https://github.com/tu-darmstadt-ros-pkg/hector_slam/tree/noetic-devel,success,hector_geotiff_plugins_0.5.2-6-gf0f1eb2-2026.04.04.12.30-bloom_generate.log,ros-one-hector-geotiff-plugins_0.5.2-6-gf0f1eb2-2026.04.04.12.30_amd64-2026-04-04T12:30:55Z.build,ros-one-hector-geotiff-plugins_0.5.2-6-gf0f1eb2-2026.04.04.12.30_amd64.deb,ros-one-hector-geotiff-plugins_0.5.2-6-gf0f1eb2-2026.04.04.12.30_amd64.files
hector_map_server,0.5.2-6-gf0f1eb2-2026.04.04.12.36,https://github.com/tu-darmstadt-ros-pkg/hector_slam/tree/noetic-devel,success,hector_map_server_0.5.2-6-gf0f1eb2-2026.04.04.12.36-bloom_generate.log,ros-one-hector-map-server_0.5.2-6-gf0f1eb2-2026.04.04.12.36_amd64-2026-04-04T12:36:07Z.build,ros-one-hector-map-server_0.5.2-6-gf0f1eb2-2026.04.04.12.36_amd64.deb,ros-one-hector-map-server_0.5.2-6-gf0f1eb2-2026.04.04.12.36_amd64.files
hector_slam,0.5.2-6-gf0f1eb2-2026.04.04.12.41,https://github.com/tu-darmstadt-ros-pkg/hector_slam/tree/noetic-devel,success,hector_slam_0.5.2-6-gf0f1eb2-2026.04.04.12.41-bloom_generate.log,ros-one-hector-slam_0.5.2-6-gf0f1eb2-2026.04.04.12.41_amd64-2026-04-04T12:41:35Z.build,ros-one-hector-slam_0.5.2-6-gf0f1eb2-2026.04.04.12.41_amd64.deb,ros-one-hector-slam_0.5.2-6-gf0f1eb2-2026.04.04.12.41_amd64.files
hector_slam_launch,0.5.2-6-gf0f1eb2-2026.04.04.12.46,https://github.com/tu-darmstadt-ros-pkg/hector_slam/tree/noetic-devel,success,hector_slam_launch_0.5.2-6-gf0f1eb2-2026.04.04.12.46-bloom_generate.log,ros-one-hector-slam-launch_0.5.2-6-gf0f1eb2-2026.04.04.12.46_amd64-2026-04-04T12:46:21Z.build,ros-one-hector-slam-launch_0.5.2-6-gf0f1eb2-2026.04.04.12.46_amd64.deb,ros-one-hector-slam-launch_0.5.2-6-gf0f1eb2-2026.04.04.12.46_amd64.files
hector_trajectory_server,0.5.2-6-gf0f1eb2-2026.04.04.12.51,https://github.com/tu-darmstadt-ros-pkg/hector_slam/tree/noetic-devel,success,hector_trajectory_server_0.5.2-6-gf0f1eb2-2026.04.04.12.51-bloom_generate.log,ros-one-hector-trajectory-server_0.5.2-6-gf0f1eb2-2026.04.04.12.51_amd64-2026-04-04T12:51:07Z.build,ros-one-hector-trajectory-server_0.5.2-6-gf0f1eb2-2026.04.04.12.51_amd64.deb,ros-one-hector-trajectory-server_0.5.2-6-gf0f1eb2-2026.04.04.12.51_amd64.files
openni2_camera,0-2026.04.04.12.56,https://github.com/ros-o/openni2_camera/tree/obese-devel,success,openni2_camera_0-2026.04.04.12.56-bloom_generate.log,ros-one-openni2-camera_0-2026.04.04.12.56_amd64-2026-04-04T12:56:22Z.build,ros-one-openni2-camera_0-2026.04.04.12.56_amd64.deb,ros-one-openni2-camera_0-2026.04.04.12.56_amd64.files
openni2_launch,0-2026.04.04.13.01,https://github.com/ros-o/openni2_camera/tree/obese-devel,success,openni2_launch_0-2026.04.04.13.01-bloom_generate.log,ros-one-openni2-launch_0-2026.04.04.13.01_amd64-2026-04-04T13:01:50Z.build,ros-one-openni2-launch_0-2026.04.04.13.01_amd64.deb,ros-one-openni2-launch_0-2026.04.04.13.01_amd64.files
pr2_controllers,1.10.18-3-g8e8dfa0-2026.04.04.13.06,https://github.com/pr2/pr2_controllers/tree/melodic-devel,success,pr2_controllers_1.10.18-3-g8e8dfa0-2026.04.04.13.06-bloom_generate.log,ros-one-pr2-controllers_1.10.18-3-g8e8dfa0-2026.04.04.13.06_amd64-2026-04-04T13:06:45Z.build,ros-one-pr2-controllers_1.10.18-3-g8e8dfa0-2026.04.04.13.06_amd64.deb,ros-one-pr2-controllers_1.10.18-3-g8e8dfa0-2026.04.04.13.06_amd64.files
pr2_controllers_msgs,1.10.18-3-g8e8dfa0-2026.04.04.13.11,https://github.com/pr2/pr2_controllers/tree/melodic-devel,success,pr2_controllers_msgs_1.10.18-3-g8e8dfa0-2026.04.04.13.11-bloom_generate.log,ros-one-pr2-controllers-msgs_1.10.18-3-g8e8dfa0-2026.04.04.13.11_amd64-2026-04-04T13:11:35Z.build,ros-one-pr2-controllers-msgs_1.10.18-3-g8e8dfa0-2026.04.04.13.11_amd64.deb,ros-one-pr2-controllers-msgs_1.10.18-3-g8e8dfa0-2026.04.04.13.11_amd64.files
joint_trajectory_action,1.10.18-3-g8e8dfa0-2026.04.04.13.16,https://github.com/pr2/pr2_controllers/tree/melodic-devel,success,joint_trajectory_action_1.10.18-3-g8e8dfa0-2026.04.04.13.16-bloom_generate.log,ros-one-joint-trajectory-action_1.10.18-3-g8e8dfa0-2026.04.04.13.16_amd64-2026-04-04T13:16:34Z.build,ros-one-joint-trajectory-action_1.10.18-3-g8e8dfa0-2026.04.04.13.16_amd64.deb,ros-one-joint-trajectory-action_1.10.18-3-g8e8dfa0-2026.04.04.13.16_amd64.files
pr2_head_action,1.10.18-3-g8e8dfa0-2026.04.04.13.21,https://github.com/pr2/pr2_controllers/tree/melodic-devel,success,pr2_head_action_1.10.18-3-g8e8dfa0-2026.04.04.13.21-bloom_generate.log,ros-one-pr2-head-action_1.10.18-3-g8e8dfa0-2026.04.04.13.21_amd64-2026-04-04T13:21:43Z.build,ros-one-pr2-head-action_1.10.18-3-g8e8dfa0-2026.04.04.13.21_amd64.deb,ros-one-pr2-head-action_1.10.18-3-g8e8dfa0-2026.04.04.13.21_amd64.files
robot_mechanism_controllers,1.10.18-3-g8e8dfa0-2026.04.04.13.27,https://github.com/pr2/pr2_controllers/tree/melodic-devel,success,robot_mechanism_controllers_1.10.18-3-g8e8dfa0-2026.04.04.13.27-bloom_generate.log,ros-one-robot-mechanism-controllers_1.10.18-3-g8e8dfa0-2026.04.04.13.27_amd64-2026-04-04T13:27:06Z.build,ros-one-robot-mechanism-controllers_1.10.18-3-g8e8dfa0-2026.04.04.13.27_amd64.deb,ros-one-robot-mechanism-controllers_1.10.18-3-g8e8dfa0-2026.04.04.13.27_amd64.files
pr2_mechanism_controllers,1.10.18-3-g8e8dfa0-2026.04.04.13.33,https://github.com/pr2/pr2_controllers/tree/melodic-devel,success,pr2_mechanism_controllers_1.10.18-3-g8e8dfa0-2026.04.04.13.33-bloom_generate.log,ros-one-pr2-mechanism-controllers_1.10.18-3-g8e8dfa0-2026.04.04.13.33_amd64-2026-04-04T13:33:04Z.build,ros-one-pr2-mechanism-controllers_1.10.18-3-g8e8dfa0-2026.04.04.13.33_amd64.deb,ros-one-pr2-mechanism-controllers_1.10.18-3-g8e8dfa0-2026.04.04.13.33_amd64.files
pr2_calibration_controllers,1.10.18-3-g8e8dfa0-2026.04.04.13.38,https://github.com/pr2/pr2_controllers/tree/melodic-devel,success,pr2_calibration_controllers_1.10.18-3-g8e8dfa0-2026.04.04.13.38-bloom_generate.log,ros-one-pr2-calibration-controllers_1.10.18-3-g8e8dfa0-2026.04.04.13.38_amd64-2026-04-04T13:38:45Z.build,ros-one-pr2-calibration-controllers_1.10.18-3-g8e8dfa0-2026.04.04.13.38_amd64.deb,ros-one-pr2-calibration-controllers_1.10.18-3-g8e8dfa0-2026.04.04.13.38_amd64.files
pr2_gripper_action,1.10.18-3-g8e8dfa0-2026.04.04.13.44,https://github.com/pr2/pr2_controllers/tree/melodic-devel,success,pr2_gripper_action_1.10.18-3-g8e8dfa0-2026.04.04.13.44-bloom_generate.log,ros-one-pr2-gripper-action_1.10.18-3-g8e8dfa0-2026.04.04.13.44_amd64-2026-04-04T13:44:09Z.build,ros-one-pr2-gripper-action_1.10.18-3-g8e8dfa0-2026.04.04.13.44_amd64.deb,ros-one-pr2-gripper-action_1.10.18-3-g8e8dfa0-2026.04.04.13.44_amd64.files
single_joint_position_action,1.10.18-3-g8e8dfa0-2026.04.04.13.49,https://github.com/pr2/pr2_controllers/tree/melodic-devel,success,single_joint_position_action_1.10.18-3-g8e8dfa0-2026.04.04.13.49-bloom_generate.log,ros-one-single-joint-position-action_1.10.18-3-g8e8dfa0-2026.04.04.13.49_amd64-2026-04-04T13:49:21Z.build,ros-one-single-joint-position-action_1.10.18-3-g8e8dfa0-2026.04.04.13.49_amd64.deb,ros-one-single-joint-position-action_1.10.18-3-g8e8dfa0-2026.04.04.13.49_amd64.files
easy_markers,0.3.1-2026.04.04.10.24,https://github.com/DLu/wu_ros_tools/tree/noetic,success,easy_markers_0.3.1-2026.04.04.10.24-bloom_generate.log,ros-one-easy-markers_0.3.1-2026.04.04.10.24_amd64-2026-04-04T10:25:02Z.build,ros-one-easy-markers_0.3.1-2026.04.04.10.24_amd64.deb,ros-one-easy-markers_0.3.1-2026.04.04.10.24_amd64.files
ethercat_hardware,1.9.0-5-g80a45bf-2026.04.04.10.30,https://github.com/pr2/pr2_ethercat_drivers/tree/kinetic-devel,success,ethercat_hardware_1.9.0-5-g80a45bf-2026.04.04.10.30-bloom_generate.log,ros-one-ethercat-hardware_1.9.0-5-g80a45bf-2026.04.04.10.30_amd64-2026-04-04T10:30:01Z.build,ros-one-ethercat-hardware_1.9.0-5-g80a45bf-2026.04.04.10.30_amd64.deb,ros-one-ethercat-hardware_1.9.0-5-g80a45bf-2026.04.04.10.30_amd64.files
fingertip_pressure,1.9.0-5-g80a45bf-2026.04.04.10.36,https://github.com/pr2/pr2_ethercat_drivers/tree/kinetic-devel,success,fingertip_pressure_1.9.0-5-g80a45bf-2026.04.04.10.36-bloom_generate.log,ros-one-fingertip-pressure_1.9.0-5-g80a45bf-2026.04.04.10.36_amd64-2026-04-04T10:36:13Z.build,ros-one-fingertip-pressure_1.9.0-5-g80a45bf-2026.04.04.10.36_amd64.deb,ros-one-fingertip-pressure_1.9.0-5-g80a45bf-2026.04.04.10.36_amd64.files
flir_camera_description,0.2.5-1-gfe5cb56-2026.04.04.10.41,https://github.com/ros-drivers/flir_camera_driver/tree/noetic-devel,success,flir_camera_description_0.2.5-1-gfe5cb56-2026.04.04.10.41-bloom_generate.log,ros-one-flir-camera-description_0.2.5-1-gfe5cb56-2026.04.04.10.41_amd64-2026-04-04T10:41:08Z.build,ros-one-flir-camera-description_0.2.5-1-gfe5cb56-2026.04.04.10.41_amd64.deb,ros-one-flir-camera-description_0.2.5-1-gfe5cb56-2026.04.04.10.41_amd64.files
flir_camera_driver,0.2.5-1-gfe5cb56-2026.04.04.10.45,https://github.com/ros-drivers/flir_camera_driver/tree/noetic-devel,success,flir_camera_driver_0.2.5-1-gfe5cb56-2026.04.04.10.45-bloom_generate.log,ros-one-flir-camera-driver_0.2.5-1-gfe5cb56-2026.04.04.10.45_amd64-2026-04-04T10:45:49Z.build,ros-one-flir-camera-driver_0.2.5-1-gfe5cb56-2026.04.04.10.45_amd64.deb,ros-one-flir-camera-driver_0.2.5-1-gfe5cb56-2026.04.04.10.45_amd64.files
imu_complementary_filter,1.2.7-4-gc6118a2-2026.04.04.10.50,https://github.com/CCNYRoboticsLab/imu_tools/tree/noetic,success,imu_complementary_filter_1.2.7-4-gc6118a2-2026.04.04.10.50-bloom_generate.log,ros-one-imu-complementary-filter_1.2.7-4-gc6118a2-2026.04.04.10.50_amd64-2026-04-04T10:50:27Z.build,ros-one-imu-complementary-filter_1.2.7-4-gc6118a2-2026.04.04.10.50_amd64.deb,ros-one-imu-complementary-filter_1.2.7-4-gc6118a2-2026.04.04.10.50_amd64.files
imu_filter_madgwick,1.2.7-4-gc6118a2-2026.04.04.10.55,https://github.com/CCNYRoboticsLab/imu_tools/tree/noetic,success,imu_filter_madgwick_1.2.7-4-gc6118a2-2026.04.04.10.55-bloom_generate.log,ros-one-imu-filter-madgwick_1.2.7-4-gc6118a2-2026.04.04.10.55_amd64-2026-04-04T10:55:49Z.build,ros-one-imu-filter-madgwick_1.2.7-4-gc6118a2-2026.04.04.10.55_amd64.deb,ros-one-imu-filter-madgwick_1.2.7-4-gc6118a2-2026.04.04.10.55_amd64.files
imu_tools,1.2.7-4-gc6118a2-2026.04.04.11.01,https://github.com/CCNYRoboticsLab/imu_tools/tree/noetic,success,imu_tools_1.2.7-4-gc6118a2-2026.04.04.11.01-bloom_generate.log,ros-one-imu-tools_1.2.7-4-gc6118a2-2026.04.04.11.01_amd64-2026-04-04T11:01:12Z.build,ros-one-imu-tools_1.2.7-4-gc6118a2-2026.04.04.11.01_amd64.deb,ros-one-imu-tools_1.2.7-4-gc6118a2-2026.04.04.11.01_amd64.files
interactive_marker_tutorials,0-2026.04.04.11.05,https://github.com/ros-o/visualization_tutorials/tree/obese-devel,success,interactive_marker_tutorials_0-2026.04.04.11.05-bloom_generate.log,ros-one-interactive-marker-tutorials_0-2026.04.04.11.05_amd64-2026-04-04T11:05:53Z.build,ros-one-interactive-marker-tutorials_0-2026.04.04.11.05_amd64.deb,ros-one-interactive-marker-tutorials_0-2026.04.04.11.05_amd64.files
joy_listener,0.3.1-2026.04.04.11.11,https://github.com/DLu/wu_ros_tools/tree/noetic,success,joy_listener_0.3.1-2026.04.04.11.11-bloom_generate.log,ros-one-joy-listener_0.3.1-2026.04.04.11.11_amd64-2026-04-04T11:11:15Z.build,ros-one-joy-listener_0.3.1-2026.04.04.11.11_amd64.deb,ros-one-joy-listener_0.3.1-2026.04.04.11.11_amd64.files
kalman_filter,0.3.1-2026.04.04.11.16,https://github.com/DLu/wu_ros_tools/tree/noetic,success,kalman_filter_0.3.1-2026.04.04.11.16-bloom_generate.log,ros-one-kalman-filter_0.3.1-2026.04.04.11.16_amd64-2026-04-04T11:16:08Z.build,ros-one-kalman-filter_0.3.1-2026.04.04.11.16_amd64.deb,ros-one-kalman-filter_0.3.1-2026.04.04.11.16_amd64.files
laser_filtering,0.0.6-2026.04.04.11.20,https://github.com/DLu/laser_filtering/tree/noetic,success,laser_filtering_0.0.6-2026.04.04.11.20-bloom_generate.log,ros-one-laser-filtering_0.0.6-2026.04.04.11.20_amd64-2026-04-04T11:20:58Z.build,ros-one-laser-filtering_0.0.6-2026.04.04.11.20_amd64.deb,ros-one-laser-filtering_0.0.6-2026.04.04.11.20_amd64.files
librviz_tutorial,0-2026.04.04.11.25,https://github.com/ros-o/visualization_tutorials/tree/obese-devel,success,librviz_tutorial_0-2026.04.04.11.25-bloom_generate.log,ros-one-librviz-tutorial_0-2026.04.04.11.25_amd64-2026-04-04T11:25:40Z.build,ros-one-librviz-tutorial_0-2026.04.04.11.25_amd64.deb,ros-one-librviz-tutorial_0-2026.04.04.11.25_amd64.files
map_laser,0.0.6-2026.04.04.11.31,https://github.com/DLu/laser_filtering/tree/noetic,success,map_laser_0.0.6-2026.04.04.11.31-bloom_generate.log,ros-one-map-laser_0.0.6-2026.04.04.11.31_amd64-2026-04-04T11:31:16Z.build,ros-one-map-laser_0.0.6-2026.04.04.11.31_amd64.deb,ros-one-map-laser_0.0.6-2026.04.04.11.31_amd64.files
openni_camera,0-2026.04.04.11.36,https://github.com/ros-o/openni_camera/tree/obese-devel,success,openni_camera_0-2026.04.04.11.36-bloom_generate.log,ros-one-openni-camera_0-2026.04.04.11.36_amd64-2026-04-04T11:36:20Z.build,ros-one-openni-camera_0-2026.04.04.11.36_amd64.deb,ros-one-openni-camera_0-2026.04.04.11.36_amd64.files
openni_description,0-2026.04.04.11.41,https://github.com/ros-o/openni_camera/tree/obese-devel,success,openni_description_0-2026.04.04.11.41-bloom_generate.log,ros-one-openni-description_0-2026.04.04.11.41_amd64-2026-04-04T11:41:55Z.build,ros-one-openni-description_0-2026.04.04.11.41_amd64.deb,ros-one-openni-description_0-2026.04.04.11.41_amd64.files
openni_launch,0-2026.04.04.11.46,https://github.com/ros-o/openni_camera/tree/obese-devel,success,openni_launch_0-2026.04.04.11.46-bloom_generate.log,ros-one-openni-launch_0-2026.04.04.11.46_amd64-2026-04-04T11:46:46Z.build,ros-one-openni-launch_0-2026.04.04.11.46_amd64.deb,ros-one-openni-launch_0-2026.04.04.11.46_amd64.files
pr2_ethercat_drivers,1.9.0-5-g80a45bf-2026.04.04.11.51,https://github.com/pr2/pr2_ethercat_drivers/tree/kinetic-devel,success,pr2_ethercat_drivers_1.9.0-5-g80a45bf-2026.04.04.11.51-bloom_generate.log,ros-one-pr2-ethercat-drivers_1.9.0-5-g80a45bf-2026.04.04.11.51_amd64-2026-04-04T11:51:40Z.build,ros-one-pr2-ethercat-drivers_1.9.0-5-g80a45bf-2026.04.04.11.51_amd64.deb,ros-one-pr2-ethercat-drivers_1.9.0-5-g80a45bf-2026.04.04.11.51_amd64.files
rosbaglive,0.3.1-2026.04.04.11.56,https://github.com/DLu/wu_ros_tools/tree/noetic,success,rosbaglive_0.3.1-2026.04.04.11.56-bloom_generate.log,ros-one-rosbaglive_0.3.1-2026.04.04.11.56_amd64-2026-04-04T11:56:25Z.build,ros-one-rosbaglive_0.3.1-2026.04.04.11.56_amd64.deb,ros-one-rosbaglive_0.3.1-2026.04.04.11.56_amd64.files
rviz_imu_plugin,1.2.7-4-gc6118a2-2026.04.04.12.01,https://github.com/CCNYRoboticsLab/imu_tools/tree/noetic,success,rviz_imu_plugin_1.2.7-4-gc6118a2-2026.04.04.12.01-bloom_generate.log,ros-one-rviz-imu-plugin_1.2.7-4-gc6118a2-2026.04.04.12.01_amd64-2026-04-04T12:01:23Z.build,ros-one-rviz-imu-plugin_1.2.7-4-gc6118a2-2026.04.04.12.01_amd64.deb,ros-one-rviz-imu-plugin_1.2.7-4-gc6118a2-2026.04.04.12.01_amd64.files
rviz_plugin_tutorials,0-2026.04.04.12.07,https://github.com/ros-o/visualization_tutorials/tree/obese-devel,success,rviz_plugin_tutorials_0-2026.04.04.12.07-bloom_generate.log,ros-one-rviz-plugin-tutorials_0-2026.04.04.12.07_amd64-2026-04-04T12:07:18Z.build,ros-one-rviz-plugin-tutorials_0-2026.04.04.12.07_amd64.deb,ros-one-rviz-plugin-tutorials_0-2026.04.04.12.07_amd64.files
rviz_python_tutorial,0-2026.04.04.12.13,https://github.com/ros-o/visualization_tutorials/tree/obese-devel,success,rviz_python_tutorial_0-2026.04.04.12.13-bloom_generate.log,ros-one-rviz-python-tutorial_0-2026.04.04.12.13_amd64-2026-04-04T12:13:10Z.build,ros-one-rviz-python-tutorial_0-2026.04.04.12.13_amd64.deb,ros-one-rviz-python-tutorial_0-2026.04.04.12.13_amd64.files
scaled_controllers,0.1.1-5-gc040abb-2026.04.04.12.18,https://github.com/UniversalRobots/Universal_Robots_ROS_scaled_controllers/tree/main,success,scaled_controllers_0.1.1-5-gc040abb-2026.04.04.12.18-bloom_generate.log,ros-one-scaled-controllers_0.1.1-5-gc040abb-2026.04.04.12.18_amd64-2026-04-04T12:18:43Z.build,ros-one-scaled-controllers_0.1.1-5-gc040abb-2026.04.04.12.18_amd64.deb,ros-one-scaled-controllers_0.1.1-5-gc040abb-2026.04.04.12.18_amd64.files
scaled_joint_trajectory_controller,0.1.1-5-gc040abb-2026.04.04.12.23,https://github.com/UniversalRobots/Universal_Robots_ROS_scaled_controllers/tree/main,success,scaled_joint_trajectory_controller_0.1.1-5-gc040abb-2026.04.04.12.23-bloom_generate.log,ros-one-scaled-joint-trajectory-controller_0.1.1-5-gc040abb-2026.04.04.12.23_amd64-2026-04-04T12:23:34Z.build,ros-one-scaled-joint-trajectory-controller_0.1.1-5-gc040abb-2026.04.04.12.23_amd64.deb,ros-one-scaled-joint-trajectory-controller_0.1.1-5-gc040abb-2026.04.04.12.23_amd64.files
speed_scaling_interface,0.1.1-5-gc040abb-2026.04.04.12.29,https://github.com/UniversalRobots/Universal_Robots_ROS_scaled_controllers/tree/main,success,speed_scaling_interface_0.1.1-5-gc040abb-2026.04.04.12.29-bloom_generate.log,ros-one-speed-scaling-interface_0.1.1-5-gc040abb-2026.04.04.12.29_amd64-2026-04-04T12:29:10Z.build,ros-one-speed-scaling-interface_0.1.1-5-gc040abb-2026.04.04.12.29_amd64.deb,ros-one-speed-scaling-interface_0.1.1-5-gc040abb-2026.04.04.12.29_amd64.files
speed_scaling_state_controller,0.1.1-5-gc040abb-2026.04.04.12.34,https://github.com/UniversalRobots/Universal_Robots_ROS_scaled_controllers/tree/main,success,speed_scaling_state_controller_0.1.1-5-gc040abb-2026.04.04.12.34-bloom_generate.log,ros-one-speed-scaling-state-controller_0.1.1-5-gc040abb-2026.04.04.12.34_amd64-2026-04-04T12:34:06Z.build,ros-one-speed-scaling-state-controller_0.1.1-5-gc040abb-2026.04.04.12.34_amd64.deb,ros-one-speed-scaling-state-controller_0.1.1-5-gc040abb-2026.04.04.12.34_amd64.files
spinnaker_camera_driver,0.2.5-1-gfe5cb56-2026.04.04.12.39,https://github.com/ros-drivers/flir_camera_driver/tree/noetic-devel,failed-sbuild,spinnaker_camera_driver_0.2.5-1-gfe5cb56-2026.04.04.12.39-bloom_generate.log,ros-one-spinnaker-camera-driver_0.2.5-1-gfe5cb56-2026.04.04.12.39_amd64-2026-04-04T12:39:16Z.build,,
turtlebot3,1.2.5-39-g4ae959e-2026.04.04.12.44,https://github.com/ROBOTIS-GIT/turtlebot3/tree/noetic,success,turtlebot3_1.2.5-39-g4ae959e-2026.04.04.12.44-bloom_generate.log,ros-one-turtlebot3_1.2.5-39-g4ae959e-2026.04.04.12.44_amd64-2026-04-04T12:44:25Z.build,ros-one-turtlebot3_1.2.5-39-g4ae959e-2026.04.04.12.44_amd64.deb,ros-one-turtlebot3_1.2.5-39-g4ae959e-2026.04.04.12.44_amd64.files
turtlebot3_bringup,1.2.5-39-g4ae959e-2026.04.04.12.49,https://github.com/ROBOTIS-GIT/turtlebot3/tree/noetic,success,turtlebot3_bringup_1.2.5-39-g4ae959e-2026.04.04.12.49-bloom_generate.log,ros-one-turtlebot3-bringup_1.2.5-39-g4ae959e-2026.04.04.12.49_amd64-2026-04-04T12:49:10Z.build,ros-one-turtlebot3-bringup_1.2.5-39-g4ae959e-2026.04.04.12.49_amd64.deb,ros-one-turtlebot3-bringup_1.2.5-39-g4ae959e-2026.04.04.12.49_amd64.files
turtlebot3_description,1.2.5-39-g4ae959e-2026.04.04.12.54,https://github.com/ROBOTIS-GIT/turtlebot3/tree/noetic,success,turtlebot3_description_1.2.5-39-g4ae959e-2026.04.04.12.54-bloom_generate.log,ros-one-turtlebot3-description_1.2.5-39-g4ae959e-2026.04.04.12.54_amd64-2026-04-04T12:54:06Z.build,ros-one-turtlebot3-description_1.2.5-39-g4ae959e-2026.04.04.12.54_amd64.deb,ros-one-turtlebot3-description_1.2.5-39-g4ae959e-2026.04.04.12.54_amd64.files
turtlebot3_example,1.2.5-39-g4ae959e-2026.04.04.12.59,https://github.com/ROBOTIS-GIT/turtlebot3/tree/noetic,success,turtlebot3_example_1.2.5-39-g4ae959e-2026.04.04.12.59-bloom_generate.log,ros-one-turtlebot3-example_1.2.5-39-g4ae959e-2026.04.04.12.59_amd64-2026-04-04T12:59:12Z.build,ros-one-turtlebot3-example_1.2.5-39-g4ae959e-2026.04.04.12.59_amd64.deb,ros-one-turtlebot3-example_1.2.5-39-g4ae959e-2026.04.04.12.59_amd64.files
turtlebot3_navigation,1.2.5-39-g4ae959e-2026.04.04.13.04,https://github.com/ROBOTIS-GIT/turtlebot3/tree/noetic,success,turtlebot3_navigation_1.2.5-39-g4ae959e-2026.04.04.13.04-bloom_generate.log,ros-one-turtlebot3-navigation_1.2.5-39-g4ae959e-2026.04.04.13.04_amd64-2026-04-04T13:04:09Z.build,ros-one-turtlebot3-navigation_1.2.5-39-g4ae959e-2026.04.04.13.04_amd64.deb,ros-one-turtlebot3-navigation_1.2.5-39-g4ae959e-2026.04.04.13.04_amd64.files
turtlebot3_slam,1.2.5-39-g4ae959e-2026.04.04.13.08,https://github.com/ROBOTIS-GIT/turtlebot3/tree/noetic,success,turtlebot3_slam_1.2.5-39-g4ae959e-2026.04.04.13.08-bloom_generate.log,ros-one-turtlebot3-slam_1.2.5-39-g4ae959e-2026.04.04.13.08_amd64-2026-04-04T13:08:54Z.build,ros-one-turtlebot3-slam_1.2.5-39-g4ae959e-2026.04.04.13.08_amd64.deb,ros-one-turtlebot3-slam_1.2.5-39-g4ae959e-2026.04.04.13.08_amd64.files
turtlebot3_teleop,1.2.5-39-g4ae959e-2026.04.04.13.13,https://github.com/ROBOTIS-GIT/turtlebot3/tree/noetic,success,turtlebot3_teleop_1.2.5-39-g4ae959e-2026.04.04.13.13-bloom_generate.log,ros-one-turtlebot3-teleop_1.2.5-39-g4ae959e-2026.04.04.13.13_amd64-2026-04-04T13:13:48Z.build,ros-one-turtlebot3-teleop_1.2.5-39-g4ae959e-2026.04.04.13.13_amd64.deb,ros-one-turtlebot3-teleop_1.2.5-39-g4ae959e-2026.04.04.13.13_amd64.files
visualization_marker_tutorials,0-2026.04.04.13.18,https://github.com/ros-o/visualization_tutorials/tree/obese-devel,success,visualization_marker_tutorials_0-2026.04.04.13.18-bloom_generate.log,ros-one-visualization-marker-tutorials_0-2026.04.04.13.18_amd64-2026-04-04T13:18:49Z.build,ros-one-visualization-marker-tutorials_0-2026.04.04.13.18_amd64.deb,ros-one-visualization-marker-tutorials_0-2026.04.04.13.18_amd64.files
visualization_tutorials,0-2026.04.04.13.23,https://github.com/ros-o/visualization_tutorials/tree/obese-devel,success,visualization_tutorials_0-2026.04.04.13.23-bloom_generate.log,ros-one-visualization-tutorials_0-2026.04.04.13.23_amd64-2026-04-04T13:23:54Z.build,ros-one-visualization-tutorials_0-2026.04.04.13.23_amd64.deb,ros-one-visualization-tutorials_0-2026.04.04.13.23_amd64.files
wge100_camera,1.8.5-4-g9768e2e-2026.04.04.13.28,https://github.com/ros-o/wge100_driver/tree/obese-devel,success,wge100_camera_1.8.5-4-g9768e2e-2026.04.04.13.28-bloom_generate.log,ros-one-wge100-camera_1.8.5-4-g9768e2e-2026.04.04.13.28_amd64-2026-04-04T13:28:42Z.build,ros-one-wge100-camera_1.8.5-4-g9768e2e-2026.04.04.13.28_amd64.deb,ros-one-wge100-camera_1.8.5-4-g9768e2e-2026.04.04.13.28_amd64.files
wge100_camera_firmware,1.8.5-4-g9768e2e-2026.04.04.13.34,https://github.com/ros-o/wge100_driver/tree/obese-devel,success,wge100_camera_firmware_1.8.5-4-g9768e2e-2026.04.04.13.34-bloom_generate.log,ros-one-wge100-camera-firmware_1.8.5-4-g9768e2e-2026.04.04.13.34_amd64-2026-04-04T13:34:27Z.build,ros-one-wge100-camera-firmware_1.8.5-4-g9768e2e-2026.04.04.13.34_amd64.deb,ros-one-wge100-camera-firmware_1.8.5-4-g9768e2e-2026.04.04.13.34_amd64.files
wge100_driver,1.8.5-4-g9768e2e-2026.04.04.13.39,https://github.com/ros-o/wge100_driver/tree/obese-devel,success,wge100_driver_1.8.5-4-g9768e2e-2026.04.04.13.39-bloom_generate.log,ros-one-wge100-driver_1.8.5-4-g9768e2e-2026.04.04.13.39_amd64-2026-04-04T13:39:26Z.build,ros-one-wge100-driver_1.8.5-4-g9768e2e-2026.04.04.13.39_amd64.deb,ros-one-wge100-driver_1.8.5-4-g9768e2e-2026.04.04.13.39_amd64.files
wu_ros_tools,0.3.1-2026.04.04.13.44,https://github.com/DLu/wu_ros_tools/tree/noetic,success,wu_ros_tools_0.3.1-2026.04.04.13.44-bloom_generate.log,ros-one-wu-ros-tools_0.3.1-2026.04.04.13.44_amd64-2026-04-04T13:44:13Z.build,ros-one-wu-ros-tools_0.3.1-2026.04.04.13.44_amd64.deb,ros-one-wu-ros-tools_0.3.1-2026.04.04.13.44_amd64.files
agni_tf_tools,0.1.6-4-geee30f6-2026.04.04.10.24,https://github.com/ubi-agni/agni_tf_tools/tree/master,success,agni_tf_tools_0.1.6-4-geee30f6-2026.04.04.10.24-bloom_generate.log,ros-one-agni-tf-tools_0.1.6-4-geee30f6-2026.04.04.10.24_amd64-2026-04-04T10:24:43Z.build,ros-one-agni-tf-tools_0.1.6-4-geee30f6-2026.04.04.10.24_amd64.deb,ros-one-agni-tf-tools_0.1.6-4-geee30f6-2026.04.04.10.24_amd64.files
costmap_converter,0-2026.04.04.10.29,https://github.com/ros-o/costmap_converter/tree/obese-devel,success,costmap_converter_0-2026.04.04.10.29-bloom_generate.log,ros-one-costmap-converter_0-2026.04.04.10.29_amd64-2026-04-04T10:29:53Z.build,ros-one-costmap-converter_0-2026.04.04.10.29_amd64.deb,ros-one-costmap-converter_0-2026.04.04.10.29_amd64.files
fake_joint,0.0.4-6-g1e5d5a2-2026.04.04.10.35,https://github.com/ros-o/fake_joint/tree/obese-devel,success,fake_joint_0.0.4-6-g1e5d5a2-2026.04.04.10.35-bloom_generate.log,ros-one-fake-joint_0.0.4-6-g1e5d5a2-2026.04.04.10.35_amd64-2026-04-04T10:35:17Z.build,ros-one-fake-joint_0.0.4-6-g1e5d5a2-2026.04.04.10.35_amd64.deb,ros-one-fake-joint_0.0.4-6-g1e5d5a2-2026.04.04.10.35_amd64.files
fake_joint_driver,0.0.4-6-g1e5d5a2-2026.04.04.10.39,https://github.com/ros-o/fake_joint/tree/obese-devel,success,fake_joint_driver_0.0.4-6-g1e5d5a2-2026.04.04.10.39-bloom_generate.log,ros-one-fake-joint-driver_0.0.4-6-g1e5d5a2-2026.04.04.10.39_amd64-2026-04-04T10:39:09Z.build,ros-one-fake-joint-driver_0.0.4-6-g1e5d5a2-2026.04.04.10.39_amd64.deb,ros-one-fake-joint-driver_0.0.4-6-g1e5d5a2-2026.04.04.10.39_amd64.files
fake_joint_launch,0.0.4-6-g1e5d5a2-2026.04.04.10.43,https://github.com/ros-o/fake_joint/tree/obese-devel,success,fake_joint_launch_0.0.4-6-g1e5d5a2-2026.04.04.10.43-bloom_generate.log,ros-one-fake-joint-launch_0.0.4-6-g1e5d5a2-2026.04.04.10.43_amd64-2026-04-04T10:43:24Z.build,ros-one-fake-joint-launch_0.0.4-6-g1e5d5a2-2026.04.04.10.43_amd64.deb,ros-one-fake-joint-launch_0.0.4-6-g1e5d5a2-2026.04.04.10.43_amd64.files
freenect_camera,0.4.3-2026.04.04.10.47,https://github.com/ros-drivers/freenect_stack/tree/master,success,freenect_camera_0.4.3-2026.04.04.10.47-bloom_generate.log,ros-one-freenect-camera_0.4.3-2026.04.04.10.47_amd64-2026-04-04T10:47:45Z.build,ros-one-freenect-camera_0.4.3-2026.04.04.10.47_amd64.deb,ros-one-freenect-camera_0.4.3-2026.04.04.10.47_amd64.files
freenect_launch,0.4.3-2026.04.04.10.52,https://github.com/ros-drivers/freenect_stack/tree/master,success,freenect_launch_0.4.3-2026.04.04.10.52-bloom_generate.log,ros-one-freenect-launch_0.4.3-2026.04.04.10.52_amd64-2026-04-04T10:52:12Z.build,ros-one-freenect-launch_0.4.3-2026.04.04.10.52_amd64.deb,ros-one-freenect-launch_0.4.3-2026.04.04.10.52_amd64.files
freenect_stack,0.4.3-2026.04.04.10.56,https://github.com/ros-drivers/freenect_stack/tree/master,success,freenect_stack_0.4.3-2026.04.04.10.56-bloom_generate.log,ros-one-freenect-stack_0.4.3-2026.04.04.10.56_amd64-2026-04-04T10:56:06Z.build,ros-one-freenect-stack_0.4.3-2026.04.04.10.56_amd64.deb,ros-one-freenect-stack_0.4.3-2026.04.04.10.56_amd64.files
laser_pipeline,1.6.4-2026.04.04.11.00,https://github.com/ros-perception/laser_pipeline/tree/noetic-devel,success,laser_pipeline_1.6.4-2026.04.04.11.00-bloom_generate.log,ros-one-laser-pipeline_1.6.4-2026.04.04.11.00_amd64-2026-04-04T11:00:04Z.build,ros-one-laser-pipeline_1.6.4-2026.04.04.11.00_amd64.deb,ros-one-laser-pipeline_1.6.4-2026.04.04.11.00_amd64.files
point_cloud_transport,1.0.11-2026.04.04.11.03,https://github.com/ctu-vras/point_cloud_transport/tree/master,failed-sbuild,point_cloud_transport_1.0.11-2026.04.04.11.03-bloom_generate.log,ros-one-point-cloud-transport_1.0.11-2026.04.04.11.03_amd64-2026-04-04T11:03:58Z.build,,
rqt_launch,0.4.10-2026.04.04.11.07,https://github.com/ros-visualization/rqt_launch/tree/master,success,rqt_launch_0.4.10-2026.04.04.11.07-bloom_generate.log,ros-one-rqt-launch_0.4.10-2026.04.04.11.07_amd64-2026-04-04T11:07:33Z.build,ros-one-rqt-launch_0.4.10-2026.04.04.11.07_amd64.deb,ros-one-rqt-launch_0.4.10-2026.04.04.11.07_amd64.files
rqt_msg,0.4.10-5-gcd226dd-2026.04.04.11.11,https://github.com/ros-visualization/rqt_msg/tree/master,success,rqt_msg_0.4.10-5-gcd226dd-2026.04.04.11.11-bloom_generate.log,ros-one-rqt-msg_0.4.10-5-gcd226dd-2026.04.04.11.11_amd64-2026-04-04T11:11:56Z.build,ros-one-rqt-msg_0.4.10-5-gcd226dd-2026.04.04.11.11_amd64.deb,ros-one-rqt-msg_0.4.10-5-gcd226dd-2026.04.04.11.11_amd64.files
rqt_reconfigure,0.5.5-3-g988179e-2026.04.04.11.15,https://github.com/ros-visualization/rqt_reconfigure/tree/master,success,rqt_reconfigure_0.5.5-3-g988179e-2026.04.04.11.15-bloom_generate.log,ros-one-rqt-reconfigure_0.5.5-3-g988179e-2026.04.04.11.15_amd64-2026-04-04T11:15:52Z.build,ros-one-rqt-reconfigure_0.5.5-3-g988179e-2026.04.04.11.15_amd64.deb,ros-one-rqt-reconfigure_0.5.5-3-g988179e-2026.04.04.11.15_amd64.files
rqt_robot_monitor,0.5.12-2026.04.04.11.19,https://github.com/ros-visualization/rqt_robot_monitor/tree/master,success,rqt_robot_monitor_0.5.12-2026.04.04.11.19-bloom_generate.log,ros-one-rqt-robot-monitor_0.5.12-2026.04.04.11.19_amd64-2026-04-04T11:19:51Z.build,ros-one-rqt-robot-monitor_0.5.12-2026.04.04.11.19_amd64.deb,ros-one-rqt-robot-monitor_0.5.12-2026.04.04.11.19_amd64.files
rqt_rviz,0.7.0-1-gdef41cd-2026.04.04.11.23,https://github.com/ros-visualization/rqt_rviz/tree/melodic-devel,success,rqt_rviz_0.7.0-1-gdef41cd-2026.04.04.11.23-bloom_generate.log,ros-one-rqt-rviz_0.7.0-1-gdef41cd-2026.04.04.11.23_amd64-2026-04-04T11:23:50Z.build,ros-one-rqt-rviz_0.7.0-1-gdef41cd-2026.04.04.11.23_amd64.deb,ros-one-rqt-rviz_0.7.0-1-gdef41cd-2026.04.04.11.23_amd64.files
rviz_textured_quads,0-2026.04.04.11.28,https://github.com/ros-o/rviz_textured_quads/tree/obese-devel,success,rviz_textured_quads_0-2026.04.04.11.28-bloom_generate.log,ros-one-rviz-textured-quads_0-2026.04.04.11.28_amd64-2026-04-04T11:28:38Z.build,ros-one-rviz-textured-quads_0-2026.04.04.11.28_amd64.deb,ros-one-rviz-textured-quads_0-2026.04.04.11.28_amd64.files
rviz_visual_tools,3.9.3-7-g147b1cd-2026.04.04.11.33,https://github.com/PickNikRobotics/rviz_visual_tools/tree/master,success,rviz_visual_tools_3.9.3-7-g147b1cd-2026.04.04.11.33-bloom_generate.log,ros-one-rviz-visual-tools_3.9.3-7-g147b1cd-2026.04.04.11.33_amd64-2026-04-04T11:33:47Z.build,ros-one-rviz-visual-tools_3.9.3-7-g147b1cd-2026.04.04.11.33_amd64.deb,ros-one-rviz-visual-tools_3.9.3-7-g147b1cd-2026.04.04.11.33_amd64.files
teleop_twist_joy,0.1.3-5-g4f61e6d-2026.04.04.11.39,https://github.com/ros-teleop/teleop_twist_joy/tree/indigo-devel,success,teleop_twist_joy_0.1.3-5-g4f61e6d-2026.04.04.11.39-bloom_generate.log,ros-one-teleop-twist-joy_0.1.3-5-g4f61e6d-2026.04.04.11.39_amd64-2026-04-04T11:39:03Z.build,ros-one-teleop-twist-joy_0.1.3-5-g4f61e6d-2026.04.04.11.39_amd64.deb,ros-one-teleop-twist-joy_0.1.3-5-g4f61e6d-2026.04.04.11.39_amd64.files
urdf_tutorial,0.5.0-2026.04.04.11.43,https://github.com/ros/urdf_tutorial/tree/master,success,urdf_tutorial_0.5.0-2026.04.04.11.43-bloom_generate.log,ros-one-urdf-tutorial_0.5.0-2026.04.04.11.43_amd64-2026-04-04T11:43:22Z.build,ros-one-urdf-tutorial_0.5.0-2026.04.04.11.43_amd64.deb,ros-one-urdf-tutorial_0.5.0-2026.04.04.11.43_amd64.files
velodyne_description,1.0.13-2026.04.04.11.47,https://bitbucket.org/DataspeedInc/velodyne_simulator/src/master,success,velodyne_description_1.0.13-2026.04.04.11.47-bloom_generate.log,ros-one-velodyne-description_1.0.13-2026.04.04.11.47_amd64-2026-04-04T11:47:31Z.build,ros-one-velodyne-description_1.0.13-2026.04.04.11.47_amd64.deb,ros-one-velodyne-description_1.0.13-2026.04.04.11.47_amd64.files
velodyne_gazebo_plugins,1.0.13-2026.04.04.11.51,https://bitbucket.org/DataspeedInc/velodyne_simulator/src/master,failed-sbuild,velodyne_gazebo_plugins_1.0.13-2026.04.04.11.51-bloom_generate.log,ros-one-velodyne-gazebo-plugins_1.0.13-2026.04.04.11.51_amd64-2026-04-04T11:51:32Z.build,,
velodyne_simulator,1.0.13-2026.04.04.11.55,https://bitbucket.org/DataspeedInc/velodyne_simulator/src/master,success,velodyne_simulator_1.0.13-2026.04.04.11.55-bloom_generate.log,ros-one-velodyne-simulator_1.0.13-2026.04.04.11.55_amd64-2026-04-04T11:55:08Z.build,ros-one-velodyne-simulator_1.0.13-2026.04.04.11.55_amd64.deb,ros-one-velodyne-simulator_1.0.13-2026.04.04.11.55_amd64.files
fetch_calibration,0.9.1-5-g11f8df9-2026.04.04.14.22,https://github.com/ros-o/fetch_ros/tree/obese-devel,success,fetch_calibration_0.9.1-5-g11f8df9-2026.04.04.14.22-bloom_generate.log,ros-one-fetch-calibration_0.9.1-5-g11f8df9-2026.04.04.14.22_amd64-2026-04-04T14:22:04Z.build,ros-one-fetch-calibration_0.9.1-5-g11f8df9-2026.04.04.14.22_amd64.deb,ros-one-fetch-calibration_0.9.1-5-g11f8df9-2026.04.04.14.22_amd64.files
fetch_depth_layer,0.9.1-5-g11f8df9-2026.04.04.14.26,https://github.com/ros-o/fetch_ros/tree/obese-devel,success,fetch_depth_layer_0.9.1-5-g11f8df9-2026.04.04.14.26-bloom_generate.log,ros-one-fetch-depth-layer_0.9.1-5-g11f8df9-2026.04.04.14.26_amd64-2026-04-04T14:26:59Z.build,ros-one-fetch-depth-layer_0.9.1-5-g11f8df9-2026.04.04.14.26_amd64.deb,ros-one-fetch-depth-layer_0.9.1-5-g11f8df9-2026.04.04.14.26_amd64.files
fetch_description,0.9.1-5-g11f8df9-2026.04.04.14.32,https://github.com/ros-o/fetch_ros/tree/obese-devel,success,fetch_description_0.9.1-5-g11f8df9-2026.04.04.14.32-bloom_generate.log,ros-one-fetch-description_0.9.1-5-g11f8df9-2026.04.04.14.32_amd64-2026-04-04T14:32:56Z.build,ros-one-fetch-description_0.9.1-5-g11f8df9-2026.04.04.14.32_amd64.deb,ros-one-fetch-description_0.9.1-5-g11f8df9-2026.04.04.14.32_amd64.files
fetch_ikfast_plugin,0.9.1-5-g11f8df9-2026.04.04.14.38,https://github.com/ros-o/fetch_ros/tree/obese-devel,success,fetch_ikfast_plugin_0.9.1-5-g11f8df9-2026.04.04.14.38-bloom_generate.log,ros-one-fetch-ikfast-plugin_0.9.1-5-g11f8df9-2026.04.04.14.38_amd64-2026-04-04T14:38:06Z.build,ros-one-fetch-ikfast-plugin_0.9.1-5-g11f8df9-2026.04.04.14.38_amd64.deb,ros-one-fetch-ikfast-plugin_0.9.1-5-g11f8df9-2026.04.04.14.38_amd64.files
fetch_maps,0.9.1-5-g11f8df9-2026.04.04.14.43,https://github.com/ros-o/fetch_ros/tree/obese-devel,success,fetch_maps_0.9.1-5-g11f8df9-2026.04.04.14.43-bloom_generate.log,ros-one-fetch-maps_0.9.1-5-g11f8df9-2026.04.04.14.43_amd64-2026-04-04T14:43:43Z.build,ros-one-fetch-maps_0.9.1-5-g11f8df9-2026.04.04.14.43_amd64.deb,ros-one-fetch-maps_0.9.1-5-g11f8df9-2026.04.04.14.43_amd64.files
fetch_moveit_config,0.9.1-5-g11f8df9-2026.04.04.14.48,https://github.com/ros-o/fetch_ros/tree/obese-devel,success,fetch_moveit_config_0.9.1-5-g11f8df9-2026.04.04.14.48-bloom_generate.log,ros-one-fetch-moveit-config_0.9.1-5-g11f8df9-2026.04.04.14.48_amd64-2026-04-04T14:48:44Z.build,ros-one-fetch-moveit-config_0.9.1-5-g11f8df9-2026.04.04.14.48_amd64.deb,ros-one-fetch-moveit-config_0.9.1-5-g11f8df9-2026.04.04.14.48_amd64.files
fetch_navigation,0.9.1-5-g11f8df9-2026.04.04.14.53,https://github.com/ros-o/fetch_ros/tree/obese-devel,success,fetch_navigation_0.9.1-5-g11f8df9-2026.04.04.14.53-bloom_generate.log,ros-one-fetch-navigation_0.9.1-5-g11f8df9-2026.04.04.14.53_amd64-2026-04-04T14:53:53Z.build,ros-one-fetch-navigation_0.9.1-5-g11f8df9-2026.04.04.14.53_amd64.deb,ros-one-fetch-navigation_0.9.1-5-g11f8df9-2026.04.04.14.53_amd64.files
fetch_ros,0.9.1-5-g11f8df9-2026.04.04.14.58,https://github.com/ros-o/fetch_ros/tree/obese-devel,success,fetch_ros_0.9.1-5-g11f8df9-2026.04.04.14.58-bloom_generate.log,ros-one-fetch-ros_0.9.1-5-g11f8df9-2026.04.04.14.58_amd64-2026-04-04T14:58:54Z.build,ros-one-fetch-ros_0.9.1-5-g11f8df9-2026.04.04.14.58_amd64.deb,ros-one-fetch-ros_0.9.1-5-g11f8df9-2026.04.04.14.58_amd64.files
fetch_teleop,0.9.1-5-g11f8df9-2026.04.04.15.03,https://github.com/ros-o/fetch_ros/tree/obese-devel,success,fetch_teleop_0.9.1-5-g11f8df9-2026.04.04.15.03-bloom_generate.log,ros-one-fetch-teleop_0.9.1-5-g11f8df9-2026.04.04.15.03_amd64-2026-04-04T15:03:56Z.build,ros-one-fetch-teleop_0.9.1-5-g11f8df9-2026.04.04.15.03_amd64.deb,ros-one-fetch-teleop_0.9.1-5-g11f8df9-2026.04.04.15.03_amd64.files
cartesian_interface,0.1.7-2-g6dbfea9-2026.04.04.14.22,https://github.com/UniversalRobots/Universal_Robots_ROS_controllers_cartesian/tree/main,success,cartesian_interface_0.1.7-2-g6dbfea9-2026.04.04.14.22-bloom_generate.log,ros-one-cartesian-interface_0.1.7-2-g6dbfea9-2026.04.04.14.22_amd64-2026-04-04T14:22:04Z.build,ros-one-cartesian-interface_0.1.7-2-g6dbfea9-2026.04.04.14.22_amd64.deb,ros-one-cartesian-interface_0.1.7-2-g6dbfea9-2026.04.04.14.22_amd64.files
cartesian_trajectory_interpolation,0.1.7-2-g6dbfea9-2026.04.04.14.28,https://github.com/UniversalRobots/Universal_Robots_ROS_controllers_cartesian/tree/main,success,cartesian_trajectory_interpolation_0.1.7-2-g6dbfea9-2026.04.04.14.28-bloom_generate.log,ros-one-cartesian-trajectory-interpolation_0.1.7-2-g6dbfea9-2026.04.04.14.28_amd64-2026-04-04T14:28:02Z.build,ros-one-cartesian-trajectory-interpolation_0.1.7-2-g6dbfea9-2026.04.04.14.28_amd64.deb,ros-one-cartesian-trajectory-interpolation_0.1.7-2-g6dbfea9-2026.04.04.14.28_amd64.files
cartesian_trajectory_controller,0.1.7-2-g6dbfea9-2026.04.04.14.34,https://github.com/UniversalRobots/Universal_Robots_ROS_controllers_cartesian/tree/main,success,cartesian_trajectory_controller_0.1.7-2-g6dbfea9-2026.04.04.14.34-bloom_generate.log,ros-one-cartesian-trajectory-controller_0.1.7-2-g6dbfea9-2026.04.04.14.34_amd64-2026-04-04T14:34:19Z.build,ros-one-cartesian-trajectory-controller_0.1.7-2-g6dbfea9-2026.04.04.14.34_amd64.deb,ros-one-cartesian-trajectory-controller_0.1.7-2-g6dbfea9-2026.04.04.14.34_amd64.files
pr2_gripper_sensor,1.0.12-1-ga9067f8-2026.04.04.14.40,https://github.com/PR2/pr2_gripper_sensor/tree/hydro-devel,success,pr2_gripper_sensor_1.0.12-1-ga9067f8-2026.04.04.14.40-bloom_generate.log,ros-one-pr2-gripper-sensor_1.0.12-1-ga9067f8-2026.04.04.14.40_amd64-2026-04-04T14:40:57Z.build,ros-one-pr2-gripper-sensor_1.0.12-1-ga9067f8-2026.04.04.14.40_amd64.deb,ros-one-pr2-gripper-sensor_1.0.12-1-ga9067f8-2026.04.04.14.40_amd64.files
pr2_gripper_sensor_msgs,1.0.12-1-ga9067f8-2026.04.04.14.46,https://github.com/PR2/pr2_gripper_sensor/tree/hydro-devel,success,pr2_gripper_sensor_msgs_1.0.12-1-ga9067f8-2026.04.04.14.46-bloom_generate.log,ros-one-pr2-gripper-sensor-msgs_1.0.12-1-ga9067f8-2026.04.04.14.46_amd64-2026-04-04T14:46:53Z.build,ros-one-pr2-gripper-sensor-msgs_1.0.12-1-ga9067f8-2026.04.04.14.46_amd64.deb,ros-one-pr2-gripper-sensor-msgs_1.0.12-1-ga9067f8-2026.04.04.14.46_amd64.files
pr2_gripper_sensor_controller,1.0.12-1-ga9067f8-2026.04.04.14.53,https://github.com/PR2/pr2_gripper_sensor/tree/hydro-devel,success,pr2_gripper_sensor_controller_1.0.12-1-ga9067f8-2026.04.04.14.53-bloom_generate.log,ros-one-pr2-gripper-sensor-controller_1.0.12-1-ga9067f8-2026.04.04.14.53_amd64-2026-04-04T14:53:11Z.build,ros-one-pr2-gripper-sensor-controller_1.0.12-1-ga9067f8-2026.04.04.14.53_amd64.deb,ros-one-pr2-gripper-sensor-controller_1.0.12-1-ga9067f8-2026.04.04.14.53_amd64.files
pr2_gripper_sensor_action,1.0.12-1-ga9067f8-2026.04.04.14.59,https://github.com/PR2/pr2_gripper_sensor/tree/hydro-devel,success,pr2_gripper_sensor_action_1.0.12-1-ga9067f8-2026.04.04.14.59-bloom_generate.log,ros-one-pr2-gripper-sensor-action_1.0.12-1-ga9067f8-2026.04.04.14.59_amd64-2026-04-04T14:59:41Z.build,ros-one-pr2-gripper-sensor-action_1.0.12-1-ga9067f8-2026.04.04.14.59_amd64.deb,ros-one-pr2-gripper-sensor-action_1.0.12-1-ga9067f8-2026.04.04.14.59_amd64.files
ros_controllers_cartesian,0.1.7-2-g6dbfea9-2026.04.04.15.07,https://github.com/UniversalRobots/Universal_Robots_ROS_controllers_cartesian/tree/main,success,ros_controllers_cartesian_0.1.7-2-g6dbfea9-2026.04.04.15.07-bloom_generate.log,ros-one-ros-controllers-cartesian_0.1.7-2-g6dbfea9-2026.04.04.15.07_amd64-2026-04-04T15:07:17Z.build,ros-one-ros-controllers-cartesian_0.1.7-2-g6dbfea9-2026.04.04.15.07_amd64.deb,ros-one-ros-controllers-cartesian_0.1.7-2-g6dbfea9-2026.04.04.15.07_amd64.files
twist_controller,0.1.7-2-g6dbfea9-2026.04.04.15.13,https://github.com/UniversalRobots/Universal_Robots_ROS_controllers_cartesian/tree/main,success,twist_controller_0.1.7-2-g6dbfea9-2026.04.04.15.13-bloom_generate.log,ros-one-twist-controller_0.1.7-2-g6dbfea9-2026.04.04.15.13_amd64-2026-04-04T15:13:11Z.build,ros-one-twist-controller_0.1.7-2-g6dbfea9-2026.04.04.15.13_amd64.deb,ros-one-twist-controller_0.1.7-2-g6dbfea9-2026.04.04.15.13_amd64.files
pr2_controller_configuration_gazebo,2.1.0-2026.04.04.14.22,https://github.com/PR2/pr2_simulator/tree/kinetic-devel,failed-bloom-generate,pr2_controller_configuration_gazebo_2.1.0-2026.04.04.14.22-bloom_generate.log,,,
pr2_gazebo_plugins,2.1.0-2026.04.04.14.22,https://github.com/PR2/pr2_simulator/tree/kinetic-devel,failed-sbuild,pr2_gazebo_plugins_2.1.0-2026.04.04.14.22-bloom_generate.log,ros-one-pr2-gazebo-plugins_2.1.0-2026.04.04.14.22_amd64-2026-04-04T14:22:15Z.build,,
pr2_gazebo,2.1.0-2026.04.04.14.27,https://github.com/PR2/pr2_simulator/tree/kinetic-devel,failed-bloom-generate,pr2_gazebo_2.1.0-2026.04.04.14.27-bloom_generate.log,,,
pr2_simulator,2.1.0-2026.04.04.14.27,https://github.com/PR2/pr2_simulator/tree/kinetic-devel,success,pr2_simulator_2.1.0-2026.04.04.14.27-bloom_generate.log,ros-one-pr2-simulator_2.1.0-2026.04.04.14.27_amd64-2026-04-04T14:27:35Z.build,ros-one-pr2-simulator_2.1.0-2026.04.04.14.27_amd64.deb,ros-one-pr2-simulator_2.1.0-2026.04.04.14.27_amd64.files
trac_ik,0-2026.04.04.14.33,https://github.com/ros-o/trac_ik/tree/obese-devel,success,trac_ik_0-2026.04.04.14.33-bloom_generate.log,ros-one-trac-ik_0-2026.04.04.14.33_amd64-2026-04-04T14:33:28Z.build,ros-one-trac-ik_0-2026.04.04.14.33_amd64.deb,ros-one-trac-ik_0-2026.04.04.14.33_amd64.files
trac_ik_lib,0-2026.04.04.14.39,https://github.com/ros-o/trac_ik/tree/obese-devel,success,trac_ik_lib_0-2026.04.04.14.39-bloom_generate.log,ros-one-trac-ik-lib_0-2026.04.04.14.39_amd64-2026-04-04T14:39:19Z.build,ros-one-trac-ik-lib_0-2026.04.04.14.39_amd64.deb,ros-one-trac-ik-lib_0-2026.04.04.14.39_amd64.files
trac_ik_examples,0-2026.04.04.14.45,https://github.com/ros-o/trac_ik/tree/obese-devel,success,trac_ik_examples_0-2026.04.04.14.45-bloom_generate.log,ros-one-trac-ik-examples_0-2026.04.04.14.45_amd64-2026-04-04T14:45:45Z.build,ros-one-trac-ik-examples_0-2026.04.04.14.45_amd64.deb,ros-one-trac-ik-examples_0-2026.04.04.14.45_amd64.files
trac_ik_kinematics_plugin,0-2026.04.04.14.51,https://github.com/ros-o/trac_ik/tree/obese-devel,success,trac_ik_kinematics_plugin_0-2026.04.04.14.51-bloom_generate.log,ros-one-trac-ik-kinematics-plugin_0-2026.04.04.14.51_amd64-2026-04-04T14:51:57Z.build,ros-one-trac-ik-kinematics-plugin_0-2026.04.04.14.51_amd64.deb,ros-one-trac-ik-kinematics-plugin_0-2026.04.04.14.51_amd64.files
trac_ik_python,0-2026.04.04.14.58,https://github.com/ros-o/trac_ik/tree/obese-devel,success,trac_ik_python_0-2026.04.04.14.58-bloom_generate.log,ros-one-trac-ik-python_0-2026.04.04.14.58_amd64-2026-04-04T14:58:28Z.build,ros-one-trac-ik-python_0-2026.04.04.14.58_amd64.deb,ros-one-trac-ik-python_0-2026.04.04.14.58_amd64.files
people,1.4.2-7-g662d930-2026.04.04.14.21,https://github.com/ros-o/people/tree/obese-devel,success,people_1.4.2-7-g662d930-2026.04.04.14.21-bloom_generate.log,ros-one-people_1.4.2-7-g662d930-2026.04.04.14.21_amd64-2026-04-04T14:21:51Z.build,ros-one-people_1.4.2-7-g662d930-2026.04.04.14.21_amd64.deb,ros-one-people_1.4.2-7-g662d930-2026.04.04.14.21_amd64.files
people_msgs,1.4.2-7-g662d930-2026.04.04.14.27,https://github.com/ros-o/people/tree/obese-devel,success,people_msgs_1.4.2-7-g662d930-2026.04.04.14.27-bloom_generate.log,ros-one-people-msgs_1.4.2-7-g662d930-2026.04.04.14.27_amd64-2026-04-04T14:27:39Z.build,ros-one-people-msgs_1.4.2-7-g662d930-2026.04.04.14.27_amd64.deb,ros-one-people-msgs_1.4.2-7-g662d930-2026.04.04.14.27_amd64.files
face_detector,1.4.2-7-g662d930-2026.04.04.14.33,https://github.com/ros-o/people/tree/obese-devel,success,face_detector_1.4.2-7-g662d930-2026.04.04.14.33-bloom_generate.log,ros-one-face-detector_1.4.2-7-g662d930-2026.04.04.14.33_amd64-2026-04-04T14:33:32Z.build,ros-one-face-detector_1.4.2-7-g662d930-2026.04.04.14.33_amd64.deb,ros-one-face-detector_1.4.2-7-g662d930-2026.04.04.14.33_amd64.files
people_tracking_filter,1.4.2-7-g662d930-2026.04.04.14.40,https://github.com/ros-o/people/tree/obese-devel,success,people_tracking_filter_1.4.2-7-g662d930-2026.04.04.14.40-bloom_generate.log,ros-one-people-tracking-filter_1.4.2-7-g662d930-2026.04.04.14.40_amd64-2026-04-04T14:40:38Z.build,ros-one-people-tracking-filter_1.4.2-7-g662d930-2026.04.04.14.40_amd64.deb,ros-one-people-tracking-filter_1.4.2-7-g662d930-2026.04.04.14.40_amd64.files
leg_detector,1.4.2-7-g662d930-2026.04.04.14.47,https://github.com/ros-o/people/tree/obese-devel,success,leg_detector_1.4.2-7-g662d930-2026.04.04.14.47-bloom_generate.log,ros-one-leg-detector_1.4.2-7-g662d930-2026.04.04.14.47_amd64-2026-04-04T14:47:20Z.build,ros-one-leg-detector_1.4.2-7-g662d930-2026.04.04.14.47_amd64.deb,ros-one-leg-detector_1.4.2-7-g662d930-2026.04.04.14.47_amd64.files
people_velocity_tracker,1.4.2-7-g662d930-2026.04.04.14.54,https://github.com/ros-o/people/tree/obese-devel,success,people_velocity_tracker_1.4.2-7-g662d930-2026.04.04.14.54-bloom_generate.log,ros-one-people-velocity-tracker_1.4.2-7-g662d930-2026.04.04.14.54_amd64-2026-04-04T14:54:12Z.build,ros-one-people-velocity-tracker_1.4.2-7-g662d930-2026.04.04.14.54_amd64.deb,ros-one-people-velocity-tracker_1.4.2-7-g662d930-2026.04.04.14.54_amd64.files
turtlebot3_fake,1.3.2-19-ge9d809c-2026.04.04.15.00,https://github.com/ROBOTIS-GIT/turtlebot3_simulations/tree/noetic,success,turtlebot3_fake_1.3.2-19-ge9d809c-2026.04.04.15.00-bloom_generate.log,ros-one-turtlebot3-fake_1.3.2-19-ge9d809c-2026.04.04.15.00_amd64-2026-04-04T15:00:40Z.build,ros-one-turtlebot3-fake_1.3.2-19-ge9d809c-2026.04.04.15.00_amd64.deb,ros-one-turtlebot3-fake_1.3.2-19-ge9d809c-2026.04.04.15.00_amd64.files
turtlebot3_gazebo,1.3.2-19-ge9d809c-2026.04.04.15.06,https://github.com/ROBOTIS-GIT/turtlebot3_simulations/tree/noetic,failed-bloom-generate,turtlebot3_gazebo_1.3.2-19-ge9d809c-2026.04.04.15.06-bloom_generate.log,,,
turtlebot3_simulations,1.3.2-19-ge9d809c-2026.04.04.15.06,https://github.com/ROBOTIS-GIT/turtlebot3_simulations/tree/noetic,success,turtlebot3_simulations_1.3.2-19-ge9d809c-2026.04.04.15.06-bloom_generate.log,ros-one-turtlebot3-simulations_1.3.2-19-ge9d809c-2026.04.04.15.06_amd64-2026-04-04T15:06:59Z.build,ros-one-turtlebot3-simulations_1.3.2-19-ge9d809c-2026.04.04.15.06_amd64.deb,ros-one-turtlebot3-simulations_1.3.2-19-ge9d809c-2026.04.04.15.06_amd64.files
industrial_core,0.7.3-7-ge4d2633-2026.04.04.14.21,https://github.com/ros-o/industrial_core/tree/obese-devel,success,industrial_core_0.7.3-7-ge4d2633-2026.04.04.14.21-bloom_generate.log,ros-one-industrial-core_0.7.3-7-ge4d2633-2026.04.04.14.21_amd64-2026-04-04T14:21:49Z.build,ros-one-industrial-core_0.7.3-7-ge4d2633-2026.04.04.14.21_amd64.deb,ros-one-industrial-core_0.7.3-7-ge4d2633-2026.04.04.14.21_amd64.files
industrial_deprecated,0.7.3-7-ge4d2633-2026.04.04.14.27,https://github.com/ros-o/industrial_core/tree/obese-devel,success,industrial_deprecated_0.7.3-7-ge4d2633-2026.04.04.14.27-bloom_generate.log,ros-one-industrial-deprecated_0.7.3-7-ge4d2633-2026.04.04.14.27_amd64-2026-04-04T14:27:30Z.build,ros-one-industrial-deprecated_0.7.3-7-ge4d2633-2026.04.04.14.27_amd64.deb,ros-one-industrial-deprecated_0.7.3-7-ge4d2633-2026.04.04.14.27_amd64.files
industrial_msgs,0.7.3-7-ge4d2633-2026.04.04.14.33,https://github.com/ros-o/industrial_core/tree/obese-devel,success,industrial_msgs_0.7.3-7-ge4d2633-2026.04.04.14.33-bloom_generate.log,ros-one-industrial-msgs_0.7.3-7-ge4d2633-2026.04.04.14.33_amd64-2026-04-04T14:33:13Z.build,ros-one-industrial-msgs_0.7.3-7-ge4d2633-2026.04.04.14.33_amd64.deb,ros-one-industrial-msgs_0.7.3-7-ge4d2633-2026.04.04.14.33_amd64.files
industrial_robot_simulator,0.7.3-7-ge4d2633-2026.04.04.14.39,https://github.com/ros-o/industrial_core/tree/obese-devel,success,industrial_robot_simulator_0.7.3-7-ge4d2633-2026.04.04.14.39-bloom_generate.log,ros-one-industrial-robot-simulator_0.7.3-7-ge4d2633-2026.04.04.14.39_amd64-2026-04-04T14:39:09Z.build,ros-one-industrial-robot-simulator_0.7.3-7-ge4d2633-2026.04.04.14.39_amd64.deb,ros-one-industrial-robot-simulator_0.7.3-7-ge4d2633-2026.04.04.14.39_amd64.files
industrial_trajectory_filters,0.7.3-7-ge4d2633-2026.04.04.14.44,https://github.com/ros-o/industrial_core/tree/obese-devel,success,industrial_trajectory_filters_0.7.3-7-ge4d2633-2026.04.04.14.44-bloom_generate.log,ros-one-industrial-trajectory-filters_0.7.3-7-ge4d2633-2026.04.04.14.44_amd64-2026-04-04T14:45:00Z.build,ros-one-industrial-trajectory-filters_0.7.3-7-ge4d2633-2026.04.04.14.44_amd64.deb,ros-one-industrial-trajectory-filters_0.7.3-7-ge4d2633-2026.04.04.14.44_amd64.files
industrial_utils,0.7.3-7-ge4d2633-2026.04.04.14.51,https://github.com/ros-o/industrial_core/tree/obese-devel,success,industrial_utils_0.7.3-7-ge4d2633-2026.04.04.14.51-bloom_generate.log,ros-one-industrial-utils_0.7.3-7-ge4d2633-2026.04.04.14.51_amd64-2026-04-04T14:51:28Z.build,ros-one-industrial-utils_0.7.3-7-ge4d2633-2026.04.04.14.51_amd64.deb,ros-one-industrial-utils_0.7.3-7-ge4d2633-2026.04.04.14.51_amd64.files
move_group_online_collision_predictor,0-2026.04.04.14.57,https://github.com/TAMS-Group/move_group_online_collision_predictor/tree/master,success,move_group_online_collision_predictor_0-2026.04.04.14.57-bloom_generate.log,ros-one-move-group-online-collision-predictor_0-2026.04.04.14.57_amd64-2026-04-04T14:57:26Z.build,ros-one-move-group-online-collision-predictor_0-2026.04.04.14.57_amd64.deb,ros-one-move-group-online-collision-predictor_0-2026.04.04.14.57_amd64.files
simple_message,0.7.3-7-ge4d2633-2026.04.04.15.03,https://github.com/ros-o/industrial_core/tree/obese-devel,success,simple_message_0.7.3-7-ge4d2633-2026.04.04.15.03-bloom_generate.log,ros-one-simple-message_0.7.3-7-ge4d2633-2026.04.04.15.03_amd64-2026-04-04T15:03:54Z.build,ros-one-simple-message_0.7.3-7-ge4d2633-2026.04.04.15.03_amd64.deb,ros-one-simple-message_0.7.3-7-ge4d2633-2026.04.04.15.03_amd64.files
industrial_robot_client,0.7.3-7-ge4d2633-2026.04.04.15.11,https://github.com/ros-o/industrial_core/tree/obese-devel,success,industrial_robot_client_0.7.3-7-ge4d2633-2026.04.04.15.11-bloom_generate.log,ros-one-industrial-robot-client_0.7.3-7-ge4d2633-2026.04.04.15.11_amd64-2026-04-04T15:11:20Z.build,ros-one-industrial-robot-client_0.7.3-7-ge4d2633-2026.04.04.15.11_amd64.deb,ros-one-industrial-robot-client_0.7.3-7-ge4d2633-2026.04.04.15.11_amd64.files
bio_ik,0-2026.04.04.14.22,https://github.com/TAMS-Group/bio_ik/tree/master,success,bio_ik_0-2026.04.04.14.22-bloom_generate.log,ros-one-bio-ik_0-2026.04.04.14.22_amd64-2026-04-04T14:22:43Z.build,ros-one-bio-ik_0-2026.04.04.14.22_amd64.deb,ros-one-bio-ik_0-2026.04.04.14.22_amd64.files
imu_monitor,1.6.32-21-gcb63b5d-2026.04.04.14.30,https://github.com/pr2/pr2_robot/tree/kinetic-devel,success,imu_monitor_1.6.32-21-gcb63b5d-2026.04.04.14.30-bloom_generate.log,ros-one-imu-monitor_1.6.32-21-gcb63b5d-2026.04.04.14.30_amd64-2026-04-04T14:30:03Z.build,ros-one-imu-monitor_1.6.32-21-gcb63b5d-2026.04.04.14.30_amd64.deb,ros-one-imu-monitor_1.6.32-21-gcb63b5d-2026.04.04.14.30_amd64.files
pr2_bringup,1.6.32-21-gcb63b5d-2026.04.04.14.35,https://github.com/pr2/pr2_robot/tree/kinetic-devel,success,pr2_bringup_1.6.32-21-gcb63b5d-2026.04.04.14.35-bloom_generate.log,ros-one-pr2-bringup_1.6.32-21-gcb63b5d-2026.04.04.14.35_amd64-2026-04-04T14:35:56Z.build,ros-one-pr2-bringup_1.6.32-21-gcb63b5d-2026.04.04.14.35_amd64.deb,ros-one-pr2-bringup_1.6.32-21-gcb63b5d-2026.04.04.14.35_amd64.files
pr2_camera_synchronizer,1.6.32-21-gcb63b5d-2026.04.04.14.41,https://github.com/pr2/pr2_robot/tree/kinetic-devel,success,pr2_camera_synchronizer_1.6.32-21-gcb63b5d-2026.04.04.14.41-bloom_generate.log,ros-one-pr2-camera-synchronizer_1.6.32-21-gcb63b5d-2026.04.04.14.41_amd64-2026-04-04T14:41:58Z.build,ros-one-pr2-camera-synchronizer_1.6.32-21-gcb63b5d-2026.04.04.14.41_amd64.deb,ros-one-pr2-camera-synchronizer_1.6.32-21-gcb63b5d-2026.04.04.14.41_amd64.files
pr2_computer_monitor,1.6.32-21-gcb63b5d-2026.04.04.14.47,https://github.com/pr2/pr2_robot/tree/kinetic-devel,success,pr2_computer_monitor_1.6.32-21-gcb63b5d-2026.04.04.14.47-bloom_generate.log,ros-one-pr2-computer-monitor_1.6.32-21-gcb63b5d-2026.04.04.14.47_amd64-2026-04-04T14:47:56Z.build,ros-one-pr2-computer-monitor_1.6.32-21-gcb63b5d-2026.04.04.14.47_amd64.deb,ros-one-pr2-computer-monitor_1.6.32-21-gcb63b5d-2026.04.04.14.47_amd64.files
pr2_controller_configuration,1.6.32-21-gcb63b5d-2026.04.04.14.53,https://github.com/pr2/pr2_robot/tree/kinetic-devel,success,pr2_controller_configuration_1.6.32-21-gcb63b5d-2026.04.04.14.53-bloom_generate.log,ros-one-pr2-controller-configuration_1.6.32-21-gcb63b5d-2026.04.04.14.53_amd64-2026-04-04T14:53:50Z.build,ros-one-pr2-controller-configuration_1.6.32-21-gcb63b5d-2026.04.04.14.53_amd64.deb,ros-one-pr2-controller-configuration_1.6.32-21-gcb63b5d-2026.04.04.14.53_amd64.files
pr2_ethercat,1.6.32-21-gcb63b5d-2026.04.04.14.59,https://github.com/pr2/pr2_robot/tree/kinetic-devel,success,pr2_ethercat_1.6.32-21-gcb63b5d-2026.04.04.14.59-bloom_generate.log,ros-one-pr2-ethercat_1.6.32-21-gcb63b5d-2026.04.04.14.59_amd64-2026-04-04T14:59:42Z.build,ros-one-pr2-ethercat_1.6.32-21-gcb63b5d-2026.04.04.14.59_amd64.deb,ros-one-pr2-ethercat_1.6.32-21-gcb63b5d-2026.04.04.14.59_amd64.files
pr2_robot,1.6.32-21-gcb63b5d-2026.04.04.15.05,https://github.com/pr2/pr2_robot/tree/kinetic-devel,success,pr2_robot_1.6.32-21-gcb63b5d-2026.04.04.15.05-bloom_generate.log,ros-one-pr2-robot_1.6.32-21-gcb63b5d-2026.04.04.15.05_amd64-2026-04-04T15:06:00Z.build,ros-one-pr2-robot_1.6.32-21-gcb63b5d-2026.04.04.15.05_amd64.deb,ros-one-pr2-robot_1.6.32-21-gcb63b5d-2026.04.04.15.05_amd64.files
pr2_run_stop_auto_restart,1.6.32-21-gcb63b5d-2026.04.04.15.11,https://github.com/pr2/pr2_robot/tree/kinetic-devel,success,pr2_run_stop_auto_restart_1.6.32-21-gcb63b5d-2026.04.04.15.11-bloom_generate.log,ros-one-pr2-run-stop-auto-restart_1.6.32-21-gcb63b5d-2026.04.04.15.11_amd64-2026-04-04T15:11:44Z.build,ros-one-pr2-run-stop-auto-restart_1.6.32-21-gcb63b5d-2026.04.04.15.11_amd64.deb,ros-one-pr2-run-stop-auto-restart_1.6.32-21-gcb63b5d-2026.04.04.15.11_amd64.files
moveit_by_name,1.0.0-1-g05b82ce-2026.04.04.14.22,https://github.com/TAMS-Group/moveit_by_name/tree/main,success,moveit_by_name_1.0.0-1-g05b82ce-2026.04.04.14.22-bloom_generate.log,ros-one-moveit-by-name_1.0.0-1-g05b82ce-2026.04.04.14.22_amd64-2026-04-04T14:22:15Z.build,ros-one-moveit-by-name_1.0.0-1-g05b82ce-2026.04.04.14.22_amd64.deb,ros-one-moveit-by-name_1.0.0-1-g05b82ce-2026.04.04.14.22_amd64.files
moveit_task_constructor_msgs,1-0.1.4-6-gc13fe5c5-2026.04.04.14.29,https://github.com/moveit/moveit_task_constructor/tree/master,success,moveit_task_constructor_msgs_1-0.1.4-6-gc13fe5c5-2026.04.04.14.29-bloom_generate.log,ros-one-moveit-task-constructor-msgs_1-0.1.4-6-gc13fe5c5-2026.04.04.14.29_amd64-2026-04-04T14:29:14Z.build,ros-one-moveit-task-constructor-msgs_1-0.1.4-6-gc13fe5c5-2026.04.04.14.29_amd64.deb,ros-one-moveit-task-constructor-msgs_1-0.1.4-6-gc13fe5c5-2026.04.04.14.29_amd64.files
rviz_marker_tools,1-0.1.4-6-gc13fe5c5-2026.04.04.14.35,https://github.com/moveit/moveit_task_constructor/tree/master,success,rviz_marker_tools_1-0.1.4-6-gc13fe5c5-2026.04.04.14.35-bloom_generate.log,ros-one-rviz-marker-tools_1-0.1.4-6-gc13fe5c5-2026.04.04.14.35_amd64-2026-04-04T14:35:29Z.build,ros-one-rviz-marker-tools_1-0.1.4-6-gc13fe5c5-2026.04.04.14.35_amd64.deb,ros-one-rviz-marker-tools_1-0.1.4-6-gc13fe5c5-2026.04.04.14.35_amd64.files
moveit_task_constructor_core,1-0.1.4-6-gc13fe5c5-2026.04.04.14.41,https://github.com/moveit/moveit_task_constructor/tree/master,success,moveit_task_constructor_core_1-0.1.4-6-gc13fe5c5-2026.04.04.14.41-bloom_generate.log,ros-one-moveit-task-constructor-core_1-0.1.4-6-gc13fe5c5-2026.04.04.14.41_amd64-2026-04-04T14:41:42Z.build,ros-one-moveit-task-constructor-core_1-0.1.4-6-gc13fe5c5-2026.04.04.14.41_amd64.deb,ros-one-moveit-task-constructor-core_1-0.1.4-6-gc13fe5c5-2026.04.04.14.41_amd64.files
moveit_task_constructor_capabilities,1-0.1.4-6-gc13fe5c5-2026.04.04.14.52,https://github.com/moveit/moveit_task_constructor/tree/master,success,moveit_task_constructor_capabilities_1-0.1.4-6-gc13fe5c5-2026.04.04.14.52-bloom_generate.log,ros-one-moveit-task-constructor-capabilities_1-0.1.4-6-gc13fe5c5-2026.04.04.14.52_amd64-2026-04-04T14:52:25Z.build,ros-one-moveit-task-constructor-capabilities_1-0.1.4-6-gc13fe5c5-2026.04.04.14.52_amd64.deb,ros-one-moveit-task-constructor-capabilities_1-0.1.4-6-gc13fe5c5-2026.04.04.14.52_amd64.files
moveit_task_constructor_demo,1-0.1.4-6-gc13fe5c5-2026.04.04.14.59,https://github.com/moveit/moveit_task_constructor/tree/master,success,moveit_task_constructor_demo_1-0.1.4-6-gc13fe5c5-2026.04.04.14.59-bloom_generate.log,ros-one-moveit-task-constructor-demo_1-0.1.4-6-gc13fe5c5-2026.04.04.14.59_amd64-2026-04-04T14:59:29Z.build,ros-one-moveit-task-constructor-demo_1-0.1.4-6-gc13fe5c5-2026.04.04.14.59_amd64.deb,ros-one-moveit-task-constructor-demo_1-0.1.4-6-gc13fe5c5-2026.04.04.14.59_amd64.files
moveit_task_constructor_visualization,1-0.1.4-6-gc13fe5c5-2026.04.04.15.06,https://github.com/moveit/moveit_task_constructor/tree/master,success,moveit_task_constructor_visualization_1-0.1.4-6-gc13fe5c5-2026.04.04.15.06-bloom_generate.log,ros-one-moveit-task-constructor-visualization_1-0.1.4-6-gc13fe5c5-2026.04.04.15.06_amd64-2026-04-04T15:06:50Z.build,ros-one-moveit-task-constructor-visualization_1-0.1.4-6-gc13fe5c5-2026.04.04.15.06_amd64.deb,ros-one-moveit-task-constructor-visualization_1-0.1.4-6-gc13fe5c5-2026.04.04.15.06_amd64.files
sawyer_description,5.3.0-1-gd1ef3d0-2026.04.04.15.15,https://github.com/RethinkRobotics/sawyer_robot/tree/master,success,sawyer_description_5.3.0-1-gd1ef3d0-2026.04.04.15.15-bloom_generate.log,ros-one-sawyer-description_5.3.0-1-gd1ef3d0-2026.04.04.15.15_amd64-2026-04-04T15:15:57Z.build,ros-one-sawyer-description_5.3.0-1-gd1ef3d0-2026.04.04.15.15_amd64.deb,ros-one-sawyer-description_5.3.0-1-gd1ef3d0-2026.04.04.15.15_amd64.files
sawyer_robot,5.3.0-1-gd1ef3d0-2026.04.04.15.22,https://github.com/RethinkRobotics/sawyer_robot/tree/master,success,sawyer_robot_5.3.0-1-gd1ef3d0-2026.04.04.15.22-bloom_generate.log,ros-one-sawyer-robot_5.3.0-1-gd1ef3d0-2026.04.04.15.22_amd64-2026-04-04T15:22:20Z.build,ros-one-sawyer-robot_5.3.0-1-gd1ef3d0-2026.04.04.15.22_amd64.deb,ros-one-sawyer-robot_5.3.0-1-gd1ef3d0-2026.04.04.15.22_amd64.files
pr2_arm_kinematics,1.0.11-4-gffb1be8-2026.04.04.14.22,https://github.com/PR2/pr2_kinematics/tree/noetic-devel,success,pr2_arm_kinematics_1.0.11-4-gffb1be8-2026.04.04.14.22-bloom_generate.log,ros-one-pr2-arm-kinematics_1.0.11-4-gffb1be8-2026.04.04.14.22_amd64-2026-04-04T14:22:05Z.build,ros-one-pr2-arm-kinematics_1.0.11-4-gffb1be8-2026.04.04.14.22_amd64.deb,ros-one-pr2-arm-kinematics_1.0.11-4-gffb1be8-2026.04.04.14.22_amd64.files
pr2_kinematics,1.0.11-4-gffb1be8-2026.04.04.14.28,https://github.com/PR2/pr2_kinematics/tree/noetic-devel,success,pr2_kinematics_1.0.11-4-gffb1be8-2026.04.04.14.28-bloom_generate.log,ros-one-pr2-kinematics_1.0.11-4-gffb1be8-2026.04.04.14.28_amd64-2026-04-04T14:28:10Z.build,ros-one-pr2-kinematics_1.0.11-4-gffb1be8-2026.04.04.14.28_amd64.deb,ros-one-pr2-kinematics_1.0.11-4-gffb1be8-2026.04.04.14.28_amd64.files
qb_hand,0-2026.04.04.14.33,https://github.com/ros-o/qbhand-ros/tree/obese-devel,success,qb_hand_0-2026.04.04.14.33-bloom_generate.log,ros-one-qb-hand_0-2026.04.04.14.33_amd64-2026-04-04T14:33:18Z.build,ros-one-qb-hand_0-2026.04.04.14.33_amd64.deb,ros-one-qb-hand_0-2026.04.04.14.33_amd64.files
qb_hand_control,0-2026.04.04.14.38,https://github.com/ros-o/qbhand-ros/tree/obese-devel,success,qb_hand_control_0-2026.04.04.14.38-bloom_generate.log,ros-one-qb-hand-control_0-2026.04.04.14.38_amd64-2026-04-04T14:38:21Z.build,ros-one-qb-hand-control_0-2026.04.04.14.38_amd64.deb,ros-one-qb-hand-control_0-2026.04.04.14.38_amd64.files
qb_hand_description,0-2026.04.04.14.43,https://github.com/ros-o/qbhand-ros/tree/obese-devel,success,qb_hand_description_0-2026.04.04.14.43-bloom_generate.log,ros-one-qb-hand-description_0-2026.04.04.14.43_amd64-2026-04-04T14:43:26Z.build,ros-one-qb-hand-description_0-2026.04.04.14.43_amd64.deb,ros-one-qb-hand-description_0-2026.04.04.14.43_amd64.files
qb_hand_gazebo,0-2026.04.04.14.48,https://github.com/ros-o/qbhand-ros/tree/obese-devel,failed-sbuild,qb_hand_gazebo_0-2026.04.04.14.48-bloom_generate.log,ros-one-qb-hand-gazebo_0-2026.04.04.14.48_amd64-2026-04-04T14:48:32Z.build,,
qb_hand_hardware_interface,0-2026.04.04.14.53,https://github.com/ros-o/qbhand-ros/tree/obese-devel,success,qb_hand_hardware_interface_0-2026.04.04.14.53-bloom_generate.log,ros-one-qb-hand-hardware-interface_0-2026.04.04.14.53_amd64-2026-04-04T14:53:09Z.build,ros-one-qb-hand-hardware-interface_0-2026.04.04.14.53_amd64.deb,ros-one-qb-hand-hardware-interface_0-2026.04.04.14.53_amd64.files
rqt_robot_dashboard,0.5.8-2-gfdf60f4-2026.04.04.14.58,https://github.com/ros-visualization/rqt_robot_dashboard/tree/master,success,rqt_robot_dashboard_0.5.8-2-gfdf60f4-2026.04.04.14.58-bloom_generate.log,ros-one-rqt-robot-dashboard_0.5.8-2-gfdf60f4-2026.04.04.14.58_amd64-2026-04-04T14:58:40Z.build,ros-one-rqt-robot-dashboard_0.5.8-2-gfdf60f4-2026.04.04.14.58_amd64.deb,ros-one-rqt-robot-dashboard_0.5.8-2-gfdf60f4-2026.04.04.14.58_amd64.files
teb_local_planner,0-2026.04.04.15.03,https://github.com/ros-o/teb_local_planner/tree/obese-devel,success,teb_local_planner_0-2026.04.04.15.03-bloom_generate.log,ros-one-teb-local-planner_0-2026.04.04.15.03_amd64-2026-04-04T15:03:51Z.build,ros-one-teb-local-planner_0-2026.04.04.15.03_amd64.deb,ros-one-teb-local-planner_0-2026.04.04.15.03_amd64.files
cpr_onav_description,0.1.13-2026.04.04.14.22,https://github.com/cpr-application/cpr_onav_description/tree/main,success,cpr_onav_description_0.1.13-2026.04.04.14.22-bloom_generate.log,ros-one-cpr-onav-description_0.1.13-2026.04.04.14.22_amd64-2026-04-04T14:22:16Z.build,ros-one-cpr-onav-description_0.1.13-2026.04.04.14.22_amd64.deb,ros-one-cpr-onav-description_0.1.13-2026.04.04.14.22_amd64.files
moveit_monitoring,1.0.0-2026.04.04.14.28,https://github.com/v4hn/moveit_monitoring/tree/main,success,moveit_monitoring_1.0.0-2026.04.04.14.28-bloom_generate.log,ros-one-moveit-monitoring_1.0.0-2026.04.04.14.28_amd64-2026-04-04T14:28:21Z.build,ros-one-moveit-monitoring_1.0.0-2026.04.04.14.28_amd64.deb,ros-one-moveit-monitoring_1.0.0-2026.04.04.14.28_amd64.files
moveit_opw_kinematics_plugin,0.4.0-4-gfa51c00-2026.04.04.14.34,https://github.com/JeroenDM/moveit_opw_kinematics_plugin/tree/noetic-devel,success,moveit_opw_kinematics_plugin_0.4.0-4-gfa51c00-2026.04.04.14.34-bloom_generate.log,ros-one-moveit-opw-kinematics-plugin_0.4.0-4-gfa51c00-2026.04.04.14.34_amd64-2026-04-04T14:34:52Z.build,ros-one-moveit-opw-kinematics-plugin_0.4.0-4-gfa51c00-2026.04.04.14.34_amd64.deb,ros-one-moveit-opw-kinematics-plugin_0.4.0-4-gfa51c00-2026.04.04.14.34_amd64.files
moveit_sim_controller,0.3.0-1-g94aa292-2026.04.04.14.41,https://github.com/PickNikRobotics/moveit_sim_controller/tree/noetic-devel,success,moveit_sim_controller_0.3.0-1-g94aa292-2026.04.04.14.41-bloom_generate.log,ros-one-moveit-sim-controller_0.3.0-1-g94aa292-2026.04.04.14.41_amd64-2026-04-04T14:41:18Z.build,ros-one-moveit-sim-controller_0.3.0-1-g94aa292-2026.04.04.14.41_amd64.deb,ros-one-moveit-sim-controller_0.3.0-1-g94aa292-2026.04.04.14.41_amd64.files
moveit_visual_tools,3.6.1-4-g8899ab4-2026.04.04.14.47,https://github.com/moveit/moveit_visual_tools/tree/noetic-devel,success,moveit_visual_tools_3.6.1-4-g8899ab4-2026.04.04.14.47-bloom_generate.log,ros-one-moveit-visual-tools_3.6.1-4-g8899ab4-2026.04.04.14.47_amd64-2026-04-04T14:47:59Z.build,ros-one-moveit-visual-tools_3.6.1-4-g8899ab4-2026.04.04.14.47_amd64.deb,ros-one-moveit-visual-tools_3.6.1-4-g8899ab4-2026.04.04.14.47_amd64.files
panda_moveit_config,0.8.1-7-ga86da56-2026.04.04.14.55,https://github.com/moveit/panda_moveit_config/tree/noetic-devel,success,panda_moveit_config_0.8.1-7-ga86da56-2026.04.04.14.55-bloom_generate.log,ros-one-panda-moveit-config_0.8.1-7-ga86da56-2026.04.04.14.55_amd64-2026-04-04T14:55:18Z.build,ros-one-panda-moveit-config_0.8.1-7-ga86da56-2026.04.04.14.55_amd64.deb,ros-one-panda-moveit-config_0.8.1-7-ga86da56-2026.04.04.14.55_amd64.files
rqt_action,0.4.9-14-gfd461f4-2026.04.04.15.01,https://github.com/ros-visualization/rqt_action/tree/master,success,rqt_action_0.4.9-14-gfd461f4-2026.04.04.15.01-bloom_generate.log,ros-one-rqt-action_0.4.9-14-gfd461f4-2026.04.04.15.01_amd64-2026-04-04T15:01:12Z.build,ros-one-rqt-action_0.4.9-14-gfd461f4-2026.04.04.15.01_amd64.deb,ros-one-rqt-action_0.4.9-14-gfd461f4-2026.04.04.15.01_amd64.files
rqt_srv,0.4.9-1-g876365e-2026.04.04.15.07,https://github.com/ros-visualization/rqt_srv/tree/master,success,rqt_srv_0.4.9-1-g876365e-2026.04.04.15.07-bloom_generate.log,ros-one-rqt-srv_0.4.9-1-g876365e-2026.04.04.15.07_amd64-2026-04-04T15:07:07Z.build,ros-one-rqt-srv_0.4.9-1-g876365e-2026.04.04.15.07_amd64.deb,ros-one-rqt-srv_0.4.9-1-g876365e-2026.04.04.15.07_amd64.files
sensor_filters,1.1.1-1-g15e4c60-2026.04.04.15.13,https://github.com/ctu-vras/sensor_filters/tree/master,failed-sbuild,sensor_filters_1.1.1-1-g15e4c60-2026.04.04.15.13-bloom_generate.log,ros-one-sensor-filters_1.1.1-1-g15e4c60-2026.04.04.15.13_amd64-2026-04-04T15:13:02Z.build,,
robot_body_filter,1.3.2-2-gb6635e9-2026.04.04.14.22,https://github.com/peci1/robot_body_filter/tree/master,success,robot_body_filter_1.3.2-2-gb6635e9-2026.04.04.14.22-bloom_generate.log,ros-one-robot-body-filter_1.3.2-2-gb6635e9-2026.04.04.14.22_amd64-2026-04-04T14:22:05Z.build,ros-one-robot-body-filter_1.3.2-2-gb6635e9-2026.04.04.14.22_amd64.deb,ros-one-robot-body-filter_1.3.2-2-gb6635e9-2026.04.04.14.22_amd64.files
urdf_sim_tutorial,0.6.0-2-g49896ca-2026.04.04.14.29,https://github.com/ros/urdf_sim_tutorial/tree/ros1,success,urdf_sim_tutorial_0.6.0-2-g49896ca-2026.04.04.14.29-bloom_generate.log,ros-one-urdf-sim-tutorial_0.6.0-2-g49896ca-2026.04.04.14.29_amd64-2026-04-04T14:30:00Z.build,ros-one-urdf-sim-tutorial_0.6.0-2-g49896ca-2026.04.04.14.29_amd64.deb,ros-one-urdf-sim-tutorial_0.6.0-2-g49896ca-2026.04.04.14.29_amd64.files
universal_robots,1.5.0-1-gf2f8613-2026.04.04.15.31,https://github.com/ros-industrial/universal_robot/tree/noetic-devel,success,universal_robots_1.5.0-1-gf2f8613-2026.04.04.15.31-bloom_generate.log,ros-one-universal-robots_1.5.0-1-gf2f8613-2026.04.04.15.31_amd64-2026-04-04T15:31:29Z.build,ros-one-universal-robots_1.5.0-1-gf2f8613-2026.04.04.15.31_amd64.deb,ros-one-universal-robots_1.5.0-1-gf2f8613-2026.04.04.15.31_amd64.files
ur10_moveit_config,1.5.0-1-gf2f8613-2026.04.04.15.37,https://github.com/ros-industrial/universal_robot/tree/noetic-devel,success,ur10_moveit_config_1.5.0-1-gf2f8613-2026.04.04.15.37-bloom_generate.log,ros-one-ur10-moveit-config_1.5.0-1-gf2f8613-2026.04.04.15.37_amd64-2026-04-04T15:37:49Z.build,ros-one-ur10-moveit-config_1.5.0-1-gf2f8613-2026.04.04.15.37_amd64.deb,ros-one-ur10-moveit-config_1.5.0-1-gf2f8613-2026.04.04.15.37_amd64.files
ur10e_moveit_config,1.5.0-1-gf2f8613-2026.04.04.15.44,https://github.com/ros-industrial/universal_robot/tree/noetic-devel,success,ur10e_moveit_config_1.5.0-1-gf2f8613-2026.04.04.15.44-bloom_generate.log,ros-one-ur10e-moveit-config_1.5.0-1-gf2f8613-2026.04.04.15.44_amd64-2026-04-04T15:44:08Z.build,ros-one-ur10e-moveit-config_1.5.0-1-gf2f8613-2026.04.04.15.44_amd64.deb,ros-one-ur10e-moveit-config_1.5.0-1-gf2f8613-2026.04.04.15.44_amd64.files
ur12e_moveit_config,1.5.0-1-gf2f8613-2026.04.04.15.50,https://github.com/ros-industrial/universal_robot/tree/noetic-devel,success,ur12e_moveit_config_1.5.0-1-gf2f8613-2026.04.04.15.50-bloom_generate.log,ros-one-ur12e-moveit-config_1.5.0-1-gf2f8613-2026.04.04.15.50_amd64-2026-04-04T15:50:29Z.build,ros-one-ur12e-moveit-config_1.5.0-1-gf2f8613-2026.04.04.15.50_amd64.deb,ros-one-ur12e-moveit-config_1.5.0-1-gf2f8613-2026.04.04.15.50_amd64.files
ur15_moveit_config,1.5.0-1-gf2f8613-2026.04.04.15.56,https://github.com/ros-industrial/universal_robot/tree/noetic-devel,success,ur15_moveit_config_1.5.0-1-gf2f8613-2026.04.04.15.56-bloom_generate.log,ros-one-ur15-moveit-config_1.5.0-1-gf2f8613-2026.04.04.15.56_amd64-2026-04-04T15:56:51Z.build,ros-one-ur15-moveit-config_1.5.0-1-gf2f8613-2026.04.04.15.56_amd64.deb,ros-one-ur15-moveit-config_1.5.0-1-gf2f8613-2026.04.04.15.56_amd64.files
ur16e_moveit_config,1.5.0-1-gf2f8613-2026.04.04.16.03,https://github.com/ros-industrial/universal_robot/tree/noetic-devel,success,ur16e_moveit_config_1.5.0-1-gf2f8613-2026.04.04.16.03-bloom_generate.log,ros-one-ur16e-moveit-config_1.5.0-1-gf2f8613-2026.04.04.16.03_amd64-2026-04-04T16:03:12Z.build,ros-one-ur16e-moveit-config_1.5.0-1-gf2f8613-2026.04.04.16.03_amd64.deb,ros-one-ur16e-moveit-config_1.5.0-1-gf2f8613-2026.04.04.16.03_amd64.files
ur18_moveit_config,1.5.0-1-gf2f8613-2026.04.04.16.09,https://github.com/ros-industrial/universal_robot/tree/noetic-devel,success,ur18_moveit_config_1.5.0-1-gf2f8613-2026.04.04.16.09-bloom_generate.log,ros-one-ur18-moveit-config_1.5.0-1-gf2f8613-2026.04.04.16.09_amd64-2026-04-04T16:09:35Z.build,ros-one-ur18-moveit-config_1.5.0-1-gf2f8613-2026.04.04.16.09_amd64.deb,ros-one-ur18-moveit-config_1.5.0-1-gf2f8613-2026.04.04.16.09_amd64.files
ur20_moveit_config,1.5.0-1-gf2f8613-2026.04.04.16.15,https://github.com/ros-industrial/universal_robot/tree/noetic-devel,success,ur20_moveit_config_1.5.0-1-gf2f8613-2026.04.04.16.15-bloom_generate.log,ros-one-ur20-moveit-config_1.5.0-1-gf2f8613-2026.04.04.16.15_amd64-2026-04-04T16:15:56Z.build,ros-one-ur20-moveit-config_1.5.0-1-gf2f8613-2026.04.04.16.15_amd64.deb,ros-one-ur20-moveit-config_1.5.0-1-gf2f8613-2026.04.04.16.15_amd64.files
ur30_moveit_config,1.5.0-1-gf2f8613-2026.04.04.16.22,https://github.com/ros-industrial/universal_robot/tree/noetic-devel,success,ur30_moveit_config_1.5.0-1-gf2f8613-2026.04.04.16.22-bloom_generate.log,ros-one-ur30-moveit-config_1.5.0-1-gf2f8613-2026.04.04.16.22_amd64-2026-04-04T16:22:17Z.build,ros-one-ur30-moveit-config_1.5.0-1-gf2f8613-2026.04.04.16.22_amd64.deb,ros-one-ur30-moveit-config_1.5.0-1-gf2f8613-2026.04.04.16.22_amd64.files
ur3_moveit_config,1.5.0-1-gf2f8613-2026.04.04.16.28,https://github.com/ros-industrial/universal_robot/tree/noetic-devel,success,ur3_moveit_config_1.5.0-1-gf2f8613-2026.04.04.16.28-bloom_generate.log,ros-one-ur3-moveit-config_1.5.0-1-gf2f8613-2026.04.04.16.28_amd64-2026-04-04T16:28:42Z.build,ros-one-ur3-moveit-config_1.5.0-1-gf2f8613-2026.04.04.16.28_amd64.deb,ros-one-ur3-moveit-config_1.5.0-1-gf2f8613-2026.04.04.16.28_amd64.files
ur3e_moveit_config,1.5.0-1-gf2f8613-2026.04.04.16.35,https://github.com/ros-industrial/universal_robot/tree/noetic-devel,success,ur3e_moveit_config_1.5.0-1-gf2f8613-2026.04.04.16.35-bloom_generate.log,ros-one-ur3e-moveit-config_1.5.0-1-gf2f8613-2026.04.04.16.35_amd64-2026-04-04T16:35:05Z.build,ros-one-ur3e-moveit-config_1.5.0-1-gf2f8613-2026.04.04.16.35_amd64.deb,ros-one-ur3e-moveit-config_1.5.0-1-gf2f8613-2026.04.04.16.35_amd64.files
ur5_moveit_config,1.5.0-1-gf2f8613-2026.04.04.16.41,https://github.com/ros-industrial/universal_robot/tree/noetic-devel,success,ur5_moveit_config_1.5.0-1-gf2f8613-2026.04.04.16.41-bloom_generate.log,ros-one-ur5-moveit-config_1.5.0-1-gf2f8613-2026.04.04.16.41_amd64-2026-04-04T16:41:28Z.build,ros-one-ur5-moveit-config_1.5.0-1-gf2f8613-2026.04.04.16.41_amd64.deb,ros-one-ur5-moveit-config_1.5.0-1-gf2f8613-2026.04.04.16.41_amd64.files
ur5e_moveit_config,1.5.0-1-gf2f8613-2026.04.04.16.47,https://github.com/ros-industrial/universal_robot/tree/noetic-devel,success,ur5e_moveit_config_1.5.0-1-gf2f8613-2026.04.04.16.47-bloom_generate.log,ros-one-ur5e-moveit-config_1.5.0-1-gf2f8613-2026.04.04.16.47_amd64-2026-04-04T16:47:50Z.build,ros-one-ur5e-moveit-config_1.5.0-1-gf2f8613-2026.04.04.16.47_amd64.deb,ros-one-ur5e-moveit-config_1.5.0-1-gf2f8613-2026.04.04.16.47_amd64.files
ur7e_moveit_config,1.5.0-1-gf2f8613-2026.04.04.16.54,https://github.com/ros-industrial/universal_robot/tree/noetic-devel,success,ur7e_moveit_config_1.5.0-1-gf2f8613-2026.04.04.16.54-bloom_generate.log,ros-one-ur7e-moveit-config_1.5.0-1-gf2f8613-2026.04.04.16.54_amd64-2026-04-04T16:54:15Z.build,ros-one-ur7e-moveit-config_1.5.0-1-gf2f8613-2026.04.04.16.54_amd64.deb,ros-one-ur7e-moveit-config_1.5.0-1-gf2f8613-2026.04.04.16.54_amd64.files
ur8long_moveit_config,1.5.0-1-gf2f8613-2026.04.04.17.00,https://github.com/ros-industrial/universal_robot/tree/noetic-devel,success,ur8long_moveit_config_1.5.0-1-gf2f8613-2026.04.04.17.00-bloom_generate.log,ros-one-ur8long-moveit-config_1.5.0-1-gf2f8613-2026.04.04.17.00_amd64-2026-04-04T17:00:40Z.build,ros-one-ur8long-moveit-config_1.5.0-1-gf2f8613-2026.04.04.17.00_amd64.deb,ros-one-ur8long-moveit-config_1.5.0-1-gf2f8613-2026.04.04.17.00_amd64.files
ur_description,1.5.0-1-gf2f8613-2026.04.04.17.07,https://github.com/ros-industrial/universal_robot/tree/noetic-devel,success,ur_description_1.5.0-1-gf2f8613-2026.04.04.17.07-bloom_generate.log,ros-one-ur-description_1.5.0-1-gf2f8613-2026.04.04.17.07_amd64-2026-04-04T17:07:05Z.build,ros-one-ur-description_1.5.0-1-gf2f8613-2026.04.04.17.07_amd64.deb,ros-one-ur-description_1.5.0-1-gf2f8613-2026.04.04.17.07_amd64.files
ur_gazebo,1.5.0-1-gf2f8613-2026.04.04.17.13,https://github.com/ros-industrial/universal_robot/tree/noetic-devel,success,ur_gazebo_1.5.0-1-gf2f8613-2026.04.04.17.13-bloom_generate.log,ros-one-ur-gazebo_1.5.0-1-gf2f8613-2026.04.04.17.13_amd64-2026-04-04T17:13:48Z.build,ros-one-ur-gazebo_1.5.0-1-gf2f8613-2026.04.04.17.13_amd64.deb,ros-one-ur-gazebo_1.5.0-1-gf2f8613-2026.04.04.17.13_amd64.files
ur_kinematics,1.5.0-1-gf2f8613-2026.04.04.17.20,https://github.com/ros-industrial/universal_robot/tree/noetic-devel,success,ur_kinematics_1.5.0-1-gf2f8613-2026.04.04.17.20-bloom_generate.log,ros-one-ur-kinematics_1.5.0-1-gf2f8613-2026.04.04.17.20_amd64-2026-04-04T17:20:13Z.build,ros-one-ur-kinematics_1.5.0-1-gf2f8613-2026.04.04.17.20_amd64.deb,ros-one-ur-kinematics_1.5.0-1-gf2f8613-2026.04.04.17.20_amd64.files
audio_video_recorder,2.2.13-54-ge738ffd4-2026.04.04.15.31,https://github.com/ros-o/jsk_common/tree/obese-devel,success,audio_video_recorder_2.2.13-54-ge738ffd4-2026.04.04.15.31-bloom_generate.log,ros-one-audio-video-recorder_2.2.13-54-ge738ffd4-2026.04.04.15.31_amd64-2026-04-04T15:31:32Z.build,ros-one-audio-video-recorder_2.2.13-54-ge738ffd4-2026.04.04.15.31_amd64.deb,ros-one-audio-video-recorder_2.2.13-54-ge738ffd4-2026.04.04.15.31_amd64.files
dynamic_tf_publisher,2.2.13-54-ge738ffd4-2026.04.04.15.38,https://github.com/ros-o/jsk_common/tree/obese-devel,success,dynamic_tf_publisher_2.2.13-54-ge738ffd4-2026.04.04.15.38-bloom_generate.log,ros-one-dynamic-tf-publisher_2.2.13-54-ge738ffd4-2026.04.04.15.38_amd64-2026-04-04T15:38:13Z.build,ros-one-dynamic-tf-publisher_2.2.13-54-ge738ffd4-2026.04.04.15.38_amd64.deb,ros-one-dynamic-tf-publisher_2.2.13-54-ge738ffd4-2026.04.04.15.38_amd64.files
image_view2,2.2.13-54-ge738ffd4-2026.04.04.15.44,https://github.com/ros-o/jsk_common/tree/obese-devel,success,image_view2_2.2.13-54-ge738ffd4-2026.04.04.15.44-bloom_generate.log,ros-one-image-view2_2.2.13-54-ge738ffd4-2026.04.04.15.44_amd64-2026-04-04T15:44:57Z.build,ros-one-image-view2_2.2.13-54-ge738ffd4-2026.04.04.15.44_amd64.deb,ros-one-image-view2_2.2.13-54-ge738ffd4-2026.04.04.15.44_amd64.files
industrial_robot_status_interface,0.1.2-5-gab74b6e-2026.04.04.15.52,https://github.com/gavanderhoorn/industrial_robot_status_controller/tree/master,success,industrial_robot_status_interface_0.1.2-5-gab74b6e-2026.04.04.15.52-bloom_generate.log,ros-one-industrial-robot-status-interface_0.1.2-5-gab74b6e-2026.04.04.15.52_amd64-2026-04-04T15:52:58Z.build,ros-one-industrial-robot-status-interface_0.1.2-5-gab74b6e-2026.04.04.15.52_amd64.deb,ros-one-industrial-robot-status-interface_0.1.2-5-gab74b6e-2026.04.04.15.52_amd64.files
industrial_robot_status_controller,0.1.2-5-gab74b6e-2026.04.04.15.59,https://github.com/gavanderhoorn/industrial_robot_status_controller/tree/master,success,industrial_robot_status_controller_0.1.2-5-gab74b6e-2026.04.04.15.59-bloom_generate.log,ros-one-industrial-robot-status-controller_0.1.2-5-gab74b6e-2026.04.04.15.59_amd64-2026-04-04T15:59:27Z.build,ros-one-industrial-robot-status-controller_0.1.2-5-gab74b6e-2026.04.04.15.59_amd64.deb,ros-one-industrial-robot-status-controller_0.1.2-5-gab74b6e-2026.04.04.15.59_amd64.files
jsk_common,2.2.13-54-ge738ffd4-2026.04.04.16.06,https://github.com/ros-o/jsk_common/tree/obese-devel,success,jsk_common_2.2.13-54-ge738ffd4-2026.04.04.16.06-bloom_generate.log,ros-one-jsk-common_2.2.13-54-ge738ffd4-2026.04.04.16.06_amd64-2026-04-04T16:06:09Z.build,ros-one-jsk-common_2.2.13-54-ge738ffd4-2026.04.04.16.06_amd64.deb,ros-one-jsk-common_2.2.13-54-ge738ffd4-2026.04.04.16.06_amd64.files
jsk_data,2.2.13-54-ge738ffd4-2026.04.04.16.12,https://github.com/ros-o/jsk_common/tree/obese-devel,success,jsk_data_2.2.13-54-ge738ffd4-2026.04.04.16.12-bloom_generate.log,ros-one-jsk-data_2.2.13-54-ge738ffd4-2026.04.04.16.12_amd64-2026-04-04T16:12:32Z.build,ros-one-jsk-data_2.2.13-54-ge738ffd4-2026.04.04.16.12_amd64.deb,ros-one-jsk-data_2.2.13-54-ge738ffd4-2026.04.04.16.12_amd64.files
jsk_network_tools,2.2.13-54-ge738ffd4-2026.04.04.16.19,https://github.com/ros-o/jsk_common/tree/obese-devel,success,jsk_network_tools_2.2.13-54-ge738ffd4-2026.04.04.16.19-bloom_generate.log,ros-one-jsk-network-tools_2.2.13-54-ge738ffd4-2026.04.04.16.19_amd64-2026-04-04T16:19:13Z.build,ros-one-jsk-network-tools_2.2.13-54-ge738ffd4-2026.04.04.16.19_amd64.deb,ros-one-jsk-network-tools_2.2.13-54-ge738ffd4-2026.04.04.16.19_amd64.files
jsk_tilt_laser,2.2.13-54-ge738ffd4-2026.04.04.16.26,https://github.com/ros-o/jsk_common/tree/obese-devel,success,jsk_tilt_laser_2.2.13-54-ge738ffd4-2026.04.04.16.26-bloom_generate.log,ros-one-jsk-tilt-laser_2.2.13-54-ge738ffd4-2026.04.04.16.26_amd64-2026-04-04T16:26:05Z.build,ros-one-jsk-tilt-laser_2.2.13-54-ge738ffd4-2026.04.04.16.26_amd64.deb,ros-one-jsk-tilt-laser_2.2.13-54-ge738ffd4-2026.04.04.16.26_amd64.files
jsk_tools,2.2.13-54-ge738ffd4-2026.04.04.16.33,https://github.com/ros-o/jsk_common/tree/obese-devel,success,jsk_tools_2.2.13-54-ge738ffd4-2026.04.04.16.33-bloom_generate.log,ros-one-jsk-tools_2.2.13-54-ge738ffd4-2026.04.04.16.33_amd64-2026-04-04T16:33:27Z.build,ros-one-jsk-tools_2.2.13-54-ge738ffd4-2026.04.04.16.33_amd64.deb,ros-one-jsk-tools_2.2.13-54-ge738ffd4-2026.04.04.16.33_amd64.files
jsk_topic_tools,2.2.13-54-ge738ffd4-2026.04.04.16.39,https://github.com/ros-o/jsk_common/tree/obese-devel,success,jsk_topic_tools_2.2.13-54-ge738ffd4-2026.04.04.16.39-bloom_generate.log,ros-one-jsk-topic-tools_2.2.13-54-ge738ffd4-2026.04.04.16.39_amd64-2026-04-04T16:40:00Z.build,ros-one-jsk-topic-tools_2.2.13-54-ge738ffd4-2026.04.04.16.39_amd64.deb,ros-one-jsk-topic-tools_2.2.13-54-ge738ffd4-2026.04.04.16.39_amd64.files
moveit_calibration_plugins,0.1.1-10-ga883ec2-2026.04.04.16.48,https://github.com/moveit/moveit_calibration/tree/master,success,moveit_calibration_plugins_0.1.1-10-ga883ec2-2026.04.04.16.48-bloom_generate.log,ros-one-moveit-calibration-plugins_0.1.1-10-ga883ec2-2026.04.04.16.48_amd64-2026-04-04T16:48:40Z.build,ros-one-moveit-calibration-plugins_0.1.1-10-ga883ec2-2026.04.04.16.48_amd64.deb,ros-one-moveit-calibration-plugins_0.1.1-10-ga883ec2-2026.04.04.16.48_amd64.files
moveit_calibration_gui,0.1.1-10-ga883ec2-2026.04.04.16.56,https://github.com/moveit/moveit_calibration/tree/master,success,moveit_calibration_gui_0.1.1-10-ga883ec2-2026.04.04.16.56-bloom_generate.log,ros-one-moveit-calibration-gui_0.1.1-10-ga883ec2-2026.04.04.16.56_amd64-2026-04-04T16:56:15Z.build,ros-one-moveit-calibration-gui_0.1.1-10-ga883ec2-2026.04.04.16.56_amd64.deb,ros-one-moveit-calibration-gui_0.1.1-10-ga883ec2-2026.04.04.16.56_amd64.files
moveit_tutorials,0-2026.04.04.17.05,https://github.com/moveit/moveit_tutorials/tree/master,success,moveit_tutorials_0-2026.04.04.17.05-bloom_generate.log,ros-one-moveit-tutorials_0-2026.04.04.17.05_amd64-2026-04-04T17:05:47Z.build,ros-one-moveit-tutorials_0-2026.04.04.17.05_amd64.deb,ros-one-moveit-tutorials_0-2026.04.04.17.05_amd64.files
multi_map_server,2.2.13-54-ge738ffd4-2026.04.04.17.16,https://github.com/ros-o/jsk_common/tree/obese-devel,success,multi_map_server_2.2.13-54-ge738ffd4-2026.04.04.17.16-bloom_generate.log,ros-one-multi-map-server_2.2.13-54-ge738ffd4-2026.04.04.17.16_amd64-2026-04-04T17:16:04Z.build,ros-one-multi-map-server_2.2.13-54-ge738ffd4-2026.04.04.17.16_amd64.deb,ros-one-multi-map-server_2.2.13-54-ge738ffd4-2026.04.04.17.16_amd64.files
rqt_common_plugins,0.4.9-2-gb89e918e-2026.04.04.17.23,https://github.com/ros-visualization/rqt_common_plugins/tree/master,success,rqt_common_plugins_0.4.9-2-gb89e918e-2026.04.04.17.23-bloom_generate.log,ros-one-rqt-common-plugins_0.4.9-2-gb89e918e-2026.04.04.17.23_amd64-2026-04-04T17:23:53Z.build,ros-one-rqt-common-plugins_0.4.9-2-gb89e918e-2026.04.04.17.23_amd64.deb,ros-one-rqt-common-plugins_0.4.9-2-gb89e918e-2026.04.04.17.23_amd64.files
rqt_pr2_dashboard,0.4.2-2026.04.04.17.30,https://github.com/PR2/rqt_pr2_dashboard/tree/kinetic-devel,success,rqt_pr2_dashboard_0.4.2-2026.04.04.17.30-bloom_generate.log,ros-one-rqt-pr2-dashboard_0.4.2-2026.04.04.17.30_amd64-2026-04-04T17:30:23Z.build,ros-one-rqt-pr2-dashboard_0.4.2-2026.04.04.17.30_amd64.deb,ros-one-rqt-pr2-dashboard_0.4.2-2026.04.04.17.30_amd64.files
virtual_force_publisher,2.2.13-54-ge738ffd4-2026.04.04.17.36,https://github.com/ros-o/jsk_common/tree/obese-devel,success,virtual_force_publisher_2.2.13-54-ge738ffd4-2026.04.04.17.36-bloom_generate.log,ros-one-virtual-force-publisher_2.2.13-54-ge738ffd4-2026.04.04.17.36_amd64-2026-04-04T17:36:52Z.build,ros-one-virtual-force-publisher_2.2.13-54-ge738ffd4-2026.04.04.17.36_amd64.deb,ros-one-virtual-force-publisher_2.2.13-54-ge738ffd4-2026.04.04.17.36_amd64.files
husky_control,0.6.10-3-g41e15d2-2026.04.04.15.31,https://github.com/husky/husky/tree/noetic-devel,success,husky_control_0.6.10-3-g41e15d2-2026.04.04.15.31-bloom_generate.log,ros-one-husky-control_0.6.10-3-g41e15d2-2026.04.04.15.31_amd64-2026-04-04T15:31:40Z.build,ros-one-husky-control_0.6.10-3-g41e15d2-2026.04.04.15.31_amd64.deb,ros-one-husky-control_0.6.10-3-g41e15d2-2026.04.04.15.31_amd64.files
husky_description,0.6.10-3-g41e15d2-2026.04.04.15.38,https://github.com/husky/husky/tree/noetic-devel,success,husky_description_0.6.10-3-g41e15d2-2026.04.04.15.38-bloom_generate.log,ros-one-husky-description_0.6.10-3-g41e15d2-2026.04.04.15.38_amd64-2026-04-04T15:38:19Z.build,ros-one-husky-description_0.6.10-3-g41e15d2-2026.04.04.15.38_amd64.deb,ros-one-husky-description_0.6.10-3-g41e15d2-2026.04.04.15.38_amd64.files
husky_desktop,0.6.10-3-g41e15d2-2026.04.04.15.44,https://github.com/husky/husky/tree/noetic-devel,success,husky_desktop_0.6.10-3-g41e15d2-2026.04.04.15.44-bloom_generate.log,ros-one-husky-desktop_0.6.10-3-g41e15d2-2026.04.04.15.44_amd64-2026-04-04T15:45:00Z.build,ros-one-husky-desktop_0.6.10-3-g41e15d2-2026.04.04.15.44_amd64.deb,ros-one-husky-desktop_0.6.10-3-g41e15d2-2026.04.04.15.44_amd64.files
husky_gazebo,0.6.10-3-g41e15d2-2026.04.04.15.51,https://github.com/husky/husky/tree/noetic-devel,failed-bloom-generate,husky_gazebo_0.6.10-3-g41e15d2-2026.04.04.15.51-bloom_generate.log,,,
husky_msgs,0.6.10-3-g41e15d2-2026.04.04.15.51,https://github.com/husky/husky/tree/noetic-devel,success,husky_msgs_0.6.10-3-g41e15d2-2026.04.04.15.51-bloom_generate.log,ros-one-husky-msgs_0.6.10-3-g41e15d2-2026.04.04.15.51_amd64-2026-04-04T15:51:31Z.build,ros-one-husky-msgs_0.6.10-3-g41e15d2-2026.04.04.15.51_amd64.deb,ros-one-husky-msgs_0.6.10-3-g41e15d2-2026.04.04.15.51_amd64.files
husky_navigation,0.6.10-3-g41e15d2-2026.04.04.15.58,https://github.com/husky/husky/tree/noetic-devel,success,husky_navigation_0.6.10-3-g41e15d2-2026.04.04.15.58-bloom_generate.log,ros-one-husky-navigation_0.6.10-3-g41e15d2-2026.04.04.15.58_amd64-2026-04-04T15:58:09Z.build,ros-one-husky-navigation_0.6.10-3-g41e15d2-2026.04.04.15.58_amd64.deb,ros-one-husky-navigation_0.6.10-3-g41e15d2-2026.04.04.15.58_amd64.files
husky_simulator,0.6.10-3-g41e15d2-2026.04.04.16.04,https://github.com/husky/husky/tree/noetic-devel,success,husky_simulator_0.6.10-3-g41e15d2-2026.04.04.16.04-bloom_generate.log,ros-one-husky-simulator_0.6.10-3-g41e15d2-2026.04.04.16.04_amd64-2026-04-04T16:04:50Z.build,ros-one-husky-simulator_0.6.10-3-g41e15d2-2026.04.04.16.04_amd64.deb,ros-one-husky-simulator_0.6.10-3-g41e15d2-2026.04.04.16.04_amd64.files
husky_viz,0.6.10-3-g41e15d2-2026.04.04.16.11,https://github.com/husky/husky/tree/noetic-devel,success,husky_viz_0.6.10-3-g41e15d2-2026.04.04.16.11-bloom_generate.log,ros-one-husky-viz_0.6.10-3-g41e15d2-2026.04.04.16.11_amd64-2026-04-04T16:11:23Z.build,ros-one-husky-viz_0.6.10-3-g41e15d2-2026.04.04.16.11_amd64.deb,ros-one-husky-viz_0.6.10-3-g41e15d2-2026.04.04.16.11_amd64.files
mtc_pour,1.0.0-10-g65abf3c-2026.04.04.16.18,https://github.com/TAMS-Group/mtc_pour/tree/master,success,mtc_pour_1.0.0-10-g65abf3c-2026.04.04.16.18-bloom_generate.log,ros-one-mtc-pour_1.0.0-10-g65abf3c-2026.04.04.16.18_amd64-2026-04-04T16:18:06Z.build,ros-one-mtc-pour_1.0.0-10-g65abf3c-2026.04.04.16.18_amd64.deb,ros-one-mtc-pour_1.0.0-10-g65abf3c-2026.04.04.16.18_amd64.files
pass_through_controllers,0.1.0-13-ga521025-2026.04.04.16.26,https://github.com/UniversalRobots/Universal_Robots_ROS_passthrough_controllers/tree/main,success,pass_through_controllers_0.1.0-13-ga521025-2026.04.04.16.26-bloom_generate.log,ros-one-pass-through-controllers_0.1.0-13-ga521025-2026.04.04.16.26_amd64-2026-04-04T16:26:34Z.build,ros-one-pass-through-controllers_0.1.0-13-ga521025-2026.04.04.16.26_amd64.deb,ros-one-pass-through-controllers_0.1.0-13-ga521025-2026.04.04.16.26_amd64.files
rqt_robot_plugins,0.5.8-1-g6e17809-2026.04.04.16.33,https://github.com/ros-visualization/rqt_robot_plugins/tree/master,success,rqt_robot_plugins_0.5.8-1-g6e17809-2026.04.04.16.33-bloom_generate.log,ros-one-rqt-robot-plugins_0.5.8-1-g6e17809-2026.04.04.16.33_amd64-2026-04-04T16:33:50Z.build,ros-one-rqt-robot-plugins_0.5.8-1-g6e17809-2026.04.04.16.33_amd64.deb,ros-one-rqt-robot-plugins_0.5.8-1-g6e17809-2026.04.04.16.33_amd64.files
aques_talk,2.1.31-19-g5d0b67f7-2026.04.04.17.47,https://github.com/jsk-ros-pkg/jsk_3rdparty/tree/master,success,aques_talk_2.1.31-19-g5d0b67f7-2026.04.04.17.47-bloom_generate.log,ros-one-aques-talk_2.1.31-19-g5d0b67f7-2026.04.04.17.47_amd64-2026-04-04T17:47:15Z.build,ros-one-aques-talk_2.1.31-19-g5d0b67f7-2026.04.04.17.47_amd64.deb,ros-one-aques-talk_2.1.31-19-g5d0b67f7-2026.04.04.17.47_amd64.files
assimp_devel,2.1.31-19-g5d0b67f7-2026.04.04.17.53,https://github.com/jsk-ros-pkg/jsk_3rdparty/tree/master,success,assimp_devel_2.1.31-19-g5d0b67f7-2026.04.04.17.53-bloom_generate.log,ros-one-assimp-devel_2.1.31-19-g5d0b67f7-2026.04.04.17.53_amd64-2026-04-04T17:54:00Z.build,ros-one-assimp-devel_2.1.31-19-g5d0b67f7-2026.04.04.17.53_amd64.deb,ros-one-assimp-devel_2.1.31-19-g5d0b67f7-2026.04.04.17.53_amd64.files
bayesian_belief_networks,2.1.31-19-g5d0b67f7-2026.04.04.18.06,https://github.com/jsk-ros-pkg/jsk_3rdparty/tree/master,success,bayesian_belief_networks_2.1.31-19-g5d0b67f7-2026.04.04.18.06-bloom_generate.log,ros-one-bayesian-belief-networks_2.1.31-19-g5d0b67f7-2026.04.04.18.06_amd64-2026-04-04T18:06:24Z.build,ros-one-bayesian-belief-networks_2.1.31-19-g5d0b67f7-2026.04.04.18.06_amd64.deb,ros-one-bayesian-belief-networks_2.1.31-19-g5d0b67f7-2026.04.04.18.06_amd64.files
chaplus_ros,2.1.31-19-g5d0b67f7-2026.04.04.18.13,https://github.com/jsk-ros-pkg/jsk_3rdparty/tree/master,failed-sbuild,chaplus_ros_2.1.31-19-g5d0b67f7-2026.04.04.18.13-bloom_generate.log,ros-one-chaplus-ros_2.1.31-19-g5d0b67f7-2026.04.04.18.13_amd64-2026-04-04T18:13:11Z.build,,
collada_urdf_jsk_patch,2.1.31-19-g5d0b67f7-2026.04.04.18.19,https://github.com/jsk-ros-pkg/jsk_3rdparty/tree/master,failed-sbuild,collada_urdf_jsk_patch_2.1.31-19-g5d0b67f7-2026.04.04.18.19-bloom_generate.log,ros-one-collada-urdf-jsk-patch_2.1.31-19-g5d0b67f7-2026.04.04.18.19_amd64-2026-04-04T18:19:43Z.build,,
dialogflow_task_executive,2.1.31-19-g5d0b67f7-2026.04.04.18.25,https://github.com/jsk-ros-pkg/jsk_3rdparty/tree/master,failed-sbuild,dialogflow_task_executive_2.1.31-19-g5d0b67f7-2026.04.04.18.25-bloom_generate.log,ros-one-dialogflow-task-executive_2.1.31-19-g5d0b67f7-2026.04.04.18.25_amd64-2026-04-04T18:25:42Z.build,,
downward,2.1.31-19-g5d0b67f7-2026.04.04.18.32,https://github.com/jsk-ros-pkg/jsk_3rdparty/tree/master,success,downward_2.1.31-19-g5d0b67f7-2026.04.04.18.32-bloom_generate.log,ros-one-downward_2.1.31-19-g5d0b67f7-2026.04.04.18.32_amd64-2026-04-04T18:32:32Z.build,ros-one-downward_2.1.31-19-g5d0b67f7-2026.04.04.18.32_amd64.deb,ros-one-downward_2.1.31-19-g5d0b67f7-2026.04.04.18.32_amd64.files
emotion_analyzer,2.1.31-19-g5d0b67f7-2026.04.04.18.43,https://github.com/jsk-ros-pkg/jsk_3rdparty/tree/master,failed-sbuild,emotion_analyzer_2.1.31-19-g5d0b67f7-2026.04.04.18.43-bloom_generate.log,ros-one-emotion-analyzer_2.1.31-19-g5d0b67f7-2026.04.04.18.43_amd64-2026-04-04T18:43:21Z.build,,
ff,2.1.31-19-g5d0b67f7-2026.04.04.18.50,https://github.com/jsk-ros-pkg/jsk_3rdparty/tree/master,success,ff_2.1.31-19-g5d0b67f7-2026.04.04.18.50-bloom_generate.log,ros-one-ff_2.1.31-19-g5d0b67f7-2026.04.04.18.50_amd64-2026-04-04T18:50:07Z.build,ros-one-ff_2.1.31-19-g5d0b67f7-2026.04.04.18.50_amd64.deb,ros-one-ff_2.1.31-19-g5d0b67f7-2026.04.04.18.50_amd64.files
ffha,2.1.31-19-g5d0b67f7-2026.04.04.18.56,https://github.com/jsk-ros-pkg/jsk_3rdparty/tree/master,success,ffha_2.1.31-19-g5d0b67f7-2026.04.04.18.56-bloom_generate.log,ros-one-ffha_2.1.31-19-g5d0b67f7-2026.04.04.18.56_amd64-2026-04-04T18:56:55Z.build,ros-one-ffha_2.1.31-19-g5d0b67f7-2026.04.04.18.56_amd64.deb,ros-one-ffha_2.1.31-19-g5d0b67f7-2026.04.04.18.56_amd64.files
gdrive_ros,2.1.31-19-g5d0b67f7-2026.04.04.19.03,https://github.com/jsk-ros-pkg/jsk_3rdparty/tree/master,success,gdrive_ros_2.1.31-19-g5d0b67f7-2026.04.04.19.03-bloom_generate.log,ros-one-gdrive-ros_2.1.31-19-g5d0b67f7-2026.04.04.19.03_amd64-2026-04-04T19:03:50Z.build,ros-one-gdrive-ros_2.1.31-19-g5d0b67f7-2026.04.04.19.03_amd64.deb,ros-one-gdrive-ros_2.1.31-19-g5d0b67f7-2026.04.04.19.03_amd64.files
google_chat_ros,2.1.31-19-g5d0b67f7-2026.04.04.19.11,https://github.com/jsk-ros-pkg/jsk_3rdparty/tree/master,failed-sbuild,google_chat_ros_2.1.31-19-g5d0b67f7-2026.04.04.19.11-bloom_generate.log,ros-one-google-chat-ros_2.1.31-19-g5d0b67f7-2026.04.04.19.11_amd64-2026-04-04T19:11:25Z.build,,
google_cloud_texttospeech,2.1.31-19-g5d0b67f7-2026.04.04.19.18,https://github.com/jsk-ros-pkg/jsk_3rdparty/tree/master,success,google_cloud_texttospeech_2.1.31-19-g5d0b67f7-2026.04.04.19.18-bloom_generate.log,ros-one-google-cloud-texttospeech_2.1.31-19-g5d0b67f7-2026.04.04.19.18_amd64-2026-04-04T19:18:14Z.build,ros-one-google-cloud-texttospeech_2.1.31-19-g5d0b67f7-2026.04.04.19.18_amd64.deb,ros-one-google-cloud-texttospeech_2.1.31-19-g5d0b67f7-2026.04.04.19.18_amd64.files
influxdb_store,2.1.31-19-g5d0b67f7-2026.04.04.19.24,https://github.com/jsk-ros-pkg/jsk_3rdparty/tree/master,success,influxdb_store_2.1.31-19-g5d0b67f7-2026.04.04.19.24-bloom_generate.log,ros-one-influxdb-store_2.1.31-19-g5d0b67f7-2026.04.04.19.24_amd64-2026-04-04T19:24:49Z.build,ros-one-influxdb-store_2.1.31-19-g5d0b67f7-2026.04.04.19.24_amd64.deb,ros-one-influxdb-store_2.1.31-19-g5d0b67f7-2026.04.04.19.24_amd64.files
jsk_3rdparty,2.1.31-19-g5d0b67f7-2026.04.04.19.31,https://github.com/jsk-ros-pkg/jsk_3rdparty/tree/master,success,jsk_3rdparty_2.1.31-19-g5d0b67f7-2026.04.04.19.31-bloom_generate.log,ros-one-jsk-3rdparty_2.1.31-19-g5d0b67f7-2026.04.04.19.31_amd64-2026-04-04T19:31:26Z.build,ros-one-jsk-3rdparty_2.1.31-19-g5d0b67f7-2026.04.04.19.31_amd64.deb,ros-one-jsk-3rdparty_2.1.31-19-g5d0b67f7-2026.04.04.19.31_amd64.files
julius,2.1.31-19-g5d0b67f7-2026.04.04.19.38,https://github.com/jsk-ros-pkg/jsk_3rdparty/tree/master,success,julius_2.1.31-19-g5d0b67f7-2026.04.04.19.38-bloom_generate.log,ros-one-julius_2.1.31-19-g5d0b67f7-2026.04.04.19.38_amd64-2026-04-04T19:38:03Z.build,ros-one-julius_2.1.31-19-g5d0b67f7-2026.04.04.19.38_amd64.deb,ros-one-julius_2.1.31-19-g5d0b67f7-2026.04.04.19.38_amd64.files
julius_ros,2.1.31-19-g5d0b67f7-2026.04.04.19.44,https://github.com/jsk-ros-pkg/jsk_3rdparty/tree/master,failed-bloom-generate,julius_ros_2.1.31-19-g5d0b67f7-2026.04.04.19.44-bloom_generate.log,,,
laser_filters_jsk_patch,2.1.31-19-g5d0b67f7-2026.04.04.19.44,https://github.com/jsk-ros-pkg/jsk_3rdparty/tree/master,success,laser_filters_jsk_patch_2.1.31-19-g5d0b67f7-2026.04.04.19.44-bloom_generate.log,ros-one-laser-filters-jsk-patch_2.1.31-19-g5d0b67f7-2026.04.04.19.44_amd64-2026-04-04T19:44:45Z.build,ros-one-laser-filters-jsk-patch_2.1.31-19-g5d0b67f7-2026.04.04.19.44_amd64.deb,ros-one-laser-filters-jsk-patch_2.1.31-19-g5d0b67f7-2026.04.04.19.44_amd64.files
libcmt,2.1.31-19-g5d0b67f7-2026.04.04.19.51,https://github.com/jsk-ros-pkg/jsk_3rdparty/tree/master,success,libcmt_2.1.31-19-g5d0b67f7-2026.04.04.19.51-bloom_generate.log,ros-one-libcmt_2.1.31-19-g5d0b67f7-2026.04.04.19.51_amd64-2026-04-04T19:51:47Z.build,ros-one-libcmt_2.1.31-19-g5d0b67f7-2026.04.04.19.51_amd64.deb,ros-one-libcmt_2.1.31-19-g5d0b67f7-2026.04.04.19.51_amd64.files
libsiftfast,2.1.31-19-g5d0b67f7-2026.04.04.19.59,https://github.com/jsk-ros-pkg/jsk_3rdparty/tree/master,success,libsiftfast_2.1.31-19-g5d0b67f7-2026.04.04.19.59-bloom_generate.log,ros-one-libsiftfast_2.1.31-19-g5d0b67f7-2026.04.04.19.59_amd64-2026-04-04T19:59:14Z.build,ros-one-libsiftfast_2.1.31-19-g5d0b67f7-2026.04.04.19.59_amd64.deb,ros-one-libsiftfast_2.1.31-19-g5d0b67f7-2026.04.04.19.59_amd64.files
lpg_planner,2.1.31-19-g5d0b67f7-2026.04.04.20.06,https://github.com/jsk-ros-pkg/jsk_3rdparty/tree/master,failed-sbuild,lpg_planner_2.1.31-19-g5d0b67f7-2026.04.04.20.06-bloom_generate.log,ros-one-lpg-planner_2.1.31-19-g5d0b67f7-2026.04.04.20.06_amd64-2026-04-04T20:06:30Z.build,,
mini_maxwell,2.1.31-19-g5d0b67f7-2026.04.04.20.13,https://github.com/jsk-ros-pkg/jsk_3rdparty/tree/master,success,mini_maxwell_2.1.31-19-g5d0b67f7-2026.04.04.20.13-bloom_generate.log,ros-one-mini-maxwell_2.1.31-19-g5d0b67f7-2026.04.04.20.13_amd64-2026-04-04T20:13:11Z.build,ros-one-mini-maxwell_2.1.31-19-g5d0b67f7-2026.04.04.20.13_amd64.deb,ros-one-mini-maxwell_2.1.31-19-g5d0b67f7-2026.04.04.20.13_amd64.files
nfc_ros,2.1.31-19-g5d0b67f7-2026.04.04.20.20,https://github.com/jsk-ros-pkg/jsk_3rdparty/tree/master,success,nfc_ros_2.1.31-19-g5d0b67f7-2026.04.04.20.20-bloom_generate.log,ros-one-nfc-ros_2.1.31-19-g5d0b67f7-2026.04.04.20.20_amd64-2026-04-04T20:20:03Z.build,ros-one-nfc-ros_2.1.31-19-g5d0b67f7-2026.04.04.20.20_amd64.deb,ros-one-nfc-ros_2.1.31-19-g5d0b67f7-2026.04.04.20.20_amd64.files
nlopt,2.1.31-19-g5d0b67f7-2026.04.04.20.27,https://github.com/jsk-ros-pkg/jsk_3rdparty/tree/master,success,nlopt_2.1.31-19-g5d0b67f7-2026.04.04.20.27-bloom_generate.log,ros-one-nlopt_2.1.31-19-g5d0b67f7-2026.04.04.20.27_amd64-2026-04-04T20:27:14Z.build,ros-one-nlopt_2.1.31-19-g5d0b67f7-2026.04.04.20.27_amd64.deb,ros-one-nlopt_2.1.31-19-g5d0b67f7-2026.04.04.20.27_amd64.files
opt_camera,2.1.31-19-g5d0b67f7-2026.04.04.20.34,https://github.com/jsk-ros-pkg/jsk_3rdparty/tree/master,success,opt_camera_2.1.31-19-g5d0b67f7-2026.04.04.20.34-bloom_generate.log,ros-one-opt-camera_2.1.31-19-g5d0b67f7-2026.04.04.20.34_amd64-2026-04-04T20:34:38Z.build,ros-one-opt-camera_2.1.31-19-g5d0b67f7-2026.04.04.20.34_amd64.deb,ros-one-opt-camera_2.1.31-19-g5d0b67f7-2026.04.04.20.34_amd64.files
osqp,2.1.31-19-g5d0b67f7-2026.04.04.20.42,https://github.com/jsk-ros-pkg/jsk_3rdparty/tree/master,success,osqp_2.1.31-19-g5d0b67f7-2026.04.04.20.42-bloom_generate.log,ros-one-osqp_2.1.31-19-g5d0b67f7-2026.04.04.20.42_amd64-2026-04-04T20:42:21Z.build,ros-one-osqp_2.1.31-19-g5d0b67f7-2026.04.04.20.42_amd64.deb,ros-one-osqp_2.1.31-19-g5d0b67f7-2026.04.04.20.42_amd64.files
pgm_learner,2.1.31-19-g5d0b67f7-2026.04.04.20.48,https://github.com/jsk-ros-pkg/jsk_3rdparty/tree/master,success,pgm_learner_2.1.31-19-g5d0b67f7-2026.04.04.20.48-bloom_generate.log,ros-one-pgm-learner_2.1.31-19-g5d0b67f7-2026.04.04.20.48_amd64-2026-04-04T20:49:00Z.build,ros-one-pgm-learner_2.1.31-19-g5d0b67f7-2026.04.04.20.48_amd64.deb,ros-one-pgm-learner_2.1.31-19-g5d0b67f7-2026.04.04.20.48_amd64.files
respeaker_ros,2.1.31-19-g5d0b67f7-2026.04.04.20.55,https://github.com/jsk-ros-pkg/jsk_3rdparty/tree/master,failed-sbuild,respeaker_ros_2.1.31-19-g5d0b67f7-2026.04.04.20.55-bloom_generate.log,ros-one-respeaker-ros_2.1.31-19-g5d0b67f7-2026.04.04.20.55_amd64-2026-04-04T20:55:53Z.build,,
ros_google_cloud_language,2.1.31-19-g5d0b67f7-2026.04.04.21.03,https://github.com/jsk-ros-pkg/jsk_3rdparty/tree/master,failed-sbuild,ros_google_cloud_language_2.1.31-19-g5d0b67f7-2026.04.04.21.03-bloom_generate.log,ros-one-ros-google-cloud-language_2.1.31-19-g5d0b67f7-2026.04.04.21.03_amd64-2026-04-04T21:03:38Z.build,,
ros_speech_recognition,2.1.31-19-g5d0b67f7-2026.04.04.21.10,https://github.com/jsk-ros-pkg/jsk_3rdparty/tree/master,failed-sbuild,ros_speech_recognition_2.1.31-19-g5d0b67f7-2026.04.04.21.10-bloom_generate.log,ros-one-ros-speech-recognition_2.1.31-19-g5d0b67f7-2026.04.04.21.10_amd64-2026-04-04T21:10:29Z.build,,
rospatlite,2.1.31-19-g5d0b67f7-2026.04.04.21.18,https://github.com/jsk-ros-pkg/jsk_3rdparty/tree/master,success,rospatlite_2.1.31-19-g5d0b67f7-2026.04.04.21.18-bloom_generate.log,ros-one-rospatlite_2.1.31-19-g5d0b67f7-2026.04.04.21.18_amd64-2026-04-04T21:18:46Z.build,ros-one-rospatlite_2.1.31-19-g5d0b67f7-2026.04.04.21.18_amd64.deb,ros-one-rospatlite_2.1.31-19-g5d0b67f7-2026.04.04.21.18_amd64.files
rosping,2.1.31-19-g5d0b67f7-2026.04.04.21.25,https://github.com/jsk-ros-pkg/jsk_3rdparty/tree/master,success,rosping_2.1.31-19-g5d0b67f7-2026.04.04.21.25-bloom_generate.log,ros-one-rosping_2.1.31-19-g5d0b67f7-2026.04.04.21.25_amd64-2026-04-04T21:25:36Z.build,ros-one-rosping_2.1.31-19-g5d0b67f7-2026.04.04.21.25_amd64.deb,ros-one-rosping_2.1.31-19-g5d0b67f7-2026.04.04.21.25_amd64.files
rostwitter,2.1.31-19-g5d0b67f7-2026.04.04.21.32,https://github.com/jsk-ros-pkg/jsk_3rdparty/tree/master,success,rostwitter_2.1.31-19-g5d0b67f7-2026.04.04.21.32-bloom_generate.log,ros-one-rostwitter_2.1.31-19-g5d0b67f7-2026.04.04.21.32_amd64-2026-04-04T21:32:36Z.build,ros-one-rostwitter_2.1.31-19-g5d0b67f7-2026.04.04.21.32_amd64.deb,ros-one-rostwitter_2.1.31-19-g5d0b67f7-2026.04.04.21.32_amd64.files
sesame_ros,2.1.31-19-g5d0b67f7-2026.04.04.21.39,https://github.com/jsk-ros-pkg/jsk_3rdparty/tree/master,failed-sbuild,sesame_ros_2.1.31-19-g5d0b67f7-2026.04.04.21.39-bloom_generate.log,ros-one-sesame-ros_2.1.31-19-g5d0b67f7-2026.04.04.21.39_amd64-2026-04-04T21:39:36Z.build,,
slic,2.1.31-19-g5d0b67f7-2026.04.04.21.46,https://github.com/jsk-ros-pkg/jsk_3rdparty/tree/master,success,slic_2.1.31-19-g5d0b67f7-2026.04.04.21.46-bloom_generate.log,ros-one-slic_2.1.31-19-g5d0b67f7-2026.04.04.21.46_amd64-2026-04-04T21:46:28Z.build,ros-one-slic_2.1.31-19-g5d0b67f7-2026.04.04.21.46_amd64.deb,ros-one-slic_2.1.31-19-g5d0b67f7-2026.04.04.21.46_amd64.files
switchbot_ros,2.1.31-19-g5d0b67f7-2026.04.04.21.53,https://github.com/jsk-ros-pkg/jsk_3rdparty/tree/master,success,switchbot_ros_2.1.31-19-g5d0b67f7-2026.04.04.21.53-bloom_generate.log,ros-one-switchbot-ros_2.1.31-19-g5d0b67f7-2026.04.04.21.53_amd64-2026-04-04T21:53:35Z.build,ros-one-switchbot-ros_2.1.31-19-g5d0b67f7-2026.04.04.21.53_amd64.deb,ros-one-switchbot-ros_2.1.31-19-g5d0b67f7-2026.04.04.21.53_amd64.files
voice_text,2.1.31-19-g5d0b67f7-2026.04.04.22.00,https://github.com/jsk-ros-pkg/jsk_3rdparty/tree/master,success,voice_text_2.1.31-19-g5d0b67f7-2026.04.04.22.00-bloom_generate.log,ros-one-voice-text_2.1.31-19-g5d0b67f7-2026.04.04.22.00_amd64-2026-04-04T22:00:54Z.build,ros-one-voice-text_2.1.31-19-g5d0b67f7-2026.04.04.22.00_amd64.deb,ros-one-voice-text_2.1.31-19-g5d0b67f7-2026.04.04.22.00_amd64.files
voicevox,2.1.31-19-g5d0b67f7-2026.04.04.22.08,https://github.com/jsk-ros-pkg/jsk_3rdparty/tree/master,failed-sbuild,voicevox_2.1.31-19-g5d0b67f7-2026.04.04.22.08-bloom_generate.log,ros-one-voicevox_2.1.31-19-g5d0b67f7-2026.04.04.22.08_amd64-2026-04-04T22:08:01Z.build,,
webrtcvad_ros,2.1.31-19-g5d0b67f7-2026.04.04.22.15,https://github.com/jsk-ros-pkg/jsk_3rdparty/tree/master,success,webrtcvad_ros_2.1.31-19-g5d0b67f7-2026.04.04.22.15-bloom_generate.log,ros-one-webrtcvad-ros_2.1.31-19-g5d0b67f7-2026.04.04.22.15_amd64-2026-04-04T22:15:11Z.build,ros-one-webrtcvad-ros_2.1.31-19-g5d0b67f7-2026.04.04.22.15_amd64.deb,ros-one-webrtcvad-ros_2.1.31-19-g5d0b67f7-2026.04.04.22.15_amd64.files
zdepth,2.1.31-19-g5d0b67f7-2026.04.04.22.21,https://github.com/jsk-ros-pkg/jsk_3rdparty/tree/master,failed-sbuild,zdepth_2.1.31-19-g5d0b67f7-2026.04.04.22.21-bloom_generate.log,ros-one-zdepth_2.1.31-19-g5d0b67f7-2026.04.04.22.21_amd64-2026-04-04T22:21:55Z.build,,
zdepth_image_transport,2.1.31-19-g5d0b67f7-2026.04.04.22.28,https://github.com/jsk-ros-pkg/jsk_3rdparty/tree/master,failed-sbuild,zdepth_image_transport_2.1.31-19-g5d0b67f7-2026.04.04.22.28-bloom_generate.log,ros-one-zdepth-image-transport_2.1.31-19-g5d0b67f7-2026.04.04.22.28_amd64-2026-04-04T22:28:37Z.build,,
desktop,1.5.0-1-gbdcff9d-2026.04.04.17.47,https://github.com/ros/metapackages/tree/noetic-devel,success,desktop_1.5.0-1-gbdcff9d-2026.04.04.17.47-bloom_generate.log,ros-one-desktop_1.5.0-1-gbdcff9d-2026.04.04.17.47_amd64-2026-04-04T17:47:14Z.build,ros-one-desktop_1.5.0-1-gbdcff9d-2026.04.04.17.47_amd64.deb,ros-one-desktop_1.5.0-1-gbdcff9d-2026.04.04.17.47_amd64.files
desktop_full,1.5.0-1-gbdcff9d-2026.04.04.17.52,https://github.com/ros/metapackages/tree/noetic-devel,success,desktop_full_1.5.0-1-gbdcff9d-2026.04.04.17.52-bloom_generate.log,ros-one-desktop-full_1.5.0-1-gbdcff9d-2026.04.04.17.52_amd64-2026-04-04T17:52:56Z.build,ros-one-desktop-full_1.5.0-1-gbdcff9d-2026.04.04.17.52_amd64.deb,ros-one-desktop-full_1.5.0-1-gbdcff9d-2026.04.04.17.52_amd64.files
perception,1.5.0-1-gbdcff9d-2026.04.04.17.58,https://github.com/ros/metapackages/tree/noetic-devel,success,perception_1.5.0-1-gbdcff9d-2026.04.04.17.58-bloom_generate.log,ros-one-perception_1.5.0-1-gbdcff9d-2026.04.04.17.58_amd64-2026-04-04T17:58:36Z.build,ros-one-perception_1.5.0-1-gbdcff9d-2026.04.04.17.58_amd64.deb,ros-one-perception_1.5.0-1-gbdcff9d-2026.04.04.17.58_amd64.files
robot,1.5.0-1-gbdcff9d-2026.04.04.18.04,https://github.com/ros/metapackages/tree/noetic-devel,success,robot_1.5.0-1-gbdcff9d-2026.04.04.18.04-bloom_generate.log,ros-one-robot_1.5.0-1-gbdcff9d-2026.04.04.18.04_amd64-2026-04-04T18:04:15Z.build,ros-one-robot_1.5.0-1-gbdcff9d-2026.04.04.18.04_amd64.deb,ros-one-robot_1.5.0-1-gbdcff9d-2026.04.04.18.04_amd64.files
ros_base,1.5.0-1-gbdcff9d-2026.04.04.18.09,https://github.com/ros/metapackages/tree/noetic-devel,success,ros_base_1.5.0-1-gbdcff9d-2026.04.04.18.09-bloom_generate.log,ros-one-ros-base_1.5.0-1-gbdcff9d-2026.04.04.18.09_amd64-2026-04-04T18:10:00Z.build,ros-one-ros-base_1.5.0-1-gbdcff9d-2026.04.04.18.09_amd64.deb,ros-one-ros-base_1.5.0-1-gbdcff9d-2026.04.04.18.09_amd64.files
ros_core,1.5.0-1-gbdcff9d-2026.04.04.18.15,https://github.com/ros/metapackages/tree/noetic-devel,success,ros_core_1.5.0-1-gbdcff9d-2026.04.04.18.15-bloom_generate.log,ros-one-ros-core_1.5.0-1-gbdcff9d-2026.04.04.18.15_amd64-2026-04-04T18:15:44Z.build,ros-one-ros-core_1.5.0-1-gbdcff9d-2026.04.04.18.15_amd64.deb,ros-one-ros-core_1.5.0-1-gbdcff9d-2026.04.04.18.15_amd64.files
rtabmap_costmap_plugins,0.21.13-noetic-2-g728421cc-2026.04.04.18.21,https://github.com/ros-o/rtabmap_ros/tree/obese-devel,success,rtabmap_costmap_plugins_0.21.13-noetic-2-g728421cc-2026.04.04.18.21-bloom_generate.log,ros-one-rtabmap-costmap-plugins_0.21.13-noetic-2-g728421cc-2026.04.04.18.21_amd64-2026-04-04T18:21:31Z.build,ros-one-rtabmap-costmap-plugins_0.21.13-noetic-2-g728421cc-2026.04.04.18.21_amd64.deb,ros-one-rtabmap-costmap-plugins_0.21.13-noetic-2-g728421cc-2026.04.04.18.21_amd64.files
rtabmap_launch,0.21.13-noetic-2-g728421cc-2026.04.04.18.28,https://github.com/ros-o/rtabmap_ros/tree/obese-devel,success,rtabmap_launch_0.21.13-noetic-2-g728421cc-2026.04.04.18.28-bloom_generate.log,ros-one-rtabmap-launch_0.21.13-noetic-2-g728421cc-2026.04.04.18.28_amd64-2026-04-04T18:28:29Z.build,ros-one-rtabmap-launch_0.21.13-noetic-2-g728421cc-2026.04.04.18.28_amd64.deb,ros-one-rtabmap-launch_0.21.13-noetic-2-g728421cc-2026.04.04.18.28_amd64.files
rtabmap_msgs,0.21.13-noetic-2-g728421cc-2026.04.04.18.34,https://github.com/ros-o/rtabmap_ros/tree/obese-devel,success,rtabmap_msgs_0.21.13-noetic-2-g728421cc-2026.04.04.18.34-bloom_generate.log,ros-one-rtabmap-msgs_0.21.13-noetic-2-g728421cc-2026.04.04.18.34_amd64-2026-04-04T18:34:12Z.build,ros-one-rtabmap-msgs_0.21.13-noetic-2-g728421cc-2026.04.04.18.34_amd64.deb,ros-one-rtabmap-msgs_0.21.13-noetic-2-g728421cc-2026.04.04.18.34_amd64.files
rtabmap_conversions,0.21.13-noetic-2-g728421cc-2026.04.04.18.40,https://github.com/ros-o/rtabmap_ros/tree/obese-devel,success,rtabmap_conversions_0.21.13-noetic-2-g728421cc-2026.04.04.18.40-bloom_generate.log,ros-one-rtabmap-conversions_0.21.13-noetic-2-g728421cc-2026.04.04.18.40_amd64-2026-04-04T18:40:13Z.build,ros-one-rtabmap-conversions_0.21.13-noetic-2-g728421cc-2026.04.04.18.40_amd64.deb,ros-one-rtabmap-conversions_0.21.13-noetic-2-g728421cc-2026.04.04.18.40_amd64.files
rtabmap_demos,0.21.13-noetic-2-g728421cc-2026.04.04.18.47,https://github.com/ros-o/rtabmap_ros/tree/obese-devel,success,rtabmap_demos_0.21.13-noetic-2-g728421cc-2026.04.04.18.47-bloom_generate.log,ros-one-rtabmap-demos_0.21.13-noetic-2-g728421cc-2026.04.04.18.47_amd64-2026-04-04T18:47:42Z.build,ros-one-rtabmap-demos_0.21.13-noetic-2-g728421cc-2026.04.04.18.47_amd64.deb,ros-one-rtabmap-demos_0.21.13-noetic-2-g728421cc-2026.04.04.18.47_amd64.files
rtabmap_examples,0.21.13-noetic-2-g728421cc-2026.04.04.18.55,https://github.com/ros-o/rtabmap_ros/tree/obese-devel,success,rtabmap_examples_0.21.13-noetic-2-g728421cc-2026.04.04.18.55-bloom_generate.log,ros-one-rtabmap-examples_0.21.13-noetic-2-g728421cc-2026.04.04.18.55_amd64-2026-04-04T18:55:05Z.build,ros-one-rtabmap-examples_0.21.13-noetic-2-g728421cc-2026.04.04.18.55_amd64.deb,ros-one-rtabmap-examples_0.21.13-noetic-2-g728421cc-2026.04.04.18.55_amd64.files
rtabmap_python,0.21.13-noetic-2-g728421cc-2026.04.04.19.02,https://github.com/ros-o/rtabmap_ros/tree/obese-devel,success,rtabmap_python_0.21.13-noetic-2-g728421cc-2026.04.04.19.02-bloom_generate.log,ros-one-rtabmap-python_0.21.13-noetic-2-g728421cc-2026.04.04.19.02_amd64-2026-04-04T19:02:19Z.build,ros-one-rtabmap-python_0.21.13-noetic-2-g728421cc-2026.04.04.19.02_amd64.deb,ros-one-rtabmap-python_0.21.13-noetic-2-g728421cc-2026.04.04.19.02_amd64.files
rtabmap_ros,0.21.13-noetic-2-g728421cc-2026.04.04.19.08,https://github.com/ros-o/rtabmap_ros/tree/obese-devel,success,rtabmap_ros_0.21.13-noetic-2-g728421cc-2026.04.04.19.08-bloom_generate.log,ros-one-rtabmap-ros_0.21.13-noetic-2-g728421cc-2026.04.04.19.08_amd64-2026-04-04T19:08:13Z.build,ros-one-rtabmap-ros_0.21.13-noetic-2-g728421cc-2026.04.04.19.08_amd64.deb,ros-one-rtabmap-ros_0.21.13-noetic-2-g728421cc-2026.04.04.19.08_amd64.files
rtabmap_rviz_plugins,0.21.13-noetic-2-g728421cc-2026.04.04.19.13,https://github.com/ros-o/rtabmap_ros/tree/obese-devel,success,rtabmap_rviz_plugins_0.21.13-noetic-2-g728421cc-2026.04.04.19.13-bloom_generate.log,ros-one-rtabmap-rviz-plugins_0.21.13-noetic-2-g728421cc-2026.04.04.19.13_amd64-2026-04-04T19:13:55Z.build,ros-one-rtabmap-rviz-plugins_0.21.13-noetic-2-g728421cc-2026.04.04.19.13_amd64.deb,ros-one-rtabmap-rviz-plugins_0.21.13-noetic-2-g728421cc-2026.04.04.19.13_amd64.files
rtabmap_sync,0.21.13-noetic-2-g728421cc-2026.04.04.19.21,https://github.com/ros-o/rtabmap_ros/tree/obese-devel,success,rtabmap_sync_0.21.13-noetic-2-g728421cc-2026.04.04.19.21-bloom_generate.log,ros-one-rtabmap-sync_0.21.13-noetic-2-g728421cc-2026.04.04.19.21_amd64-2026-04-04T19:21:38Z.build,ros-one-rtabmap-sync_0.21.13-noetic-2-g728421cc-2026.04.04.19.21_amd64.deb,ros-one-rtabmap-sync_0.21.13-noetic-2-g728421cc-2026.04.04.19.21_amd64.files
rtabmap_util,0.21.13-noetic-2-g728421cc-2026.04.04.19.32,https://github.com/ros-o/rtabmap_ros/tree/obese-devel,success,rtabmap_util_0.21.13-noetic-2-g728421cc-2026.04.04.19.32-bloom_generate.log,ros-one-rtabmap-util_0.21.13-noetic-2-g728421cc-2026.04.04.19.32_amd64-2026-04-04T19:32:01Z.build,ros-one-rtabmap-util_0.21.13-noetic-2-g728421cc-2026.04.04.19.32_amd64.deb,ros-one-rtabmap-util_0.21.13-noetic-2-g728421cc-2026.04.04.19.32_amd64.files
rtabmap_legacy,0.21.13-noetic-2-g728421cc-2026.04.04.19.41,https://github.com/ros-o/rtabmap_ros/tree/obese-devel,success,rtabmap_legacy_0.21.13-noetic-2-g728421cc-2026.04.04.19.41-bloom_generate.log,ros-one-rtabmap-legacy_0.21.13-noetic-2-g728421cc-2026.04.04.19.41_amd64-2026-04-04T19:41:41Z.build,ros-one-rtabmap-legacy_0.21.13-noetic-2-g728421cc-2026.04.04.19.41_amd64.deb,ros-one-rtabmap-legacy_0.21.13-noetic-2-g728421cc-2026.04.04.19.41_amd64.files
rtabmap_odom,0.21.13-noetic-2-g728421cc-2026.04.04.19.49,https://github.com/ros-o/rtabmap_ros/tree/obese-devel,success,rtabmap_odom_0.21.13-noetic-2-g728421cc-2026.04.04.19.49-bloom_generate.log,ros-one-rtabmap-odom_0.21.13-noetic-2-g728421cc-2026.04.04.19.49_amd64-2026-04-04T19:49:28Z.build,ros-one-rtabmap-odom_0.21.13-noetic-2-g728421cc-2026.04.04.19.49_amd64.deb,ros-one-rtabmap-odom_0.21.13-noetic-2-g728421cc-2026.04.04.19.49_amd64.files
rtabmap_slam,0.21.13-noetic-2-g728421cc-2026.04.04.19.57,https://github.com/ros-o/rtabmap_ros/tree/obese-devel,success,rtabmap_slam_0.21.13-noetic-2-g728421cc-2026.04.04.19.57-bloom_generate.log,ros-one-rtabmap-slam_0.21.13-noetic-2-g728421cc-2026.04.04.19.57_amd64-2026-04-04T19:57:57Z.build,ros-one-rtabmap-slam_0.21.13-noetic-2-g728421cc-2026.04.04.19.57_amd64.deb,ros-one-rtabmap-slam_0.21.13-noetic-2-g728421cc-2026.04.04.19.57_amd64.files
rtabmap_viz,0.21.13-noetic-2-g728421cc-2026.04.04.20.05,https://github.com/ros-o/rtabmap_ros/tree/obese-devel,success,rtabmap_viz_0.21.13-noetic-2-g728421cc-2026.04.04.20.05-bloom_generate.log,ros-one-rtabmap-viz_0.21.13-noetic-2-g728421cc-2026.04.04.20.05_amd64-2026-04-04T20:05:52Z.build,ros-one-rtabmap-viz_0.21.13-noetic-2-g728421cc-2026.04.04.20.05_amd64.deb,ros-one-rtabmap-viz_0.21.13-noetic-2-g728421cc-2026.04.04.20.05_amd64.files
simulators,1.5.0-1-gbdcff9d-2026.04.04.20.13,https://github.com/ros/metapackages/tree/noetic-devel,success,simulators_1.5.0-1-gbdcff9d-2026.04.04.20.13-bloom_generate.log,ros-one-simulators_1.5.0-1-gbdcff9d-2026.04.04.20.13_amd64-2026-04-04T20:13:29Z.build,ros-one-simulators_1.5.0-1-gbdcff9d-2026.04.04.20.13_amd64.deb,ros-one-simulators_1.5.0-1-gbdcff9d-2026.04.04.20.13_amd64.files
ur_dashboard_msgs,2.4.1-6-g187ea8f-2026.04.04.20.19,https://github.com/UniversalRobots/Universal_Robots_ROS_Driver/tree/master,success,ur_dashboard_msgs_2.4.1-6-g187ea8f-2026.04.04.20.19-bloom_generate.log,ros-one-ur-dashboard-msgs_2.4.1-6-g187ea8f-2026.04.04.20.19_amd64-2026-04-04T20:19:14Z.build,ros-one-ur-dashboard-msgs_2.4.1-6-g187ea8f-2026.04.04.20.19_amd64.deb,ros-one-ur-dashboard-msgs_2.4.1-6-g187ea8f-2026.04.04.20.19_amd64.files
ur_robot_driver,2.4.1-6-g187ea8f-2026.04.04.20.25,https://github.com/UniversalRobots/Universal_Robots_ROS_Driver/tree/master,success,ur_robot_driver_2.4.1-6-g187ea8f-2026.04.04.20.25-bloom_generate.log,ros-one-ur-robot-driver_2.4.1-6-g187ea8f-2026.04.04.20.25_amd64-2026-04-04T20:25:08Z.build,ros-one-ur-robot-driver_2.4.1-6-g187ea8f-2026.04.04.20.25_amd64.deb,ros-one-ur-robot-driver_2.4.1-6-g187ea8f-2026.04.04.20.25_amd64.files
ur_calibration,2.4.1-6-g187ea8f-2026.04.04.20.32,https://github.com/UniversalRobots/Universal_Robots_ROS_Driver/tree/master,success,ur_calibration_2.4.1-6-g187ea8f-2026.04.04.20.32-bloom_generate.log,ros-one-ur-calibration_2.4.1-6-g187ea8f-2026.04.04.20.32_amd64-2026-04-04T20:32:09Z.build,ros-one-ur-calibration_2.4.1-6-g187ea8f-2026.04.04.20.32_amd64.deb,ros-one-ur-calibration_2.4.1-6-g187ea8f-2026.04.04.20.32_amd64.files
viz,1.5.0-1-gbdcff9d-2026.04.04.20.38,https://github.com/ros/metapackages/tree/noetic-devel,success,viz_1.5.0-1-gbdcff9d-2026.04.04.20.38-bloom_generate.log,ros-one-viz_1.5.0-1-gbdcff9d-2026.04.04.20.38_amd64-2026-04-04T20:38:49Z.build,ros-one-viz_1.5.0-1-gbdcff9d-2026.04.04.20.38_amd64.deb,ros-one-viz_1.5.0-1-gbdcff9d-2026.04.04.20.38_amd64.files
audio_to_spectrogram,1.2.17-145-gb3033d7d-2026.04.04.22.38,https://github.com/ros-o/jsk_recognition/tree/obese-devel,success,audio_to_spectrogram_1.2.17-145-gb3033d7d-2026.04.04.22.38-bloom_generate.log,ros-one-audio-to-spectrogram_1.2.17-145-gb3033d7d-2026.04.04.22.38_amd64-2026-04-04T22:38:38Z.build,ros-one-audio-to-spectrogram_1.2.17-145-gb3033d7d-2026.04.04.22.38_amd64.deb,ros-one-audio-to-spectrogram_1.2.17-145-gb3033d7d-2026.04.04.22.38_amd64.files
depth_image_publisher,1.2.17-145-gb3033d7d-2026.04.04.22.45,https://github.com/ros-o/jsk_recognition/tree/obese-devel,success,depth_image_publisher_1.2.17-145-gb3033d7d-2026.04.04.22.45-bloom_generate.log,ros-one-depth-image-publisher_1.2.17-145-gb3033d7d-2026.04.04.22.45_amd64-2026-04-04T22:45:55Z.build,ros-one-depth-image-publisher_1.2.17-145-gb3033d7d-2026.04.04.22.45_amd64.deb,ros-one-depth-image-publisher_1.2.17-145-gb3033d7d-2026.04.04.22.45_amd64.files
jsk_recognition,1.2.17-145-gb3033d7d-2026.04.04.22.53,https://github.com/ros-o/jsk_recognition/tree/obese-devel,success,jsk_recognition_1.2.17-145-gb3033d7d-2026.04.04.22.53-bloom_generate.log,ros-one-jsk-recognition_1.2.17-145-gb3033d7d-2026.04.04.22.53_amd64-2026-04-04T22:53:51Z.build,ros-one-jsk-recognition_1.2.17-145-gb3033d7d-2026.04.04.22.53_amd64.deb,ros-one-jsk-recognition_1.2.17-145-gb3033d7d-2026.04.04.22.53_amd64.files
jsk_recognition_msgs,1.2.17-145-gb3033d7d-2026.04.04.23.00,https://github.com/ros-o/jsk_recognition/tree/obese-devel,success,jsk_recognition_msgs_1.2.17-145-gb3033d7d-2026.04.04.23.00-bloom_generate.log,ros-one-jsk-recognition-msgs_1.2.17-145-gb3033d7d-2026.04.04.23.00_amd64-2026-04-04T23:00:56Z.build,ros-one-jsk-recognition-msgs_1.2.17-145-gb3033d7d-2026.04.04.23.00_amd64.deb,ros-one-jsk-recognition-msgs_1.2.17-145-gb3033d7d-2026.04.04.23.00_amd64.files
checkerboard_detector,1.2.17-145-gb3033d7d-2026.04.04.23.08,https://github.com/ros-o/jsk_recognition/tree/obese-devel,success,checkerboard_detector_1.2.17-145-gb3033d7d-2026.04.04.23.08-bloom_generate.log,ros-one-checkerboard-detector_1.2.17-145-gb3033d7d-2026.04.04.23.08_amd64-2026-04-04T23:08:36Z.build,ros-one-checkerboard-detector_1.2.17-145-gb3033d7d-2026.04.04.23.08_amd64.deb,ros-one-checkerboard-detector_1.2.17-145-gb3033d7d-2026.04.04.23.08_amd64.files
jsk_recognition_utils,1.2.17-145-gb3033d7d-2026.04.04.23.16,https://github.com/ros-o/jsk_recognition/tree/obese-devel,success,jsk_recognition_utils_1.2.17-145-gb3033d7d-2026.04.04.23.16-bloom_generate.log,ros-one-jsk-recognition-utils_1.2.17-145-gb3033d7d-2026.04.04.23.16_amd64-2026-04-04T23:16:50Z.build,ros-one-jsk-recognition-utils_1.2.17-145-gb3033d7d-2026.04.04.23.16_amd64.deb,ros-one-jsk-recognition-utils_1.2.17-145-gb3033d7d-2026.04.04.23.16_amd64.files
imagesift,1.2.17-145-gb3033d7d-2026.04.04.23.28,https://github.com/ros-o/jsk_recognition/tree/obese-devel,success,imagesift_1.2.17-145-gb3033d7d-2026.04.04.23.28-bloom_generate.log,ros-one-imagesift_1.2.17-145-gb3033d7d-2026.04.04.23.28_amd64-2026-04-04T23:28:08Z.build,ros-one-imagesift_1.2.17-145-gb3033d7d-2026.04.04.23.28_amd64.deb,ros-one-imagesift_1.2.17-145-gb3033d7d-2026.04.04.23.28_amd64.files
jsk_roseus,1.7.5-102-g71bc6fd-2026.04.04.23.37,https://github.com/jsk-ros-pkg/jsk_roseus/tree/master,success,jsk_roseus_1.7.5-102-g71bc6fd-2026.04.04.23.37-bloom_generate.log,ros-one-jsk-roseus_1.7.5-102-g71bc6fd-2026.04.04.23.37_amd64-2026-04-04T23:37:40Z.build,ros-one-jsk-roseus_1.7.5-102-g71bc6fd-2026.04.04.23.37_amd64.deb,ros-one-jsk-roseus_1.7.5-102-g71bc6fd-2026.04.04.23.37_amd64.files
jsk_rqt_plugins,2.1.8-103-g2f3a799-2026.04.04.23.44,https://github.com/ros-o/jsk_visualization/tree/obese-devel,success,jsk_rqt_plugins_2.1.8-103-g2f3a799-2026.04.04.23.44-bloom_generate.log,ros-one-jsk-rqt-plugins_2.1.8-103-g2f3a799-2026.04.04.23.44_amd64-2026-04-04T23:44:47Z.build,ros-one-jsk-rqt-plugins_2.1.8-103-g2f3a799-2026.04.04.23.44_amd64.deb,ros-one-jsk-rqt-plugins_2.1.8-103-g2f3a799-2026.04.04.23.44_amd64.files
jsk_rviz_plugins,2.1.8-103-g2f3a799-2026.04.04.23.53,https://github.com/ros-o/jsk_visualization/tree/obese-devel,success,jsk_rviz_plugins_2.1.8-103-g2f3a799-2026.04.04.23.53-bloom_generate.log,ros-one-jsk-rviz-plugins_2.1.8-103-g2f3a799-2026.04.04.23.53_amd64-2026-04-04T23:53:04Z.build,ros-one-jsk-rviz-plugins_2.1.8-103-g2f3a799-2026.04.04.23.53_amd64.deb,ros-one-jsk-rviz-plugins_2.1.8-103-g2f3a799-2026.04.04.23.53_amd64.files
jsk_visualization,2.1.8-103-g2f3a799-2026.04.05.00.09,https://github.com/ros-o/jsk_visualization/tree/obese-devel,success,jsk_visualization_2.1.8-103-g2f3a799-2026.04.05.00.09-bloom_generate.log,ros-one-jsk-visualization_2.1.8-103-g2f3a799-2026.04.05.00.09_amd64-2026-04-05T00:09:11Z.build,ros-one-jsk-visualization_2.1.8-103-g2f3a799-2026.04.05.00.09_amd64.deb,ros-one-jsk-visualization_2.1.8-103-g2f3a799-2026.04.05.00.09_amd64.files
resized_image_transport,1.2.17-145-gb3033d7d-2026.04.05.00.16,https://github.com/ros-o/jsk_recognition/tree/obese-devel,success,resized_image_transport_1.2.17-145-gb3033d7d-2026.04.05.00.16-bloom_generate.log,ros-one-resized-image-transport_1.2.17-145-gb3033d7d-2026.04.05.00.16_amd64-2026-04-05T00:16:17Z.build,ros-one-resized-image-transport_1.2.17-145-gb3033d7d-2026.04.05.00.16_amd64.deb,ros-one-resized-image-transport_1.2.17-145-gb3033d7d-2026.04.05.00.16_amd64.files
roseus,1.7.5-102-g71bc6fd-2026.04.05.00.24,https://github.com/jsk-ros-pkg/jsk_roseus/tree/master,success,roseus_1.7.5-102-g71bc6fd-2026.04.05.00.24-bloom_generate.log,ros-one-roseus_1.7.5-102-g71bc6fd-2026.04.05.00.24_amd64-2026-04-05T00:24:46Z.build,ros-one-roseus_1.7.5-102-g71bc6fd-2026.04.05.00.24_amd64.deb,ros-one-roseus_1.7.5-102-g71bc6fd-2026.04.05.00.24_amd64.files
jsk_interactive_marker,2.1.8-103-g2f3a799-2026.04.05.00.32,https://github.com/ros-o/jsk_visualization/tree/obese-devel,success,jsk_interactive_marker_2.1.8-103-g2f3a799-2026.04.05.00.32-bloom_generate.log,ros-one-jsk-interactive-marker_2.1.8-103-g2f3a799-2026.04.05.00.32_amd64-2026-04-05T00:32:36Z.build,ros-one-jsk-interactive-marker_2.1.8-103-g2f3a799-2026.04.05.00.32_amd64.deb,ros-one-jsk-interactive-marker_2.1.8-103-g2f3a799-2026.04.05.00.32_amd64.files
jsk_interactive,2.1.8-103-g2f3a799-2026.04.05.00.44,https://github.com/ros-o/jsk_visualization/tree/obese-devel,success,jsk_interactive_2.1.8-103-g2f3a799-2026.04.05.00.44-bloom_generate.log,ros-one-jsk-interactive_2.1.8-103-g2f3a799-2026.04.05.00.44_amd64-2026-04-05T00:44:26Z.build,ros-one-jsk-interactive_2.1.8-103-g2f3a799-2026.04.05.00.44_amd64.deb,ros-one-jsk-interactive_2.1.8-103-g2f3a799-2026.04.05.00.44_amd64.files
jsk_interactive_test,2.1.8-103-g2f3a799-2026.04.05.00.53,https://github.com/ros-o/jsk_visualization/tree/obese-devel,success,jsk_interactive_test_2.1.8-103-g2f3a799-2026.04.05.00.53-bloom_generate.log,ros-one-jsk-interactive-test_2.1.8-103-g2f3a799-2026.04.05.00.53_amd64-2026-04-05T00:53:51Z.build,ros-one-jsk-interactive-test_2.1.8-103-g2f3a799-2026.04.05.00.53_amd64.deb,ros-one-jsk-interactive-test_2.1.8-103-g2f3a799-2026.04.05.00.53_amd64.files
jsk_perception,1.2.17-145-gb3033d7d-2026.04.05.01.02,https://github.com/ros-o/jsk_recognition/tree/obese-devel,success,jsk_perception_1.2.17-145-gb3033d7d-2026.04.05.01.02-bloom_generate.log,ros-one-jsk-perception_1.2.17-145-gb3033d7d-2026.04.05.01.02_amd64-2026-04-05T01:02:49Z.build,ros-one-jsk-perception_1.2.17-145-gb3033d7d-2026.04.05.01.02_amd64.deb,ros-one-jsk-perception_1.2.17-145-gb3033d7d-2026.04.05.01.02_amd64.files
jsk_pcl_ros_utils,1.2.17-145-gb3033d7d-2026.04.05.01.21,https://github.com/ros-o/jsk_recognition/tree/obese-devel,success,jsk_pcl_ros_utils_1.2.17-145-gb3033d7d-2026.04.05.01.21-bloom_generate.log,ros-one-jsk-pcl-ros-utils_1.2.17-145-gb3033d7d-2026.04.05.01.21_amd64-2026-04-05T01:21:05Z.build,ros-one-jsk-pcl-ros-utils_1.2.17-145-gb3033d7d-2026.04.05.01.21_amd64.deb,ros-one-jsk-pcl-ros-utils_1.2.17-145-gb3033d7d-2026.04.05.01.21_amd64.files
jsk_pcl_ros,1.2.17-145-gb3033d7d-2026.04.05.01.39,https://github.com/ros-o/jsk_recognition/tree/obese-devel,success,jsk_pcl_ros_1.2.17-145-gb3033d7d-2026.04.05.01.39-bloom_generate.log,ros-one-jsk-pcl-ros_1.2.17-145-gb3033d7d-2026.04.05.01.39_amd64-2026-04-05T01:39:35Z.build,ros-one-jsk-pcl-ros_1.2.17-145-gb3033d7d-2026.04.05.01.39_amd64.deb,ros-one-jsk-pcl-ros_1.2.17-145-gb3033d7d-2026.04.05.01.39_amd64.files
roseus_mongo,1.7.5-102-g71bc6fd-2026.04.05.02.11,https://github.com/jsk-ros-pkg/jsk_roseus/tree/master,success,roseus_mongo_1.7.5-102-g71bc6fd-2026.04.05.02.11-bloom_generate.log,ros-one-roseus-mongo_1.7.5-102-g71bc6fd-2026.04.05.02.11_amd64-2026-04-05T02:11:21Z.build,ros-one-roseus-mongo_1.7.5-102-g71bc6fd-2026.04.05.02.11_amd64.deb,ros-one-roseus-mongo_1.7.5-102-g71bc6fd-2026.04.05.02.11_amd64.files
roseus_smach,1.7.5-102-g71bc6fd-2026.04.05.02.19,https://github.com/jsk-ros-pkg/jsk_roseus/tree/master,success,roseus_smach_1.7.5-102-g71bc6fd-2026.04.05.02.19-bloom_generate.log,ros-one-roseus-smach_1.7.5-102-g71bc6fd-2026.04.05.02.19_amd64-2026-04-05T02:19:05Z.build,ros-one-roseus-smach_1.7.5-102-g71bc6fd-2026.04.05.02.19_amd64.deb,ros-one-roseus-smach_1.7.5-102-g71bc6fd-2026.04.05.02.19_amd64.files
roseus_tutorials,1.7.5-102-g71bc6fd-2026.04.05.02.26,https://github.com/jsk-ros-pkg/jsk_roseus/tree/master,success,roseus_tutorials_1.7.5-102-g71bc6fd-2026.04.05.02.26-bloom_generate.log,ros-one-roseus-tutorials_1.7.5-102-g71bc6fd-2026.04.05.02.26_amd64-2026-04-05T02:26:47Z.build,ros-one-roseus-tutorials_1.7.5-102-g71bc6fd-2026.04.05.02.26_amd64.deb,ros-one-roseus-tutorials_1.7.5-102-g71bc6fd-2026.04.05.02.26_amd64.files
eus_assimp,0.4.5-39-g8a5b2cd-2026.04.05.02.39,https://github.com/jsk-ros-pkg/jsk_model_tools/tree/master,success,eus_assimp_0.4.5-39-g8a5b2cd-2026.04.05.02.39-bloom_generate.log,ros-one-eus-assimp_0.4.5-39-g8a5b2cd-2026.04.05.02.39_amd64-2026-04-05T02:39:14Z.build,ros-one-eus-assimp_0.4.5-39-g8a5b2cd-2026.04.05.02.39_amd64.deb,ros-one-eus-assimp_0.4.5-39-g8a5b2cd-2026.04.05.02.39_amd64.files
euscollada,0.4.5-39-g8a5b2cd-2026.04.05.02.46,https://github.com/jsk-ros-pkg/jsk_model_tools/tree/master,success,euscollada_0.4.5-39-g8a5b2cd-2026.04.05.02.46-bloom_generate.log,ros-one-euscollada_0.4.5-39-g8a5b2cd-2026.04.05.02.46_amd64-2026-04-05T02:46:51Z.build,ros-one-euscollada_0.4.5-39-g8a5b2cd-2026.04.05.02.46_amd64.deb,ros-one-euscollada_0.4.5-39-g8a5b2cd-2026.04.05.02.46_amd64.files
eusurdf,0.4.5-39-g8a5b2cd-2026.04.05.02.54,https://github.com/jsk-ros-pkg/jsk_model_tools/tree/master,failed-sbuild,eusurdf_0.4.5-39-g8a5b2cd-2026.04.05.02.54-bloom_generate.log,ros-one-eusurdf_0.4.5-39-g8a5b2cd-2026.04.05.02.54_amd64-2026-04-05T02:54:57Z.build,,
jsk_model_tools,0.4.5-39-g8a5b2cd-2026.04.05.03.01,https://github.com/jsk-ros-pkg/jsk_model_tools/tree/master,success,jsk_model_tools_0.4.5-39-g8a5b2cd-2026.04.05.03.01-bloom_generate.log,ros-one-jsk-model-tools_0.4.5-39-g8a5b2cd-2026.04.05.03.01_amd64-2026-04-05T03:01:41Z.build,ros-one-jsk-model-tools_0.4.5-39-g8a5b2cd-2026.04.05.03.01_amd64.deb,ros-one-jsk-model-tools_0.4.5-39-g8a5b2cd-2026.04.05.03.01_amd64.files
urdf_mesh_converter,0.4.5-39-g8a5b2cd-2026.04.05.03.08,https://github.com/jsk-ros-pkg/jsk_model_tools/tree/master,success,urdf_mesh_converter_0.4.5-39-g8a5b2cd-2026.04.05.03.08-bloom_generate.log,ros-one-urdf-mesh-converter_0.4.5-39-g8a5b2cd-2026.04.05.03.08_amd64-2026-04-05T03:08:59Z.build,ros-one-urdf-mesh-converter_0.4.5-39-g8a5b2cd-2026.04.05.03.08_amd64.deb,ros-one-urdf-mesh-converter_0.4.5-39-g8a5b2cd-2026.04.05.03.08_amd64.files
